filename,class,split,relative_path,signer,open_set_role
Signer_13_A356.mov,Agreement,test,Agreement/Signer_13_A356.mov,13,known_test
Signer_13_A357.mov,Agreement,test,Agreement/Signer_13_A357.mov,13,known_test
Signer_13_A358.mov,Agreement,test,Agreement/Signer_13_A358.mov,13,known_test
Signer_13_A359.mov,Agreement,test,Agreement/Signer_13_A359.mov,13,known_test
Signer_13_A360.mov,Agreement,test,Agreement/Signer_13_A360.mov,13,known_test
Signer_14_A506.mov,Agreement,test,Agreement/Signer_14_A506.mov,14,known_test
Signer_14_A507.mov,Agreement,test,Agreement/Signer_14_A507.mov,14,known_test
Signer_14_A508.mov,Agreement,test,Agreement/Signer_14_A508.mov,14,known_test
Signer_14_A509.mov,Agreement,test,Agreement/Signer_14_A509.mov,14,known_test
Signer_14_A510.mov,Agreement,test,Agreement/Signer_14_A510.mov,14,known_test
Signer_15_A656.mov,Agreement,test,Agreement/Signer_15_A656.mov,15,known_test
Signer_15_A657.mov,Agreement,test,Agreement/Signer_15_A657.mov,15,known_test
Signer_15_A658.mov,Agreement,test,Agreement/Signer_15_A658.mov,15,known_test
Signer_15_A659.mov,Agreement,test,Agreement/Signer_15_A659.mov,15,known_test
Signer_15_A660.mov,Agreement,test,Agreement/Signer_15_A660.mov,15,known_test
Signer_13_A361.mov,Apple,test,Apple/Signer_13_A361.mov,13,known_test
Signer_13_A362.mov,Apple,test,Apple/Signer_13_A362.mov,13,known_test
Signer_13_A363.mov,Apple,test,Apple/Signer_13_A363.mov,13,known_test
Signer_13_A364.mov,Apple,test,Apple/Signer_13_A364.mov,13,known_test
Signer_13_A365.mov,Apple,test,Apple/Signer_13_A365.mov,13,known_test
Signer_14_A511.mov,Apple,test,Apple/Signer_14_A511.mov,14,known_test
Signer_14_A512.mov,Apple,test,Apple/Signer_14_A512.mov,14,known_test
Signer_14_A513.mov,Apple,test,Apple/Signer_14_A513.mov,14,known_test
Signer_14_A514.mov,Apple,test,Apple/Signer_14_A514.mov,14,known_test
Signer_14_A515.mov,Apple,test,Apple/Signer_14_A515.mov,14,known_test
Signer_15_A661.mov,Apple,test,Apple/Signer_15_A661.mov,15,known_test
Signer_15_A662.mov,Apple,test,Apple/Signer_15_A662.mov,15,known_test
Signer_15_A663.mov,Apple,test,Apple/Signer_15_A663.mov,15,known_test
Signer_15_A664.mov,Apple,test,Apple/Signer_15_A664.mov,15,known_test
Signer_15_A665.mov,Apple,test,Apple/Signer_15_A665.mov,15,known_test
Signer_13_A316.mov,Colour,test,Colour/Signer_13_A316.mov,13,known_test
Signer_13_A317.mov,Colour,test,Colour/Signer_13_A317.mov,13,known_test
Signer_13_A318.mov,Colour,test,Colour/Signer_13_A318.mov,13,known_test
Signer_13_A319.mov,Colour,test,Colour/Signer_13_A319.mov,13,known_test
Signer_13_A320.mov,Colour,test,Colour/Signer_13_A320.mov,13,known_test
Signer_14_A466.mov,Colour,test,Colour/Signer_14_A466.mov,14,known_test
Signer_14_A467.mov,Colour,test,Colour/Signer_14_A467.mov,14,known_test
Signer_14_A468.mov,Colour,test,Colour/Signer_14_A468.mov,14,known_test
Signer_14_A469.mov,Colour,test,Colour/Signer_14_A469.mov,14,known_test
Signer_14_A470.mov,Colour,test,Colour/Signer_14_A470.mov,14,known_test
Signer_15_A616.mov,Colour,test,Colour/Signer_15_A616.mov,15,known_test
Signer_15_A617.mov,Colour,test,Colour/Signer_15_A617.mov,15,known_test
Signer_15_A618.mov,Colour,test,Colour/Signer_15_A618.mov,15,known_test
Signer_15_A619.mov,Colour,test,Colour/Signer_15_A619.mov,15,known_test
Signer_15_A620.mov,Colour,test,Colour/Signer_15_A620.mov,15,known_test
Signer_13_A301.mov,Friend,test,Friend/Signer_13_A301.mov,13,known_test
Signer_13_A302.mov,Friend,test,Friend/Signer_13_A302.mov,13,known_test
Signer_13_A303.mov,Friend,test,Friend/Signer_13_A303.mov,13,known_test
Signer_13_A304.mov,Friend,test,Friend/Signer_13_A304.mov,13,known_test
Signer_13_A305.mov,Friend,test,Friend/Signer_13_A305.mov,13,known_test
Signer_14_A451.mov,Friend,test,Friend/Signer_14_A451.mov,14,known_test
Signer_14_A452.mov,Friend,test,Friend/Signer_14_A452.mov,14,known_test
Signer_14_A453.mov,Friend,test,Friend/Signer_14_A453.mov,14,known_test
Signer_14_A454.mov,Friend,test,Friend/Signer_14_A454.mov,14,known_test
Signer_14_A455.mov,Friend,test,Friend/Signer_14_A455.mov,14,known_test
Signer_15_A601.mov,Friend,test,Friend/Signer_15_A601.mov,15,known_test
Signer_15_A602.mov,Friend,test,Friend/Signer_15_A602.mov,15,known_test
Signer_15_A603.mov,Friend,test,Friend/Signer_15_A603.mov,15,known_test
Signer_15_A604.mov,Friend,test,Friend/Signer_15_A604.mov,15,known_test
Signer_15_A605.mov,Friend,test,Friend/Signer_15_A605.mov,15,known_test
Signer_13_A371.mov,Gift,test,Gift/Signer_13_A371.mov,13,known_test
Signer_13_A372.mov,Gift,test,Gift/Signer_13_A372.mov,13,known_test
Signer_13_A373.mov,Gift,test,Gift/Signer_13_A373.mov,13,known_test
Signer_13_A374.mov,Gift,test,Gift/Signer_13_A374.mov,13,known_test
Signer_13_A375.mov,Gift,test,Gift/Signer_13_A375.mov,13,known_test
Signer_14_A521.mov,Gift,test,Gift/Signer_14_A521.mov,14,known_test
Signer_14_A522.mov,Gift,test,Gift/Signer_14_A522.mov,14,known_test
Signer_14_A523.mov,Gift,test,Gift/Signer_14_A523.mov,14,known_test
Signer_14_A524.mov,Gift,test,Gift/Signer_14_A524.mov,14,known_test
Signer_14_A525.mov,Gift,test,Gift/Signer_14_A525.mov,14,known_test
Signer_15_A671.mov,Gift,test,Gift/Signer_15_A671.mov,15,known_test
Signer_15_A672.mov,Gift,test,Gift/Signer_15_A672.mov,15,known_test
Signer_15_A673.mov,Gift,test,Gift/Signer_15_A673.mov,15,known_test
Signer_15_A674.mov,Gift,test,Gift/Signer_15_A674.mov,15,known_test
Signer_15_A675.mov,Gift,test,Gift/Signer_15_A675.mov,15,known_test
Signer_13_A306.mov,Market,test,Market/Signer_13_A306.mov,13,known_test
Signer_13_A307.mov,Market,test,Market/Signer_13_A307.mov,13,known_test
Signer_13_A308.mov,Market,test,Market/Signer_13_A308.mov,13,known_test
Signer_13_A309.mov,Market,test,Market/Signer_13_A309.mov,13,known_test
Signer_13_A310.mov,Market,test,Market/Signer_13_A310.mov,13,known_test
Signer_14_A456.mov,Market,test,Market/Signer_14_A456.mov,14,known_test
Signer_14_A457.mov,Market,test,Market/Signer_14_A457.mov,14,known_test
Signer_14_A458.mov,Market,test,Market/Signer_14_A458.mov,14,known_test
Signer_14_A459.mov,Market,test,Market/Signer_14_A459.mov,14,known_test
Signer_14_A460.mov,Market,test,Market/Signer_14_A460.mov,14,known_test
Signer_15_A606.mov,Market,test,Market/Signer_15_A606.mov,15,known_test
Signer_15_A607.mov,Market,test,Market/Signer_15_A607.mov,15,known_test
Signer_15_A608.mov,Market,test,Market/Signer_15_A608.mov,15,known_test
Signer_15_A609.mov,Market,test,Market/Signer_15_A609.mov,15,known_test
Signer_15_A610.mov,Market,test,Market/Signer_15_A610.mov,15,known_test
Signer_13_A336.mov,Monday,test,Monday/Signer_13_A336.mov,13,unknown_test
Signer_13_A337.mov,Monday,test,Monday/Signer_13_A337.mov,13,unknown_test
Signer_13_A338.mov,Monday,test,Monday/Signer_13_A338.mov,13,unknown_test
Signer_13_A339.mov,Monday,test,Monday/Signer_13_A339.mov,13,unknown_test
Signer_13_A340.mov,Monday,test,Monday/Signer_13_A340.mov,13,unknown_test
Signer_14_A486.mov,Monday,test,Monday/Signer_14_A486.mov,14,unknown_test
Signer_14_A487.mov,Monday,test,Monday/Signer_14_A487.mov,14,unknown_test
Signer_14_A488.mov,Monday,test,Monday/Signer_14_A488.mov,14,unknown_test
Signer_14_A489.mov,Monday,test,Monday/Signer_14_A489.mov,14,unknown_test
Signer_14_A490.mov,Monday,test,Monday/Signer_14_A490.mov,14,unknown_test
Signer_15_A636.mov,Monday,test,Monday/Signer_15_A636.mov,15,unknown_test
Signer_15_A637.mov,Monday,test,Monday/Signer_15_A637.mov,15,unknown_test
Signer_15_A638.mov,Monday,test,Monday/Signer_15_A638.mov,15,unknown_test
Signer_15_A639.mov,Monday,test,Monday/Signer_15_A639.mov,15,unknown_test
Signer_15_A640.mov,Monday,test,Monday/Signer_15_A640.mov,15,unknown_test
Signer_13_A426.mov,No_100,test,No_100/Signer_13_A426.mov,13,unknown_test
Signer_13_A427.mov,No_100,test,No_100/Signer_13_A427.mov,13,unknown_test
Signer_13_A428.mov,No_100,test,No_100/Signer_13_A428.mov,13,unknown_test
Signer_13_A429.mov,No_100,test,No_100/Signer_13_A429.mov,13,unknown_test
Signer_13_A430.mov,No_100,test,No_100/Signer_13_A430.mov,13,unknown_test
Signer_14_A576.mov,No_100,test,No_100/Signer_14_A576.mov,14,unknown_test
Signer_14_A577.mov,No_100,test,No_100/Signer_14_A577.mov,14,unknown_test
Signer_14_A578.mov,No_100,test,No_100/Signer_14_A578.mov,14,unknown_test
Signer_14_A579.mov,No_100,test,No_100/Signer_14_A579.mov,14,unknown_test
Signer_14_A580.mov,No_100,test,No_100/Signer_14_A580.mov,14,unknown_test
Signer_15_A726.mov,No_100,test,No_100/Signer_15_A726.mov,15,unknown_test
Signer_15_A727.mov,No_100,test,No_100/Signer_15_A727.mov,15,unknown_test
Signer_15_A728.mov,No_100,test,No_100/Signer_15_A728.mov,15,unknown_test
Signer_15_A729.mov,No_100,test,No_100/Signer_15_A729.mov,15,unknown_test
Signer_15_A730.mov,No_100,test,No_100/Signer_15_A730.mov,15,unknown_test
Signer_13_A431.mov,No_125,test,No_125/Signer_13_A431.mov,13,known_test
Signer_13_A432.mov,No_125,test,No_125/Signer_13_A432.mov,13,known_test
Signer_13_A433.mov,No_125,test,No_125/Signer_13_A433.mov,13,known_test
Signer_13_A434.mov,No_125,test,No_125/Signer_13_A434.mov,13,known_test
Signer_13_A435.mov,No_125,test,No_125/Signer_13_A435.mov,13,known_test
Signer_14_A581.mov,No_125,test,No_125/Signer_14_A581.mov,14,known_test
Signer_14_A582.mov,No_125,test,No_125/Signer_14_A582.mov,14,known_test
Signer_14_A583.mov,No_125,test,No_125/Signer_14_A583.mov,14,known_test
Signer_14_A584.mov,No_125,test,No_125/Signer_14_A584.mov,14,known_test
Signer_14_A585.mov,No_125,test,No_125/Signer_14_A585.mov,14,known_test
Signer_15_A731.mov,No_125,test,No_125/Signer_15_A731.mov,15,known_test
Signer_15_A732.mov,No_125,test,No_125/Signer_15_A732.mov,15,known_test
Signer_15_A733.mov,No_125,test,No_125/Signer_15_A733.mov,15,known_test
Signer_15_A734.mov,No_125,test,No_125/Signer_15_A734.mov,15,known_test
Signer_15_A735.mov,No_125,test,No_125/Signer_15_A735.mov,15,known_test
Signer_13_A381.mov,No_17,test,No_17/Signer_13_A381.mov,13,known_test
Signer_13_A382.mov,No_17,test,No_17/Signer_13_A382.mov,13,known_test
Signer_13_A383.mov,No_17,test,No_17/Signer_13_A383.mov,13,known_test
Signer_13_A384.mov,No_17,test,No_17/Signer_13_A384.mov,13,known_test
Signer_13_A385.mov,No_17,test,No_17/Signer_13_A385.mov,13,known_test
Signer_14_A531.mov,No_17,test,No_17/Signer_14_A531.mov,14,known_test
Signer_14_A532.mov,No_17,test,No_17/Signer_14_A532.mov,14,known_test
Signer_14_A533.mov,No_17,test,No_17/Signer_14_A533.mov,14,known_test
Signer_14_A534.mov,No_17,test,No_17/Signer_14_A534.mov,14,known_test
Signer_14_A535.mov,No_17,test,No_17/Signer_14_A535.mov,14,known_test
Signer_15_A681.mov,No_17,test,No_17/Signer_15_A681.mov,15,known_test
Signer_15_A682.mov,No_17,test,No_17/Signer_15_A682.mov,15,known_test
Signer_15_A683.mov,No_17,test,No_17/Signer_15_A683.mov,15,known_test
Signer_15_A684.mov,No_17,test,No_17/Signer_15_A684.mov,15,known_test
Signer_15_A685.mov,No_17,test,No_17/Signer_15_A685.mov,15,known_test
Signer_13_A386.mov,No_22,test,No_22/Signer_13_A386.mov,13,unknown_test
Signer_13_A387.mov,No_22,test,No_22/Signer_13_A387.mov,13,unknown_test
Signer_13_A388.mov,No_22,test,No_22/Signer_13_A388.mov,13,unknown_test
Signer_13_A389.mov,No_22,test,No_22/Signer_13_A389.mov,13,unknown_test
Signer_13_A390.mov,No_22,test,No_22/Signer_13_A390.mov,13,unknown_test
Signer_14_A536.mov,No_22,test,No_22/Signer_14_A536.mov,14,unknown_test
Signer_14_A537.mov,No_22,test,No_22/Signer_14_A537.mov,14,unknown_test
Signer_14_A538.mov,No_22,test,No_22/Signer_14_A538.mov,14,unknown_test
Signer_14_A539.mov,No_22,test,No_22/Signer_14_A539.mov,14,unknown_test
Signer_14_A540.mov,No_22,test,No_22/Signer_14_A540.mov,14,unknown_test
Signer_15_A686.mov,No_22,test,No_22/Signer_15_A686.mov,15,unknown_test
Signer_15_A687.mov,No_22,test,No_22/Signer_15_A687.mov,15,unknown_test
Signer_15_A688.mov,No_22,test,No_22/Signer_15_A688.mov,15,unknown_test
Signer_15_A689.mov,No_22,test,No_22/Signer_15_A689.mov,15,unknown_test
Signer_15_A690.mov,No_22,test,No_22/Signer_15_A690.mov,15,unknown_test
Signer_13_A436.mov,No_268,test,No_268/Signer_13_A436.mov,13,known_test
Signer_13_A437.mov,No_268,test,No_268/Signer_13_A437.mov,13,known_test
Signer_13_A438.mov,No_268,test,No_268/Signer_13_A438.mov,13,known_test
Signer_13_A439.mov,No_268,test,No_268/Signer_13_A439.mov,13,known_test
Signer_13_A440.mov,No_268,test,No_268/Signer_13_A440.mov,13,known_test
Signer_14_A586.mov,No_268,test,No_268/Signer_14_A586.mov,14,known_test
Signer_14_A587.mov,No_268,test,No_268/Signer_14_A587.mov,14,known_test
Signer_14_A588.mov,No_268,test,No_268/Signer_14_A588.mov,14,known_test
Signer_14_A589.mov,No_268,test,No_268/Signer_14_A589.mov,14,known_test
Signer_14_A590.mov,No_268,test,No_268/Signer_14_A590.mov,14,known_test
Signer_15_A736.mov,No_268,test,No_268/Signer_15_A736.mov,15,known_test
Signer_15_A737.mov,No_268,test,No_268/Signer_15_A737.mov,15,known_test
Signer_15_A738.mov,No_268,test,No_268/Signer_15_A738.mov,15,known_test
Signer_15_A739.mov,No_268,test,No_268/Signer_15_A739.mov,15,known_test
Signer_15_A740.mov,No_268,test,No_268/Signer_15_A740.mov,15,known_test
Signer_13_A391.mov,No_35,test,No_35/Signer_13_A391.mov,13,known_test
Signer_13_A392.mov,No_35,test,No_35/Signer_13_A392.mov,13,known_test
Signer_13_A393.mov,No_35,test,No_35/Signer_13_A393.mov,13,known_test
Signer_13_A394.mov,No_35,test,No_35/Signer_13_A394.mov,13,known_test
Signer_13_A395.mov,No_35,test,No_35/Signer_13_A395.mov,13,known_test
Signer_14_A541.mov,No_35,test,No_35/Signer_14_A541.mov,14,known_test
Signer_14_A542.mov,No_35,test,No_35/Signer_14_A542.mov,14,known_test
Signer_14_A543.mov,No_35,test,No_35/Signer_14_A543.mov,14,known_test
Signer_14_A544.mov,No_35,test,No_35/Signer_14_A544.mov,14,known_test
Signer_14_A545.mov,No_35,test,No_35/Signer_14_A545.mov,14,known_test
Signer_15_A691.mov,No_35,test,No_35/Signer_15_A691.mov,15,known_test
Signer_15_A692.mov,No_35,test,No_35/Signer_15_A692.mov,15,known_test
Signer_15_A693.mov,No_35,test,No_35/Signer_15_A693.mov,15,known_test
Signer_15_A694.mov,No_35,test,No_35/Signer_15_A694.mov,15,known_test
Signer_15_A695.mov,No_35,test,No_35/Signer_15_A695.mov,15,known_test
Signer_13_A441.mov,No_388,test,No_388/Signer_13_A441.mov,13,known_test
Signer_13_A442.mov,No_388,test,No_388/Signer_13_A442.mov,13,known_test
Signer_13_A443.mov,No_388,test,No_388/Signer_13_A443.mov,13,known_test
Signer_13_A444.mov,No_388,test,No_388/Signer_13_A444.mov,13,known_test
Signer_13_A445.mov,No_388,test,No_388/Signer_13_A445.mov,13,known_test
Signer_14_A591.mov,No_388,test,No_388/Signer_14_A591.mov,14,known_test
Signer_14_A592.mov,No_388,test,No_388/Signer_14_A592.mov,14,known_test
Signer_14_A593.mov,No_388,test,No_388/Signer_14_A593.mov,14,known_test
Signer_14_A594.mov,No_388,test,No_388/Signer_14_A594.mov,14,known_test
Signer_14_A595.mov,No_388,test,No_388/Signer_14_A595.mov,14,known_test
Signer_15_A741.mov,No_388,test,No_388/Signer_15_A741.mov,15,known_test
Signer_15_A742.mov,No_388,test,No_388/Signer_15_A742.mov,15,known_test
Signer_15_A743.mov,No_388,test,No_388/Signer_15_A743.mov,15,known_test
Signer_15_A744.mov,No_388,test,No_388/Signer_15_A744.mov,15,known_test
Signer_15_A745.mov,No_388,test,No_388/Signer_15_A745.mov,15,known_test
Signer_13_A446.mov,No_444,test,No_444/Signer_13_A446.mov,13,unknown_test
Signer_13_A447.mov,No_444,test,No_444/Signer_13_A447.mov,13,unknown_test
Signer_13_A448.mov,No_444,test,No_444/Signer_13_A448.mov,13,unknown_test
Signer_13_A449.mov,No_444,test,No_444/Signer_13_A449.mov,13,unknown_test
Signer_13_A450.mov,No_444,test,No_444/Signer_13_A450.mov,13,unknown_test
Signer_14_A596.mov,No_444,test,No_444/Signer_14_A596.mov,14,unknown_test
Signer_14_A597.mov,No_444,test,No_444/Signer_14_A597.mov,14,unknown_test
Signer_14_A598.mov,No_444,test,No_444/Signer_14_A598.mov,14,unknown_test
Signer_14_A599.mov,No_444,test,No_444/Signer_14_A599.mov,14,unknown_test
Signer_14_A600.mov,No_444,test,No_444/Signer_14_A600.mov,14,unknown_test
Signer_15_A746.mov,No_444,test,No_444/Signer_15_A746.mov,15,unknown_test
Signer_15_A747.mov,No_444,test,No_444/Signer_15_A747.mov,15,unknown_test
Signer_15_A748.mov,No_444,test,No_444/Signer_15_A748.mov,15,unknown_test
Signer_15_A749.mov,No_444,test,No_444/Signer_15_A749.mov,15,unknown_test
Signer_15_A750.mov,No_444,test,No_444/Signer_15_A750.mov,15,unknown_test
Signer_13_A396.mov,No_48,test,No_48/Signer_13_A396.mov,13,known_test
Signer_13_A397.mov,No_48,test,No_48/Signer_13_A397.mov,13,known_test
Signer_13_A398.mov,No_48,test,No_48/Signer_13_A398.mov,13,known_test
Signer_13_A399.mov,No_48,test,No_48/Signer_13_A399.mov,13,known_test
Signer_13_A400.mov,No_48,test,No_48/Signer_13_A400.mov,13,known_test
Signer_14_A546.mov,No_48,test,No_48/Signer_14_A546.mov,14,known_test
Signer_14_A547.mov,No_48,test,No_48/Signer_14_A547.mov,14,known_test
Signer_14_A548.mov,No_48,test,No_48/Signer_14_A548.mov,14,known_test
Signer_14_A549.mov,No_48,test,No_48/Signer_14_A549.mov,14,known_test
Signer_14_A550.mov,No_48,test,No_48/Signer_14_A550.mov,14,known_test
Signer_15_A696.mov,No_48,test,No_48/Signer_15_A696.mov,15,known_test
Signer_15_A697.mov,No_48,test,No_48/Signer_15_A697.mov,15,known_test
Signer_15_A698.mov,No_48,test,No_48/Signer_15_A698.mov,15,known_test
Signer_15_A699.mov,No_48,test,No_48/Signer_15_A699.mov,15,known_test
Signer_15_A700.mov,No_48,test,No_48/Signer_15_A700.mov,15,known_test
Signer_13_A401.mov,No_54,test,No_54/Signer_13_A401.mov,13,known_test
Signer_13_A402.mov,No_54,test,No_54/Signer_13_A402.mov,13,known_test
Signer_13_A403.mov,No_54,test,No_54/Signer_13_A403.mov,13,known_test
Signer_13_A404.mov,No_54,test,No_54/Signer_13_A404.mov,13,known_test
Signer_13_A405.mov,No_54,test,No_54/Signer_13_A405.mov,13,known_test
Signer_14_A551.mov,No_54,test,No_54/Signer_14_A551.mov,14,known_test
Signer_14_A552.mov,No_54,test,No_54/Signer_14_A552.mov,14,known_test
Signer_14_A553.mov,No_54,test,No_54/Signer_14_A553.mov,14,known_test
Signer_14_A554.mov,No_54,test,No_54/Signer_14_A554.mov,14,known_test
Signer_14_A555.mov,No_54,test,No_54/Signer_14_A555.mov,14,known_test
Signer_15_A701.mov,No_54,test,No_54/Signer_15_A701.mov,15,known_test
Signer_15_A702.mov,No_54,test,No_54/Signer_15_A702.mov,15,known_test
Signer_15_A703.mov,No_54,test,No_54/Signer_15_A703.mov,15,known_test
Signer_15_A704.mov,No_54,test,No_54/Signer_15_A704.mov,15,known_test
Signer_15_A705.mov,No_54,test,No_54/Signer_15_A705.mov,15,known_test
Signer_13_A406.mov,No_66,test,No_66/Signer_13_A406.mov,13,known_test
Signer_13_A407.mov,No_66,test,No_66/Signer_13_A407.mov,13,known_test
Signer_13_A408.mov,No_66,test,No_66/Signer_13_A408.mov,13,known_test
Signer_13_A409.mov,No_66,test,No_66/Signer_13_A409.mov,13,known_test
Signer_13_A410.mov,No_66,test,No_66/Signer_13_A410.mov,13,known_test
Signer_14_A556.mov,No_66,test,No_66/Signer_14_A556.mov,14,known_test
Signer_14_A557.mov,No_66,test,No_66/Signer_14_A557.mov,14,known_test
Signer_14_A558.mov,No_66,test,No_66/Signer_14_A558.mov,14,known_test
Signer_14_A559.mov,No_66,test,No_66/Signer_14_A559.mov,14,known_test
Signer_14_A560.mov,No_66,test,No_66/Signer_14_A560.mov,14,known_test
Signer_15_A706.mov,No_66,test,No_66/Signer_15_A706.mov,15,known_test
Signer_15_A707.mov,No_66,test,No_66/Signer_15_A707.mov,15,known_test
Signer_15_A708.mov,No_66,test,No_66/Signer_15_A708.mov,15,known_test
Signer_15_A709.mov,No_66,test,No_66/Signer_15_A709.mov,15,known_test
Signer_15_A710.mov,No_66,test,No_66/Signer_15_A710.mov,15,known_test
Signer_13_A411.mov,No_73,test,No_73/Signer_13_A411.mov,13,unknown_test
Signer_13_A412.mov,No_73,test,No_73/Signer_13_A412.mov,13,unknown_test
Signer_13_A413.mov,No_73,test,No_73/Signer_13_A413.mov,13,unknown_test
Signer_13_A414.mov,No_73,test,No_73/Signer_13_A414.mov,13,unknown_test
Signer_13_A415.mov,No_73,test,No_73/Signer_13_A415.mov,13,unknown_test
Signer_14_A561.mov,No_73,test,No_73/Signer_14_A561.mov,14,unknown_test
Signer_14_A562.mov,No_73,test,No_73/Signer_14_A562.mov,14,unknown_test
Signer_14_A563.mov,No_73,test,No_73/Signer_14_A563.mov,14,unknown_test
Signer_14_A564.mov,No_73,test,No_73/Signer_14_A564.mov,14,unknown_test
Signer_14_A565.mov,No_73,test,No_73/Signer_14_A565.mov,14,unknown_test
Signer_15_A711.mov,No_73,test,No_73/Signer_15_A711.mov,15,unknown_test
Signer_15_A712.mov,No_73,test,No_73/Signer_15_A712.mov,15,unknown_test
Signer_15_A713.mov,No_73,test,No_73/Signer_15_A713.mov,15,unknown_test
Signer_15_A714.mov,No_73,test,No_73/Signer_15_A714.mov,15,unknown_test
Signer_15_A715.mov,No_73,test,No_73/Signer_15_A715.mov,15,unknown_test
Signer_13_A416.mov,No_89,test,No_89/Signer_13_A416.mov,13,unknown_test
Signer_13_A417.mov,No_89,test,No_89/Signer_13_A417.mov,13,unknown_test
Signer_13_A418.mov,No_89,test,No_89/Signer_13_A418.mov,13,unknown_test
Signer_13_A419.mov,No_89,test,No_89/Signer_13_A419.mov,13,unknown_test
Signer_13_A420.mov,No_89,test,No_89/Signer_13_A420.mov,13,unknown_test
Signer_14_A566.mov,No_89,test,No_89/Signer_14_A566.mov,14,unknown_test
Signer_14_A567.mov,No_89,test,No_89/Signer_14_A567.mov,14,unknown_test
Signer_14_A568.mov,No_89,test,No_89/Signer_14_A568.mov,14,unknown_test
Signer_14_A569.mov,No_89,test,No_89/Signer_14_A569.mov,14,unknown_test
Signer_14_A570.mov,No_89,test,No_89/Signer_14_A570.mov,14,unknown_test
Signer_15_A716.mov,No_89,test,No_89/Signer_15_A716.mov,15,unknown_test
Signer_15_A717.mov,No_89,test,No_89/Signer_15_A717.mov,15,unknown_test
Signer_15_A718.mov,No_89,test,No_89/Signer_15_A718.mov,15,unknown_test
Signer_15_A719.mov,No_89,test,No_89/Signer_15_A719.mov,15,unknown_test
Signer_15_A720.mov,No_89,test,No_89/Signer_15_A720.mov,15,unknown_test
Signer_13_A376.mov,No_9,test,No_9/Signer_13_A376.mov,13,unknown_test
Signer_13_A377.mov,No_9,test,No_9/Signer_13_A377.mov,13,unknown_test
Signer_13_A378.mov,No_9,test,No_9/Signer_13_A378.mov,13,unknown_test
Signer_13_A379.mov,No_9,test,No_9/Signer_13_A379.mov,13,unknown_test
Signer_13_A380.mov,No_9,test,No_9/Signer_13_A380.mov,13,unknown_test
Signer_14_A526.mov,No_9,test,No_9/Signer_14_A526.mov,14,unknown_test
Signer_14_A527.mov,No_9,test,No_9/Signer_14_A527.mov,14,unknown_test
Signer_14_A528.mov,No_9,test,No_9/Signer_14_A528.mov,14,unknown_test
Signer_14_A529.mov,No_9,test,No_9/Signer_14_A529.mov,14,unknown_test
Signer_14_A530.mov,No_9,test,No_9/Signer_14_A530.mov,14,unknown_test
Signer_15_A676.mov,No_9,test,No_9/Signer_15_A676.mov,15,unknown_test
Signer_15_A677.mov,No_9,test,No_9/Signer_15_A677.mov,15,unknown_test
Signer_15_A678.mov,No_9,test,No_9/Signer_15_A678.mov,15,unknown_test
Signer_15_A679.mov,No_9,test,No_9/Signer_15_A679.mov,15,unknown_test
Signer_15_A680.mov,No_9,test,No_9/Signer_15_A680.mov,15,unknown_test
Signer_13_A421.mov,No_91,test,No_91/Signer_13_A421.mov,13,unknown_test
Signer_13_A422.mov,No_91,test,No_91/Signer_13_A422.mov,13,unknown_test
Signer_13_A423.mov,No_91,test,No_91/Signer_13_A423.mov,13,unknown_test
Signer_13_A424.mov,No_91,test,No_91/Signer_13_A424.mov,13,unknown_test
Signer_13_A425.mov,No_91,test,No_91/Signer_13_A425.mov,13,unknown_test
Signer_14_A571.mov,No_91,test,No_91/Signer_14_A571.mov,14,unknown_test
Signer_14_A572.mov,No_91,test,No_91/Signer_14_A572.mov,14,unknown_test
Signer_14_A573.mov,No_91,test,No_91/Signer_14_A573.mov,14,unknown_test
Signer_14_A574.mov,No_91,test,No_91/Signer_14_A574.mov,14,unknown_test
Signer_14_A575.mov,No_91,test,No_91/Signer_14_A575.mov,14,unknown_test
Signer_15_A721.mov,No_91,test,No_91/Signer_15_A721.mov,15,unknown_test
Signer_15_A722.mov,No_91,test,No_91/Signer_15_A722.mov,15,unknown_test
Signer_15_A723.mov,No_91,test,No_91/Signer_15_A723.mov,15,unknown_test
Signer_15_A724.mov,No_91,test,No_91/Signer_15_A724.mov,15,unknown_test
Signer_15_A725.mov,No_91,test,No_91/Signer_15_A725.mov,15,unknown_test
Signer_13_A351.mov,Picture,test,Picture/Signer_13_A351.mov,13,known_test
Signer_13_A352.mov,Picture,test,Picture/Signer_13_A352.mov,13,known_test
Signer_13_A353.mov,Picture,test,Picture/Signer_13_A353.mov,13,known_test
Signer_13_A354.mov,Picture,test,Picture/Signer_13_A354.mov,13,known_test
Signer_13_A355.mov,Picture,test,Picture/Signer_13_A355.mov,13,known_test
Signer_14_A501.mov,Picture,test,Picture/Signer_14_A501.mov,14,known_test
Signer_14_A502.mov,Picture,test,Picture/Signer_14_A502.mov,14,known_test
Signer_14_A503.mov,Picture,test,Picture/Signer_14_A503.mov,14,known_test
Signer_14_A504.mov,Picture,test,Picture/Signer_14_A504.mov,14,known_test
Signer_14_A505.mov,Picture,test,Picture/Signer_14_A505.mov,14,known_test
Signer_15_A651.mov,Picture,test,Picture/Signer_15_A651.mov,15,known_test
Signer_15_A652.mov,Picture,test,Picture/Signer_15_A652.mov,15,known_test
Signer_15_A653.mov,Picture,test,Picture/Signer_15_A653.mov,15,known_test
Signer_15_A654.mov,Picture,test,Picture/Signer_15_A654.mov,15,known_test
Signer_15_A655.mov,Picture,test,Picture/Signer_15_A655.mov,15,known_test
Signer_13_A346.mov,Proud,test,Proud/Signer_13_A346.mov,13,known_test
Signer_13_A347.mov,Proud,test,Proud/Signer_13_A347.mov,13,known_test
Signer_13_A348.mov,Proud,test,Proud/Signer_13_A348.mov,13,known_test
Signer_13_A349.mov,Proud,test,Proud/Signer_13_A349.mov,13,known_test
Signer_13_A350.mov,Proud,test,Proud/Signer_13_A350.mov,13,known_test
Signer_14_A491.mov,Proud,test,Proud/Signer_14_A491.mov,14,known_test
Signer_14_A492.mov,Proud,test,Proud/Signer_14_A492.mov,14,known_test
Signer_14_A493.mov,Proud,test,Proud/Signer_14_A493.mov,14,known_test
Signer_14_A494.mov,Proud,test,Proud/Signer_14_A494.mov,14,known_test
Signer_14_A495.mov,Proud,test,Proud/Signer_14_A495.mov,14,known_test
Signer_15_A646.mov,Proud,test,Proud/Signer_15_A646.mov,15,known_test
Signer_15_A647.mov,Proud,test,Proud/Signer_15_A647.mov,15,known_test
Signer_15_A648.mov,Proud,test,Proud/Signer_15_A648.mov,15,known_test
Signer_15_A649.mov,Proud,test,Proud/Signer_15_A649.mov,15,known_test
Signer_15_A650.mov,Proud,test,Proud/Signer_15_A650.mov,15,known_test
Signer_13_A326.mov,Sweater,test,Sweater/Signer_13_A326.mov,13,known_test
Signer_13_A327.mov,Sweater,test,Sweater/Signer_13_A327.mov,13,known_test
Signer_13_A328.mov,Sweater,test,Sweater/Signer_13_A328.mov,13,known_test
Signer_13_A329.mov,Sweater,test,Sweater/Signer_13_A329.mov,13,known_test
Signer_13_A330.mov,Sweater,test,Sweater/Signer_13_A330.mov,13,known_test
Signer_14_A476.mov,Sweater,test,Sweater/Signer_14_A476.mov,14,known_test
Signer_14_A477.mov,Sweater,test,Sweater/Signer_14_A477.mov,14,known_test
Signer_14_A478.mov,Sweater,test,Sweater/Signer_14_A478.mov,14,known_test
Signer_14_A479.mov,Sweater,test,Sweater/Signer_14_A479.mov,14,known_test
Signer_14_A480.mov,Sweater,test,Sweater/Signer_14_A480.mov,14,known_test
Signer_15_A626.mov,Sweater,test,Sweater/Signer_15_A626.mov,15,known_test
Signer_15_A627.mov,Sweater,test,Sweater/Signer_15_A627.mov,15,known_test
Signer_15_A628.mov,Sweater,test,Sweater/Signer_15_A628.mov,15,known_test
Signer_15_A629.mov,Sweater,test,Sweater/Signer_15_A629.mov,15,known_test
Signer_15_A630.mov,Sweater,test,Sweater/Signer_15_A630.mov,15,known_test
Signer_13_A311.mov,Teach,test,Teach/Signer_13_A311.mov,13,known_test
Signer_13_A312.mov,Teach,test,Teach/Signer_13_A312.mov,13,known_test
Signer_13_A313.mov,Teach,test,Teach/Signer_13_A313.mov,13,known_test
Signer_13_A314.mov,Teach,test,Teach/Signer_13_A314.mov,13,known_test
Signer_13_A315.mov,Teach,test,Teach/Signer_13_A315.mov,13,known_test
Signer_14_A461.mov,Teach,test,Teach/Signer_14_A461.mov,14,known_test
Signer_14_A462.mov,Teach,test,Teach/Signer_14_A462.mov,14,known_test
Signer_14_A463.mov,Teach,test,Teach/Signer_14_A463.mov,14,known_test
Signer_14_A464.mov,Teach,test,Teach/Signer_14_A464.mov,14,known_test
Signer_14_A465.mov,Teach,test,Teach/Signer_14_A465.mov,14,known_test
Signer_15_A611.mov,Teach,test,Teach/Signer_15_A611.mov,15,known_test
Signer_15_A612.mov,Teach,test,Teach/Signer_15_A612.mov,15,known_test
Signer_15_A613.mov,Teach,test,Teach/Signer_15_A613.mov,15,known_test
Signer_15_A614.mov,Teach,test,Teach/Signer_15_A614.mov,15,known_test
Signer_15_A615.mov,Teach,test,Teach/Signer_15_A615.mov,15,known_test
Signer_13_A321.mov,Tomatoes,test,Tomatoes/Signer_13_A321.mov,13,unknown_test
Signer_13_A322.mov,Tomatoes,test,Tomatoes/Signer_13_A322.mov,13,unknown_test
Signer_13_A323.mov,Tomatoes,test,Tomatoes/Signer_13_A323.mov,13,unknown_test
Signer_13_A324.mov,Tomatoes,test,Tomatoes/Signer_13_A324.mov,13,unknown_test
Signer_13_A325.mov,Tomatoes,test,Tomatoes/Signer_13_A325.mov,13,unknown_test
Signer_14_A471.mov,Tomatoes,test,Tomatoes/Signer_14_A471.mov,14,unknown_test
Signer_14_A472.mov,Tomatoes,test,Tomatoes/Signer_14_A472.mov,14,unknown_test
Signer_14_A473.mov,Tomatoes,test,Tomatoes/Signer_14_A473.mov,14,unknown_test
Signer_14_A474.mov,Tomatoes,test,Tomatoes/Signer_14_A474.mov,14,unknown_test
Signer_14_A475.mov,Tomatoes,test,Tomatoes/Signer_14_A475.mov,14,unknown_test
Signer_15_A621.mov,Tomatoes,test,Tomatoes/Signer_15_A621.mov,15,unknown_test
Signer_15_A622.mov,Tomatoes,test,Tomatoes/Signer_15_A622.mov,15,unknown_test
Signer_15_A623.mov,Tomatoes,test,Tomatoes/Signer_15_A623.mov,15,unknown_test
Signer_15_A624.mov,Tomatoes,test,Tomatoes/Signer_15_A624.mov,15,unknown_test
Signer_15_A625.mov,Tomatoes,test,Tomatoes/Signer_15_A625.mov,15,unknown_test
Signer_13_A341.mov,Tortoise,test,Tortoise/Signer_13_A341.mov,13,known_test
Signer_13_A342.mov,Tortoise,test,Tortoise/Signer_13_A342.mov,13,known_test
Signer_13_A343.mov,Tortoise,test,Tortoise/Signer_13_A343.mov,13,known_test
Signer_13_A344.mov,Tortoise,test,Tortoise/Signer_13_A344.mov,13,known_test
Signer_13_A345.mov,Tortoise,test,Tortoise/Signer_13_A345.mov,13,known_test
Signer_14_A496.mov,Tortoise,test,Tortoise/Signer_14_A496.mov,14,known_test
Signer_14_A497.mov,Tortoise,test,Tortoise/Signer_14_A497.mov,14,known_test
Signer_14_A498.mov,Tortoise,test,Tortoise/Signer_14_A498.mov,14,known_test
Signer_14_A499.mov,Tortoise,test,Tortoise/Signer_14_A499.mov,14,known_test
Signer_14_A500.mov,Tortoise,test,Tortoise/Signer_14_A500.mov,14,known_test
Signer_15_A641.mov,Tortoise,test,Tortoise/Signer_15_A641.mov,15,known_test
Signer_15_A642.mov,Tortoise,test,Tortoise/Signer_15_A642.mov,15,known_test
Signer_15_A643.mov,Tortoise,test,Tortoise/Signer_15_A643.mov,15,known_test
Signer_15_A644.mov,Tortoise,test,Tortoise/Signer_15_A644.mov,15,known_test
Signer_15_A645.mov,Tortoise,test,Tortoise/Signer_15_A645.mov,15,known_test
Signer_13_A366.mov,Twin,test,Twin/Signer_13_A366.mov,13,known_test
Signer_13_A367.mov,Twin,test,Twin/Signer_13_A367.mov,13,known_test
Signer_13_A368.mov,Twin,test,Twin/Signer_13_A368.mov,13,known_test
Signer_13_A369.mov,Twin,test,Twin/Signer_13_A369.mov,13,known_test
Signer_13_A370.mov,Twin,test,Twin/Signer_13_A370.mov,13,known_test
Signer_14_A516.mov,Twin,test,Twin/Signer_14_A516.mov,14,known_test
Signer_14_A517.mov,Twin,test,Twin/Signer_14_A517.mov,14,known_test
Signer_14_A518.mov,Twin,test,Twin/Signer_14_A518.mov,14,known_test
Signer_14_A519.mov,Twin,test,Twin/Signer_14_A519.mov,14,known_test
Signer_14_A520.mov,Twin,test,Twin/Signer_14_A520.mov,14,known_test
Signer_15_A666.mov,Twin,test,Twin/Signer_15_A666.mov,15,known_test
Signer_15_A667.mov,Twin,test,Twin/Signer_15_A667.mov,15,known_test
Signer_15_A668.mov,Twin,test,Twin/Signer_15_A668.mov,15,known_test
Signer_15_A669.mov,Twin,test,Twin/Signer_15_A669.mov,15,known_test
Signer_15_A670.mov,Twin,test,Twin/Signer_15_A670.mov,15,known_test
Signer_13_A331.mov,Ugali,test,Ugali/Signer_13_A331.mov,13,unknown_test
Signer_13_A332.mov,Ugali,test,Ugali/Signer_13_A332.mov,13,unknown_test
Signer_13_A333.mov,Ugali,test,Ugali/Signer_13_A333.mov,13,unknown_test
Signer_13_A334.mov,Ugali,test,Ugali/Signer_13_A334.mov,13,unknown_test
Signer_13_A335.mov,Ugali,test,Ugali/Signer_13_A335.mov,13,unknown_test
Signer_14_A481.mov,Ugali,test,Ugali/Signer_14_A481.mov,14,unknown_test
Signer_14_A482.mov,Ugali,test,Ugali/Signer_14_A482.mov,14,unknown_test
Signer_14_A483.mov,Ugali,test,Ugali/Signer_14_A483.mov,14,unknown_test
Signer_14_A484.mov,Ugali,test,Ugali/Signer_14_A484.mov,14,unknown_test
Signer_14_A485.mov,Ugali,test,Ugali/Signer_14_A485.mov,14,unknown_test
Signer_15_A631.mov,Ugali,test,Ugali/Signer_15_A631.mov,15,unknown_test
Signer_15_A632.mov,Ugali,test,Ugali/Signer_15_A632.mov,15,unknown_test
Signer_15_A633.mov,Ugali,test,Ugali/Signer_15_A633.mov,15,unknown_test
Signer_15_A634.mov,Ugali,test,Ugali/Signer_15_A634.mov,15,unknown_test
Signer_15_A635.mov,Ugali,test,Ugali/Signer_15_A635.mov,15,unknown_test
Signer_01_1.mov,Agreement,train,Agreement/Signer_01_1.mov,01,known_reference
Signer_01_2.mov,Agreement,train,Agreement/Signer_01_2.mov,01,known_reference
Signer_01_3.mov,Agreement,train,Agreement/Signer_01_3.mov,01,known_reference
Signer_01_4.mov,Agreement,train,Agreement/Signer_01_4.mov,01,known_reference
Signer_01_5.mov,Agreement,train,Agreement/Signer_01_5.mov,01,known_reference
Signer_02_1.mov,Agreement,train,Agreement/Signer_02_1.mov,02,known_reference
Signer_02_2.mov,Agreement,train,Agreement/Signer_02_2.mov,02,known_reference
Signer_02_3.mov,Agreement,train,Agreement/Signer_02_3.mov,02,known_reference
Signer_02_4.mov,Agreement,train,Agreement/Signer_02_4.mov,02,known_reference
Signer_02_5.mov,Agreement,train,Agreement/Signer_02_5.mov,02,known_reference
Signer_03_1.mov,Agreement,train,Agreement/Signer_03_1.mov,03,known_reference
Signer_03_2.mov,Agreement,train,Agreement/Signer_03_2.mov,03,known_reference
Signer_03_3.mov,Agreement,train,Agreement/Signer_03_3.mov,03,known_reference
Signer_03_4.mov,Agreement,train,Agreement/Signer_03_4.mov,03,known_reference
Signer_03_5.mov,Agreement,train,Agreement/Signer_03_5.mov,03,known_reference
Signer_04_1.mov,Agreement,train,Agreement/Signer_04_1.mov,04,known_reference
Signer_04_2.mov,Agreement,train,Agreement/Signer_04_2.mov,04,known_reference
Signer_04_3.mov,Agreement,train,Agreement/Signer_04_3.mov,04,known_reference
Signer_04_4.mov,Agreement,train,Agreement/Signer_04_4.mov,04,known_reference
Signer_04_5.mov,Agreement,train,Agreement/Signer_04_5.mov,04,known_reference
Signer_05_1.mov,Agreement,train,Agreement/Signer_05_1.mov,05,known_reference
Signer_05_2.mov,Agreement,train,Agreement/Signer_05_2.mov,05,known_reference
Signer_05_3.mov,Agreement,train,Agreement/Signer_05_3.mov,05,known_reference
Signer_05_4.mov,Agreement,train,Agreement/Signer_05_4.mov,05,known_reference
Signer_05_5.mov,Agreement,train,Agreement/Signer_05_5.mov,05,known_reference
Signer_06_1.mov,Agreement,train,Agreement/Signer_06_1.mov,06,known_reference
Signer_06_2.mov,Agreement,train,Agreement/Signer_06_2.mov,06,known_reference
Signer_06_3.mov,Agreement,train,Agreement/Signer_06_3.mov,06,known_reference
Signer_06_4.mov,Agreement,train,Agreement/Signer_06_4.mov,06,known_reference
Signer_06_5.mov,Agreement,train,Agreement/Signer_06_5.mov,06,known_reference
Signer_07_1.mov,Agreement,train,Agreement/Signer_07_1.mov,07,known_reference
Signer_07_2.mov,Agreement,train,Agreement/Signer_07_2.mov,07,known_reference
Signer_07_3.mov,Agreement,train,Agreement/Signer_07_3.mov,07,known_reference
Signer_07_4.mov,Agreement,train,Agreement/Signer_07_4.mov,07,known_reference
Signer_07_5.mov,Agreement,train,Agreement/Signer_07_5.mov,07,known_reference
Signer_08_1.mov,Agreement,train,Agreement/Signer_08_1.mov,08,known_reference
Signer_08_2.mov,Agreement,train,Agreement/Signer_08_2.mov,08,known_reference
Signer_08_3.mov,Agreement,train,Agreement/Signer_08_3.mov,08,known_reference
Signer_08_4.mov,Agreement,train,Agreement/Signer_08_4.mov,08,known_reference
Signer_08_5.mov,Agreement,train,Agreement/Signer_08_5.mov,08,known_reference
Signer_09_1.mov,Agreement,train,Agreement/Signer_09_1.mov,09,known_reference
Signer_09_2.mov,Agreement,train,Agreement/Signer_09_2.mov,09,known_reference
Signer_09_3.mov,Agreement,train,Agreement/Signer_09_3.mov,09,known_reference
Signer_09_4.mov,Agreement,train,Agreement/Signer_09_4.mov,09,known_reference
Signer_09_5.mov,Agreement,train,Agreement/Signer_09_5.mov,09,known_reference
Signer_10_1.mov,Agreement,train,Agreement/Signer_10_1.mov,10,known_reference
Signer_10_2.mov,Agreement,train,Agreement/Signer_10_2.mov,10,known_reference
Signer_10_3.mov,Agreement,train,Agreement/Signer_10_3.mov,10,known_reference
Signer_10_4.mov,Agreement,train,Agreement/Signer_10_4.mov,10,known_reference
Signer_10_5.mov,Agreement,train,Agreement/Signer_10_5.mov,10,known_reference
Signer_01_1.mov,Apple,train,Apple/Signer_01_1.mov,01,known_reference
Signer_01_2.mov,Apple,train,Apple/Signer_01_2.mov,01,known_reference
Signer_01_3.mov,Apple,train,Apple/Signer_01_3.mov,01,known_reference
Signer_01_4.mov,Apple,train,Apple/Signer_01_4.mov,01,known_reference
Signer_01_5.mov,Apple,train,Apple/Signer_01_5.mov,01,known_reference
Signer_02_1.mov,Apple,train,Apple/Signer_02_1.mov,02,known_reference
Signer_02_2.mov,Apple,train,Apple/Signer_02_2.mov,02,known_reference
Signer_02_3.mov,Apple,train,Apple/Signer_02_3.mov,02,known_reference
Signer_02_4.mov,Apple,train,Apple/Signer_02_4.mov,02,known_reference
Signer_02_5.mov,Apple,train,Apple/Signer_02_5.mov,02,known_reference
Signer_03_1.mov,Apple,train,Apple/Signer_03_1.mov,03,known_reference
Signer_03_2.mov,Apple,train,Apple/Signer_03_2.mov,03,known_reference
Signer_03_3.mov,Apple,train,Apple/Signer_03_3.mov,03,known_reference
Signer_03_4.mov,Apple,train,Apple/Signer_03_4.mov,03,known_reference
Signer_03_5.mov,Apple,train,Apple/Signer_03_5.mov,03,known_reference
Signer_04_1.mov,Apple,train,Apple/Signer_04_1.mov,04,known_reference
Signer_04_2.mov,Apple,train,Apple/Signer_04_2.mov,04,known_reference
Signer_04_3.mov,Apple,train,Apple/Signer_04_3.mov,04,known_reference
Signer_04_4.mov,Apple,train,Apple/Signer_04_4.mov,04,known_reference
Signer_04_5.mov,Apple,train,Apple/Signer_04_5.mov,04,known_reference
Signer_05_1.mov,Apple,train,Apple/Signer_05_1.mov,05,known_reference
Signer_05_2.mov,Apple,train,Apple/Signer_05_2.mov,05,known_reference
Signer_05_3.mov,Apple,train,Apple/Signer_05_3.mov,05,known_reference
Signer_05_4.mov,Apple,train,Apple/Signer_05_4.mov,05,known_reference
Signer_05_5.mov,Apple,train,Apple/Signer_05_5.mov,05,known_reference
Signer_06_1.mov,Apple,train,Apple/Signer_06_1.mov,06,known_reference
Signer_06_2.mov,Apple,train,Apple/Signer_06_2.mov,06,known_reference
Signer_06_3.mov,Apple,train,Apple/Signer_06_3.mov,06,known_reference
Signer_06_4.mov,Apple,train,Apple/Signer_06_4.mov,06,known_reference
Signer_06_5.mov,Apple,train,Apple/Signer_06_5.mov,06,known_reference
Signer_07_1.mov,Apple,train,Apple/Signer_07_1.mov,07,known_reference
Signer_07_2.mov,Apple,train,Apple/Signer_07_2.mov,07,known_reference
Signer_07_3.mov,Apple,train,Apple/Signer_07_3.mov,07,known_reference
Signer_07_4.mov,Apple,train,Apple/Signer_07_4.mov,07,known_reference
Signer_07_5.mov,Apple,train,Apple/Signer_07_5.mov,07,known_reference
Signer_08_1.mov,Apple,train,Apple/Signer_08_1.mov,08,known_reference
Signer_08_2.mov,Apple,train,Apple/Signer_08_2.mov,08,known_reference
Signer_08_3.mov,Apple,train,Apple/Signer_08_3.mov,08,known_reference
Signer_08_4.mov,Apple,train,Apple/Signer_08_4.mov,08,known_reference
Signer_08_5.mov,Apple,train,Apple/Signer_08_5.mov,08,known_reference
Signer_09_1.mov,Apple,train,Apple/Signer_09_1.mov,09,known_reference
Signer_09_2.mov,Apple,train,Apple/Signer_09_2.mov,09,known_reference
Signer_09_3.mov,Apple,train,Apple/Signer_09_3.mov,09,known_reference
Signer_09_4.mov,Apple,train,Apple/Signer_09_4.mov,09,known_reference
Signer_09_5.mov,Apple,train,Apple/Signer_09_5.mov,09,known_reference
Signer_10_1.mov,Apple,train,Apple/Signer_10_1.mov,10,known_reference
Signer_10_2.mov,Apple,train,Apple/Signer_10_2.mov,10,known_reference
Signer_10_3.mov,Apple,train,Apple/Signer_10_3.mov,10,known_reference
Signer_10_4.mov,Apple,train,Apple/Signer_10_4.mov,10,known_reference
Signer_10_5.mov,Apple,train,Apple/Signer_10_5.mov,10,known_reference
Signer_01_1.mov,Colour,train,Colour/Signer_01_1.mov,01,known_reference
Signer_01_2.mov,Colour,train,Colour/Signer_01_2.mov,01,known_reference
Signer_01_3.mov,Colour,train,Colour/Signer_01_3.mov,01,known_reference
Signer_01_4.mov,Colour,train,Colour/Signer_01_4.mov,01,known_reference
Signer_01_5.mov,Colour,train,Colour/Signer_01_5.mov,01,known_reference
Signer_02_1.mov,Colour,train,Colour/Signer_02_1.mov,02,known_reference
Signer_02_2.mov,Colour,train,Colour/Signer_02_2.mov,02,known_reference
Signer_02_3.mov,Colour,train,Colour/Signer_02_3.mov,02,known_reference
Signer_02_4.mov,Colour,train,Colour/Signer_02_4.mov,02,known_reference
Signer_02_5.mov,Colour,train,Colour/Signer_02_5.mov,02,known_reference
Signer_03_1.mov,Colour,train,Colour/Signer_03_1.mov,03,known_reference
Signer_03_2.mov,Colour,train,Colour/Signer_03_2.mov,03,known_reference
Signer_03_3.mov,Colour,train,Colour/Signer_03_3.mov,03,known_reference
Signer_03_4.mov,Colour,train,Colour/Signer_03_4.mov,03,known_reference
Signer_03_5.mov,Colour,train,Colour/Signer_03_5.mov,03,known_reference
Signer_04_1.mov,Colour,train,Colour/Signer_04_1.mov,04,known_reference
Signer_04_2.mov,Colour,train,Colour/Signer_04_2.mov,04,known_reference
Signer_04_3.mov,Colour,train,Colour/Signer_04_3.mov,04,known_reference
Signer_04_4.mov,Colour,train,Colour/Signer_04_4.mov,04,known_reference
Signer_04_5.mov,Colour,train,Colour/Signer_04_5.mov,04,known_reference
Signer_05_1.mov,Colour,train,Colour/Signer_05_1.mov,05,known_reference
Signer_05_2.mov,Colour,train,Colour/Signer_05_2.mov,05,known_reference
Signer_05_3.mov,Colour,train,Colour/Signer_05_3.mov,05,known_reference
Signer_05_4.mov,Colour,train,Colour/Signer_05_4.mov,05,known_reference
Signer_05_5.mov,Colour,train,Colour/Signer_05_5.mov,05,known_reference
Signer_06_1.mov,Colour,train,Colour/Signer_06_1.mov,06,known_reference
Signer_06_2.mov,Colour,train,Colour/Signer_06_2.mov,06,known_reference
Signer_06_3.mov,Colour,train,Colour/Signer_06_3.mov,06,known_reference
Signer_06_4.mov,Colour,train,Colour/Signer_06_4.mov,06,known_reference
Signer_06_5.mov,Colour,train,Colour/Signer_06_5.mov,06,known_reference
Signer_07_1.mov,Colour,train,Colour/Signer_07_1.mov,07,known_reference
Signer_07_2.mov,Colour,train,Colour/Signer_07_2.mov,07,known_reference
Signer_07_3.mov,Colour,train,Colour/Signer_07_3.mov,07,known_reference
Signer_07_4.mov,Colour,train,Colour/Signer_07_4.mov,07,known_reference
Signer_07_5.mov,Colour,train,Colour/Signer_07_5.mov,07,known_reference
Signer_08_a. Colour.mov,Colour,train,Colour/Signer_08_a. Colour.mov,08,known_reference
Signer_08_b. Colour.mov,Colour,train,Colour/Signer_08_b. Colour.mov,08,known_reference
Signer_08_c. Colour.mov,Colour,train,Colour/Signer_08_c. Colour.mov,08,known_reference
Signer_08_d. Colour.mov,Colour,train,Colour/Signer_08_d. Colour.mov,08,known_reference
Signer_08_e. Colour.mov,Colour,train,Colour/Signer_08_e. Colour.mov,08,known_reference
Signer_09_1.mov,Colour,train,Colour/Signer_09_1.mov,09,known_reference
Signer_09_2.mov,Colour,train,Colour/Signer_09_2.mov,09,known_reference
Signer_09_3.mov,Colour,train,Colour/Signer_09_3.mov,09,known_reference
Signer_09_4.mov,Colour,train,Colour/Signer_09_4.mov,09,known_reference
Signer_09_5.mov,Colour,train,Colour/Signer_09_5.mov,09,known_reference
Signer_10_1.mov,Colour,train,Colour/Signer_10_1.mov,10,known_reference
Signer_10_2.mov,Colour,train,Colour/Signer_10_2.mov,10,known_reference
Signer_10_3.mov,Colour,train,Colour/Signer_10_3.mov,10,known_reference
Signer_10_4.mov,Colour,train,Colour/Signer_10_4.mov,10,known_reference
Signer_10_5.mov,Colour,train,Colour/Signer_10_5.mov,10,known_reference
Signer_01_1.mov,Friend,train,Friend/Signer_01_1.mov,01,known_reference
Signer_01_2.mov,Friend,train,Friend/Signer_01_2.mov,01,known_reference
Signer_01_3.mov,Friend,train,Friend/Signer_01_3.mov,01,known_reference
Signer_01_4.mov,Friend,train,Friend/Signer_01_4.mov,01,known_reference
Signer_01_5.mov,Friend,train,Friend/Signer_01_5.mov,01,known_reference
Signer_02_1.mov,Friend,train,Friend/Signer_02_1.mov,02,known_reference
Signer_02_2.mov,Friend,train,Friend/Signer_02_2.mov,02,known_reference
Signer_02_3.mov,Friend,train,Friend/Signer_02_3.mov,02,known_reference
Signer_02_4.mov,Friend,train,Friend/Signer_02_4.mov,02,known_reference
Signer_02_5.mov,Friend,train,Friend/Signer_02_5.mov,02,known_reference
Signer_03_1.mov,Friend,train,Friend/Signer_03_1.mov,03,known_reference
Signer_03_2.mov,Friend,train,Friend/Signer_03_2.mov,03,known_reference
Signer_03_3.mov,Friend,train,Friend/Signer_03_3.mov,03,known_reference
Signer_03_4.mov,Friend,train,Friend/Signer_03_4.mov,03,known_reference
Signer_03_5.mov,Friend,train,Friend/Signer_03_5.mov,03,known_reference
Signer_04_1.mov,Friend,train,Friend/Signer_04_1.mov,04,known_reference
Signer_04_2.mov,Friend,train,Friend/Signer_04_2.mov,04,known_reference
Signer_04_3.mov,Friend,train,Friend/Signer_04_3.mov,04,known_reference
Signer_04_4.mov,Friend,train,Friend/Signer_04_4.mov,04,known_reference
Signer_04_5.mov,Friend,train,Friend/Signer_04_5.mov,04,known_reference
Signer_05_1.mov,Friend,train,Friend/Signer_05_1.mov,05,known_reference
Signer_05_2.mov,Friend,train,Friend/Signer_05_2.mov,05,known_reference
Signer_05_3.mov,Friend,train,Friend/Signer_05_3.mov,05,known_reference
Signer_05_4.mov,Friend,train,Friend/Signer_05_4.mov,05,known_reference
Signer_05_5.mov,Friend,train,Friend/Signer_05_5.mov,05,known_reference
Signer_06_1.mov,Friend,train,Friend/Signer_06_1.mov,06,known_reference
Signer_06_2.mov,Friend,train,Friend/Signer_06_2.mov,06,known_reference
Signer_06_3.mov,Friend,train,Friend/Signer_06_3.mov,06,known_reference
Signer_06_4.mov,Friend,train,Friend/Signer_06_4.mov,06,known_reference
Signer_06_5.mov,Friend,train,Friend/Signer_06_5.mov,06,known_reference
Signer_07_1.mov,Friend,train,Friend/Signer_07_1.mov,07,known_reference
Signer_07_2.mov,Friend,train,Friend/Signer_07_2.mov,07,known_reference
Signer_07_3.mov,Friend,train,Friend/Signer_07_3.mov,07,known_reference
Signer_07_4.mov,Friend,train,Friend/Signer_07_4.mov,07,known_reference
Signer_07_5.mov,Friend,train,Friend/Signer_07_5.mov,07,known_reference
Signer_08_a. Friend.mov,Friend,train,Friend/Signer_08_a. Friend.mov,08,known_reference
Signer_08_b. Friend.mov,Friend,train,Friend/Signer_08_b. Friend.mov,08,known_reference
Signer_08_c. Friend.mov,Friend,train,Friend/Signer_08_c. Friend.mov,08,known_reference
Signer_08_d. Friend.mov,Friend,train,Friend/Signer_08_d. Friend.mov,08,known_reference
Signer_08_e. Friend.mov,Friend,train,Friend/Signer_08_e. Friend.mov,08,known_reference
Signer_09_1.mov,Friend,train,Friend/Signer_09_1.mov,09,known_reference
Signer_09_2.mov,Friend,train,Friend/Signer_09_2.mov,09,known_reference
Signer_09_3.mov,Friend,train,Friend/Signer_09_3.mov,09,known_reference
Signer_09_4.mov,Friend,train,Friend/Signer_09_4.mov,09,known_reference
Signer_09_5.mov,Friend,train,Friend/Signer_09_5.mov,09,known_reference
Signer_10_1.mov,Friend,train,Friend/Signer_10_1.mov,10,known_reference
Signer_10_2.mov,Friend,train,Friend/Signer_10_2.mov,10,known_reference
Signer_10_3.mov,Friend,train,Friend/Signer_10_3.mov,10,known_reference
Signer_10_4.mov,Friend,train,Friend/Signer_10_4.mov,10,known_reference
Signer_10_5.mov,Friend,train,Friend/Signer_10_5.mov,10,known_reference
Signer_01_1.mov,Gift,train,Gift/Signer_01_1.mov,01,known_reference
Signer_01_2.mov,Gift,train,Gift/Signer_01_2.mov,01,known_reference
Signer_01_3.mov,Gift,train,Gift/Signer_01_3.mov,01,known_reference
Signer_01_4.mov,Gift,train,Gift/Signer_01_4.mov,01,known_reference
Signer_01_5.mov,Gift,train,Gift/Signer_01_5.mov,01,known_reference
Signer_02_1.mov,Gift,train,Gift/Signer_02_1.mov,02,known_reference
Signer_02_2.mov,Gift,train,Gift/Signer_02_2.mov,02,known_reference
Signer_02_3.mov,Gift,train,Gift/Signer_02_3.mov,02,known_reference
Signer_02_4.mov,Gift,train,Gift/Signer_02_4.mov,02,known_reference
Signer_02_5.mov,Gift,train,Gift/Signer_02_5.mov,02,known_reference
Signer_03_1.mov,Gift,train,Gift/Signer_03_1.mov,03,known_reference
Signer_03_2.mov,Gift,train,Gift/Signer_03_2.mov,03,known_reference
Signer_03_3.mov,Gift,train,Gift/Signer_03_3.mov,03,known_reference
Signer_03_4.mov,Gift,train,Gift/Signer_03_4.mov,03,known_reference
Signer_03_5.mov,Gift,train,Gift/Signer_03_5.mov,03,known_reference
Signer_04_1.mov,Gift,train,Gift/Signer_04_1.mov,04,known_reference
Signer_04_2.mov,Gift,train,Gift/Signer_04_2.mov,04,known_reference
Signer_04_3.mov,Gift,train,Gift/Signer_04_3.mov,04,known_reference
Signer_04_4.mov,Gift,train,Gift/Signer_04_4.mov,04,known_reference
Signer_04_5.mov,Gift,train,Gift/Signer_04_5.mov,04,known_reference
Signer_05_1.mov,Gift,train,Gift/Signer_05_1.mov,05,known_reference
Signer_05_2.mov,Gift,train,Gift/Signer_05_2.mov,05,known_reference
Signer_05_3.mov,Gift,train,Gift/Signer_05_3.mov,05,known_reference
Signer_05_4.mov,Gift,train,Gift/Signer_05_4.mov,05,known_reference
Signer_05_5.mov,Gift,train,Gift/Signer_05_5.mov,05,known_reference
Signer_06_1.mov,Gift,train,Gift/Signer_06_1.mov,06,known_reference
Signer_06_2.mov,Gift,train,Gift/Signer_06_2.mov,06,known_reference
Signer_06_3.mov,Gift,train,Gift/Signer_06_3.mov,06,known_reference
Signer_06_4.mov,Gift,train,Gift/Signer_06_4.mov,06,known_reference
Signer_06_5.mov,Gift,train,Gift/Signer_06_5.mov,06,known_reference
Signer_07_1.mov,Gift,train,Gift/Signer_07_1.mov,07,known_reference
Signer_07_2.mov,Gift,train,Gift/Signer_07_2.mov,07,known_reference
Signer_07_3.mov,Gift,train,Gift/Signer_07_3.mov,07,known_reference
Signer_07_4.mov,Gift,train,Gift/Signer_07_4.mov,07,known_reference
Signer_07_5.mov,Gift,train,Gift/Signer_07_5.mov,07,known_reference
Signer_08_1.mov,Gift,train,Gift/Signer_08_1.mov,08,known_reference
Signer_08_2.mov,Gift,train,Gift/Signer_08_2.mov,08,known_reference
Signer_08_3.mov,Gift,train,Gift/Signer_08_3.mov,08,known_reference
Signer_08_4.mov,Gift,train,Gift/Signer_08_4.mov,08,known_reference
Signer_08_5.mov,Gift,train,Gift/Signer_08_5.mov,08,known_reference
Signer_09_1.mov,Gift,train,Gift/Signer_09_1.mov,09,known_reference
Signer_09_2.mov,Gift,train,Gift/Signer_09_2.mov,09,known_reference
Signer_09_3.mov,Gift,train,Gift/Signer_09_3.mov,09,known_reference
Signer_09_4.mov,Gift,train,Gift/Signer_09_4.mov,09,known_reference
Signer_09_5.mov,Gift,train,Gift/Signer_09_5.mov,09,known_reference
Signer_10_1.mov,Gift,train,Gift/Signer_10_1.mov,10,known_reference
Signer_10_2.mov,Gift,train,Gift/Signer_10_2.mov,10,known_reference
Signer_10_3.mov,Gift,train,Gift/Signer_10_3.mov,10,known_reference
Signer_10_4.mov,Gift,train,Gift/Signer_10_4.mov,10,known_reference
Signer_10_5.mov,Gift,train,Gift/Signer_10_5.mov,10,known_reference
Signer_01_1.mov,Market,train,Market/Signer_01_1.mov,01,known_reference
Signer_01_2.mov,Market,train,Market/Signer_01_2.mov,01,known_reference
Signer_01_3.mov,Market,train,Market/Signer_01_3.mov,01,known_reference
Signer_01_4.mov,Market,train,Market/Signer_01_4.mov,01,known_reference
Signer_01_5.mov,Market,train,Market/Signer_01_5.mov,01,known_reference
Signer_02_2.mov,Market,train,Market/Signer_02_2.mov,02,known_reference
Signer_02_3.mov,Market,train,Market/Signer_02_3.mov,02,known_reference
Signer_02_4.mov,Market,train,Market/Signer_02_4.mov,02,known_reference
Signer_02_5.mov,Market,train,Market/Signer_02_5.mov,02,known_reference
Signer_03_1.mov,Market,train,Market/Signer_03_1.mov,03,known_reference
Signer_03_2.mov,Market,train,Market/Signer_03_2.mov,03,known_reference
Signer_03_3.mov,Market,train,Market/Signer_03_3.mov,03,known_reference
Signer_03_4.mov,Market,train,Market/Signer_03_4.mov,03,known_reference
Signer_03_5.mov,Market,train,Market/Signer_03_5.mov,03,known_reference
Signer_04_1.mov,Market,train,Market/Signer_04_1.mov,04,known_reference
Signer_04_2.mov,Market,train,Market/Signer_04_2.mov,04,known_reference
Signer_04_3.mov,Market,train,Market/Signer_04_3.mov,04,known_reference
Signer_04_4.mov,Market,train,Market/Signer_04_4.mov,04,known_reference
Signer_04_5.mov,Market,train,Market/Signer_04_5.mov,04,known_reference
Signer_05_1.mov,Market,train,Market/Signer_05_1.mov,05,known_reference
Signer_05_2.mov,Market,train,Market/Signer_05_2.mov,05,known_reference
Signer_05_3.mov,Market,train,Market/Signer_05_3.mov,05,known_reference
Signer_05_4.mov,Market,train,Market/Signer_05_4.mov,05,known_reference
Signer_05_5.mov,Market,train,Market/Signer_05_5.mov,05,known_reference
Signer_06_1.mov,Market,train,Market/Signer_06_1.mov,06,known_reference
Signer_06_2.mov,Market,train,Market/Signer_06_2.mov,06,known_reference
Signer_06_3.mov,Market,train,Market/Signer_06_3.mov,06,known_reference
Signer_06_4.mov,Market,train,Market/Signer_06_4.mov,06,known_reference
Signer_06_5.mov,Market,train,Market/Signer_06_5.mov,06,known_reference
Signer_07_1.mov,Market,train,Market/Signer_07_1.mov,07,known_reference
Signer_07_2.mov,Market,train,Market/Signer_07_2.mov,07,known_reference
Signer_07_3.mov,Market,train,Market/Signer_07_3.mov,07,known_reference
Signer_07_4.mov,Market,train,Market/Signer_07_4.mov,07,known_reference
Signer_07_5.mov,Market,train,Market/Signer_07_5.mov,07,known_reference
Signer_08_a. Market.mov,Market,train,Market/Signer_08_a. Market.mov,08,known_reference
Signer_08_b. Market.mov,Market,train,Market/Signer_08_b. Market.mov,08,known_reference
Signer_08_c. Market.mov,Market,train,Market/Signer_08_c. Market.mov,08,known_reference
Signer_08_d. Market.mov,Market,train,Market/Signer_08_d. Market.mov,08,known_reference
Signer_08_e. Market.mov,Market,train,Market/Signer_08_e. Market.mov,08,known_reference
Signer_09_1.mov,Market,train,Market/Signer_09_1.mov,09,known_reference
Signer_09_2.mov,Market,train,Market/Signer_09_2.mov,09,known_reference
Signer_09_3.mov,Market,train,Market/Signer_09_3.mov,09,known_reference
Signer_09_4.mov,Market,train,Market/Signer_09_4.mov,09,known_reference
Signer_09_5.mov,Market,train,Market/Signer_09_5.mov,09,known_reference
Signer_10_1.mov,Market,train,Market/Signer_10_1.mov,10,known_reference
Signer_10_2.mov,Market,train,Market/Signer_10_2.mov,10,known_reference
Signer_10_3.mov,Market,train,Market/Signer_10_3.mov,10,known_reference
Signer_10_4.mov,Market,train,Market/Signer_10_4.mov,10,known_reference
Signer_01_1.mov,Monday,train,Monday/Signer_01_1.mov,01,unused
Signer_01_2.mov,Monday,train,Monday/Signer_01_2.mov,01,unused
Signer_01_3.mov,Monday,train,Monday/Signer_01_3.mov,01,unused
Signer_01_4.mov,Monday,train,Monday/Signer_01_4.mov,01,unused
Signer_01_5.mov,Monday,train,Monday/Signer_01_5.mov,01,unused
Signer_02_1.mov,Monday,train,Monday/Signer_02_1.mov,02,unused
Signer_02_2.mov,Monday,train,Monday/Signer_02_2.mov,02,unused
Signer_02_3.mov,Monday,train,Monday/Signer_02_3.mov,02,unused
Signer_02_4.mov,Monday,train,Monday/Signer_02_4.mov,02,unused
Signer_02_5.mov,Monday,train,Monday/Signer_02_5.mov,02,unused
Signer_03_1.mov,Monday,train,Monday/Signer_03_1.mov,03,unused
Signer_03_2.mov,Monday,train,Monday/Signer_03_2.mov,03,unused
Signer_03_3.mov,Monday,train,Monday/Signer_03_3.mov,03,unused
Signer_03_4.mov,Monday,train,Monday/Signer_03_4.mov,03,unused
Signer_03_5.mov,Monday,train,Monday/Signer_03_5.mov,03,unused
Signer_04_1.mov,Monday,train,Monday/Signer_04_1.mov,04,unused
Signer_04_2.mov,Monday,train,Monday/Signer_04_2.mov,04,unused
Signer_04_3.mov,Monday,train,Monday/Signer_04_3.mov,04,unused
Signer_04_4.mov,Monday,train,Monday/Signer_04_4.mov,04,unused
Signer_04_5.mov,Monday,train,Monday/Signer_04_5.mov,04,unused
"Signer_05_1, Monday.mov",Monday,train,"Monday/Signer_05_1, Monday.mov",05,unused
Signer_05_2.mov,Monday,train,Monday/Signer_05_2.mov,05,unused
Signer_05_3.mov,Monday,train,Monday/Signer_05_3.mov,05,unused
Signer_05_4.mov,Monday,train,Monday/Signer_05_4.mov,05,unused
Signer_05_5.mov,Monday,train,Monday/Signer_05_5.mov,05,unused
Signer_06_1.mov,Monday,train,Monday/Signer_06_1.mov,06,unused
Signer_06_2.mov,Monday,train,Monday/Signer_06_2.mov,06,unused
Signer_06_3.mov,Monday,train,Monday/Signer_06_3.mov,06,unused
Signer_06_4.mov,Monday,train,Monday/Signer_06_4.mov,06,unused
Signer_06_5.mov,Monday,train,Monday/Signer_06_5.mov,06,unused
Signer_07_1.mov,Monday,train,Monday/Signer_07_1.mov,07,unused
Signer_07_2.mov,Monday,train,Monday/Signer_07_2.mov,07,unused
Signer_07_3.mov,Monday,train,Monday/Signer_07_3.mov,07,unused
Signer_07_4.mov,Monday,train,Monday/Signer_07_4.mov,07,unused
Signer_07_5.mov,Monday,train,Monday/Signer_07_5.mov,07,unused
Signer_08_1.mov,Monday,train,Monday/Signer_08_1.mov,08,unused
Signer_08_2.mov,Monday,train,Monday/Signer_08_2.mov,08,unused
Signer_08_3.mov,Monday,train,Monday/Signer_08_3.mov,08,unused
Signer_08_4.mov,Monday,train,Monday/Signer_08_4.mov,08,unused
Signer_08_5.mov,Monday,train,Monday/Signer_08_5.mov,08,unused
Signer_09_1.mov,Monday,train,Monday/Signer_09_1.mov,09,unused
Signer_09_2.mov,Monday,train,Monday/Signer_09_2.mov,09,unused
Signer_09_3.mov,Monday,train,Monday/Signer_09_3.mov,09,unused
Signer_09_4.mov,Monday,train,Monday/Signer_09_4.mov,09,unused
Signer_09_5.mov,Monday,train,Monday/Signer_09_5.mov,09,unused
Signer_10_1.mov,Monday,train,Monday/Signer_10_1.mov,10,unused
Signer_10_2.mov,Monday,train,Monday/Signer_10_2.mov,10,unused
Signer_10_3.mov,Monday,train,Monday/Signer_10_3.mov,10,unused
Signer_10_4.mov,Monday,train,Monday/Signer_10_4.mov,10,unused
Signer_10_5.mov,Monday,train,Monday/Signer_10_5.mov,10,unused
Signer_01_NUMBER 100 1.mov,No_100,train,No_100/Signer_01_NUMBER 100 1.mov,01,unused
Signer_01_NUMBER 100 2.mov,No_100,train,No_100/Signer_01_NUMBER 100 2.mov,01,unused
Signer_01_NUMBER 100 3.mov,No_100,train,No_100/Signer_01_NUMBER 100 3.mov,01,unused
Signer_01_NUMBER 100 4.mov,No_100,train,No_100/Signer_01_NUMBER 100 4.mov,01,unused
Signer_01_NUMBER 100 5.mov,No_100,train,No_100/Signer_01_NUMBER 100 5.mov,01,unused
Signer_02_a. 100.mov,No_100,train,No_100/Signer_02_a. 100.mov,02,unused
Signer_02_b. 100.mov,No_100,train,No_100/Signer_02_b. 100.mov,02,unused
Signer_02_c. 100.mov,No_100,train,No_100/Signer_02_c. 100.mov,02,unused
Signer_02_d. 100.mov,No_100,train,No_100/Signer_02_d. 100.mov,02,unused
Signer_02_e. 100.mov,No_100,train,No_100/Signer_02_e. 100.mov,02,unused
Signer_03_a. 100.mov,No_100,train,No_100/Signer_03_a. 100.mov,03,unused
Signer_03_b. 100.mov,No_100,train,No_100/Signer_03_b. 100.mov,03,unused
Signer_03_c. 100.mov,No_100,train,No_100/Signer_03_c. 100.mov,03,unused
Signer_03_d. 100.mov,No_100,train,No_100/Signer_03_d. 100.mov,03,unused
Signer_03_e. 100.mov,No_100,train,No_100/Signer_03_e. 100.mov,03,unused
Signer_04_a. 100.mov,No_100,train,No_100/Signer_04_a. 100.mov,04,unused
Signer_04_b. 100.mov,No_100,train,No_100/Signer_04_b. 100.mov,04,unused
Signer_04_c. 100.mov,No_100,train,No_100/Signer_04_c. 100.mov,04,unused
Signer_04_d. 100.mov,No_100,train,No_100/Signer_04_d. 100.mov,04,unused
Signer_04_e. 100.mov,No_100,train,No_100/Signer_04_e. 100.mov,04,unused
Signer_05_a. 100.mov,No_100,train,No_100/Signer_05_a. 100.mov,05,unused
Signer_05_b. 100.mov,No_100,train,No_100/Signer_05_b. 100.mov,05,unused
Signer_05_c. 100.mov,No_100,train,No_100/Signer_05_c. 100.mov,05,unused
Signer_05_d. 100.mov,No_100,train,No_100/Signer_05_d. 100.mov,05,unused
Signer_05_e. 100.mov,No_100,train,No_100/Signer_05_e. 100.mov,05,unused
Signer_06_a. 100.mov,No_100,train,No_100/Signer_06_a. 100.mov,06,unused
Signer_06_b. 100.mov,No_100,train,No_100/Signer_06_b. 100.mov,06,unused
Signer_06_c. 100.mov,No_100,train,No_100/Signer_06_c. 100.mov,06,unused
Signer_06_d. 100.mov,No_100,train,No_100/Signer_06_d. 100.mov,06,unused
Signer_06_e. 100.mov,No_100,train,No_100/Signer_06_e. 100.mov,06,unused
Signer_07_a. 100.mov,No_100,train,No_100/Signer_07_a. 100.mov,07,unused
Signer_07_b. 100.mov,No_100,train,No_100/Signer_07_b. 100.mov,07,unused
Signer_07_c. 100.mov,No_100,train,No_100/Signer_07_c. 100.mov,07,unused
Signer_07_d. 100.mov,No_100,train,No_100/Signer_07_d. 100.mov,07,unused
Signer_07_e. 100.mov,No_100,train,No_100/Signer_07_e. 100.mov,07,unused
Signer_08_a. 100.mov,No_100,train,No_100/Signer_08_a. 100.mov,08,unused
Signer_08_b. 100.mov,No_100,train,No_100/Signer_08_b. 100.mov,08,unused
Signer_08_c. 100.mov,No_100,train,No_100/Signer_08_c. 100.mov,08,unused
Signer_08_d. 100.mov,No_100,train,No_100/Signer_08_d. 100.mov,08,unused
Signer_08_e. 100.mov,No_100,train,No_100/Signer_08_e. 100.mov,08,unused
Signer_09_a. 100.mov,No_100,train,No_100/Signer_09_a. 100.mov,09,unused
Signer_09_b. 100.mov,No_100,train,No_100/Signer_09_b. 100.mov,09,unused
Signer_09_c. 100.mov,No_100,train,No_100/Signer_09_c. 100.mov,09,unused
Signer_09_d. 100.mov,No_100,train,No_100/Signer_09_d. 100.mov,09,unused
Signer_09_e. 100.mov,No_100,train,No_100/Signer_09_e. 100.mov,09,unused
Signer_10_a. 100.mov,No_100,train,No_100/Signer_10_a. 100.mov,10,unused
Signer_10_b. 100.mov,No_100,train,No_100/Signer_10_b. 100.mov,10,unused
Signer_10_c. 100.mov,No_100,train,No_100/Signer_10_c. 100.mov,10,unused
Signer_10_d. 100.mov,No_100,train,No_100/Signer_10_d. 100.mov,10,unused
Signer_10_e. 100.mov,No_100,train,No_100/Signer_10_e. 100.mov,10,unused
Signer_01_NUMBER 125 1.mov,No_125,train,No_125/Signer_01_NUMBER 125 1.mov,01,known_reference
Signer_01_NUMBER 125 2.mov,No_125,train,No_125/Signer_01_NUMBER 125 2.mov,01,known_reference
Signer_01_NUMBER 125 3.mov,No_125,train,No_125/Signer_01_NUMBER 125 3.mov,01,known_reference
Signer_01_NUMBER 125 4.mov,No_125,train,No_125/Signer_01_NUMBER 125 4.mov,01,known_reference
Signer_01_NUMBER 125 5.mov,No_125,train,No_125/Signer_01_NUMBER 125 5.mov,01,known_reference
Signer_02_a. 125.mov,No_125,train,No_125/Signer_02_a. 125.mov,02,known_reference
Signer_02_b. 125.mov,No_125,train,No_125/Signer_02_b. 125.mov,02,known_reference
Signer_02_c. 125.mov,No_125,train,No_125/Signer_02_c. 125.mov,02,known_reference
Signer_02_d. 125.mov,No_125,train,No_125/Signer_02_d. 125.mov,02,known_reference
Signer_02_e. 125.mov,No_125,train,No_125/Signer_02_e. 125.mov,02,known_reference
Signer_03_a. 125.mov,No_125,train,No_125/Signer_03_a. 125.mov,03,known_reference
Signer_03_b. 125.mov,No_125,train,No_125/Signer_03_b. 125.mov,03,known_reference
Signer_03_c. 125.mov,No_125,train,No_125/Signer_03_c. 125.mov,03,known_reference
Signer_03_d. 125.mov,No_125,train,No_125/Signer_03_d. 125.mov,03,known_reference
Signer_03_e. 125.mov,No_125,train,No_125/Signer_03_e. 125.mov,03,known_reference
Signer_04_a. 125.mov,No_125,train,No_125/Signer_04_a. 125.mov,04,known_reference
Signer_04_b. 125.mov,No_125,train,No_125/Signer_04_b. 125.mov,04,known_reference
Signer_04_c. 125.mov,No_125,train,No_125/Signer_04_c. 125.mov,04,known_reference
Signer_04_d. 125.mov,No_125,train,No_125/Signer_04_d. 125.mov,04,known_reference
Signer_04_e. 125.mov,No_125,train,No_125/Signer_04_e. 125.mov,04,known_reference
Signer_05_a. 125.mov,No_125,train,No_125/Signer_05_a. 125.mov,05,known_reference
Signer_05_b. 125.mov,No_125,train,No_125/Signer_05_b. 125.mov,05,known_reference
Signer_05_c. 125.mov,No_125,train,No_125/Signer_05_c. 125.mov,05,known_reference
Signer_05_d. 125.mov,No_125,train,No_125/Signer_05_d. 125.mov,05,known_reference
Signer_05_e. 125.mov,No_125,train,No_125/Signer_05_e. 125.mov,05,known_reference
Signer_06_a. 125.mov,No_125,train,No_125/Signer_06_a. 125.mov,06,known_reference
Signer_06_b. 125.mov,No_125,train,No_125/Signer_06_b. 125.mov,06,known_reference
Signer_06_c. 125.mov,No_125,train,No_125/Signer_06_c. 125.mov,06,known_reference
Signer_06_d. 125.mov,No_125,train,No_125/Signer_06_d. 125.mov,06,known_reference
Signer_06_e. 125.mov,No_125,train,No_125/Signer_06_e. 125.mov,06,known_reference
Signer_07_a.125.mov,No_125,train,No_125/Signer_07_a.125.mov,07,known_reference
Signer_07_b.125.mov,No_125,train,No_125/Signer_07_b.125.mov,07,known_reference
Signer_07_c.125.mov,No_125,train,No_125/Signer_07_c.125.mov,07,known_reference
Signer_07_d.125.mov,No_125,train,No_125/Signer_07_d.125.mov,07,known_reference
Signer_07_e.125.mov,No_125,train,No_125/Signer_07_e.125.mov,07,known_reference
Signer_08_a. 125.mov,No_125,train,No_125/Signer_08_a. 125.mov,08,known_reference
Signer_08_b. 125.mov,No_125,train,No_125/Signer_08_b. 125.mov,08,known_reference
Signer_08_c. 125.mov,No_125,train,No_125/Signer_08_c. 125.mov,08,known_reference
Signer_08_d. 125.mov,No_125,train,No_125/Signer_08_d. 125.mov,08,known_reference
Signer_08_e. 125.mov,No_125,train,No_125/Signer_08_e. 125.mov,08,known_reference
Signer_09_a. 125.mov,No_125,train,No_125/Signer_09_a. 125.mov,09,known_reference
Signer_09_b. 125.mov,No_125,train,No_125/Signer_09_b. 125.mov,09,known_reference
Signer_09_c. 125.mov,No_125,train,No_125/Signer_09_c. 125.mov,09,known_reference
Signer_09_d. 125.mov,No_125,train,No_125/Signer_09_d. 125.mov,09,known_reference
Signer_09_e. 125.mov,No_125,train,No_125/Signer_09_e. 125.mov,09,known_reference
Signer_10_a. 125.mov,No_125,train,No_125/Signer_10_a. 125.mov,10,known_reference
Signer_10_b. 125.mov,No_125,train,No_125/Signer_10_b. 125.mov,10,known_reference
Signer_10_c. 125.mov,No_125,train,No_125/Signer_10_c. 125.mov,10,known_reference
Signer_10_d. 125.mov,No_125,train,No_125/Signer_10_d. 125.mov,10,known_reference
Signer_10_e. 125.mov,No_125,train,No_125/Signer_10_e. 125.mov,10,known_reference
Signer_01_NUMBER 17 1.mov,No_17,train,No_17/Signer_01_NUMBER 17 1.mov,01,known_reference
Signer_01_NUMBER 17 2.mov,No_17,train,No_17/Signer_01_NUMBER 17 2.mov,01,known_reference
Signer_01_NUMBER 17 3.mov,No_17,train,No_17/Signer_01_NUMBER 17 3.mov,01,known_reference
Signer_01_NUMBER 17 4.mov,No_17,train,No_17/Signer_01_NUMBER 17 4.mov,01,known_reference
Signer_01_NUMBER 17 5.mov,No_17,train,No_17/Signer_01_NUMBER 17 5.mov,01,known_reference
Signer_02_a. 17.mov,No_17,train,No_17/Signer_02_a. 17.mov,02,known_reference
Signer_02_b. 17.mov,No_17,train,No_17/Signer_02_b. 17.mov,02,known_reference
Signer_02_c. 17.mov,No_17,train,No_17/Signer_02_c. 17.mov,02,known_reference
Signer_02_d. 17.mov,No_17,train,No_17/Signer_02_d. 17.mov,02,known_reference
Signer_02_e. 17.mov,No_17,train,No_17/Signer_02_e. 17.mov,02,known_reference
Signer_03_a. 17.mov,No_17,train,No_17/Signer_03_a. 17.mov,03,known_reference
Signer_03_b. 17.mov,No_17,train,No_17/Signer_03_b. 17.mov,03,known_reference
Signer_03_c. 17.mov,No_17,train,No_17/Signer_03_c. 17.mov,03,known_reference
Signer_03_d. 17.mov,No_17,train,No_17/Signer_03_d. 17.mov,03,known_reference
Signer_03_e. 17.mov,No_17,train,No_17/Signer_03_e. 17.mov,03,known_reference
Signer_04_a. 17.mov,No_17,train,No_17/Signer_04_a. 17.mov,04,known_reference
Signer_04_b. 17.mov,No_17,train,No_17/Signer_04_b. 17.mov,04,known_reference
Signer_04_c. 17.mov,No_17,train,No_17/Signer_04_c. 17.mov,04,known_reference
Signer_04_d. 17.mov,No_17,train,No_17/Signer_04_d. 17.mov,04,known_reference
Signer_04_e. 17.mov,No_17,train,No_17/Signer_04_e. 17.mov,04,known_reference
Signer_05_a. 17.mov,No_17,train,No_17/Signer_05_a. 17.mov,05,known_reference
Signer_05_b. 17.mov,No_17,train,No_17/Signer_05_b. 17.mov,05,known_reference
Signer_05_c. 17.mov,No_17,train,No_17/Signer_05_c. 17.mov,05,known_reference
Signer_05_d. 17.mov,No_17,train,No_17/Signer_05_d. 17.mov,05,known_reference
Signer_05_e. 17.mov,No_17,train,No_17/Signer_05_e. 17.mov,05,known_reference
Signer_06_a. 17.mov,No_17,train,No_17/Signer_06_a. 17.mov,06,known_reference
Signer_06_b. 17.mov,No_17,train,No_17/Signer_06_b. 17.mov,06,known_reference
Signer_06_c. 17.mov,No_17,train,No_17/Signer_06_c. 17.mov,06,known_reference
Signer_06_d. 17.mov,No_17,train,No_17/Signer_06_d. 17.mov,06,known_reference
Signer_06_e. 17.mov,No_17,train,No_17/Signer_06_e. 17.mov,06,known_reference
Signer_07_a. 17.mov,No_17,train,No_17/Signer_07_a. 17.mov,07,known_reference
Signer_07_b. 17.mov,No_17,train,No_17/Signer_07_b. 17.mov,07,known_reference
Signer_07_c. 17.mov,No_17,train,No_17/Signer_07_c. 17.mov,07,known_reference
Signer_07_d. 17.mov,No_17,train,No_17/Signer_07_d. 17.mov,07,known_reference
Signer_07_e. 17.mov,No_17,train,No_17/Signer_07_e. 17.mov,07,known_reference
Signer_08_a. 17.mov,No_17,train,No_17/Signer_08_a. 17.mov,08,known_reference
Signer_08_b. 17.mov,No_17,train,No_17/Signer_08_b. 17.mov,08,known_reference
Signer_08_c. 17.mov,No_17,train,No_17/Signer_08_c. 17.mov,08,known_reference
Signer_08_d. 17.mov,No_17,train,No_17/Signer_08_d. 17.mov,08,known_reference
Signer_08_e. 17.mov,No_17,train,No_17/Signer_08_e. 17.mov,08,known_reference
Signer_09_a. 17.mov,No_17,train,No_17/Signer_09_a. 17.mov,09,known_reference
Signer_09_b. 17.mov,No_17,train,No_17/Signer_09_b. 17.mov,09,known_reference
Signer_09_c. 17.mov,No_17,train,No_17/Signer_09_c. 17.mov,09,known_reference
Signer_09_d. 17.mov,No_17,train,No_17/Signer_09_d. 17.mov,09,known_reference
Signer_09_e. 17.mov,No_17,train,No_17/Signer_09_e. 17.mov,09,known_reference
Signer_10_a. 17.mov,No_17,train,No_17/Signer_10_a. 17.mov,10,known_reference
Signer_10_b. 17.mov,No_17,train,No_17/Signer_10_b. 17.mov,10,known_reference
Signer_10_c. 17.mov,No_17,train,No_17/Signer_10_c. 17.mov,10,known_reference
Signer_10_d. 17.mov,No_17,train,No_17/Signer_10_d. 17.mov,10,known_reference
Signer_10_e. 17.mov,No_17,train,No_17/Signer_10_e. 17.mov,10,known_reference
Signer_01_NUMBER 22 1.mov,No_22,train,No_22/Signer_01_NUMBER 22 1.mov,01,unused
Signer_01_NUMBER 22 2.mov,No_22,train,No_22/Signer_01_NUMBER 22 2.mov,01,unused
Signer_01_NUMBER 22 3.mov,No_22,train,No_22/Signer_01_NUMBER 22 3.mov,01,unused
Signer_01_NUMBER 22 4.mov,No_22,train,No_22/Signer_01_NUMBER 22 4.mov,01,unused
Signer_01_NUMBER 22 5.mov,No_22,train,No_22/Signer_01_NUMBER 22 5.mov,01,unused
Signer_02_a. 22.mov,No_22,train,No_22/Signer_02_a. 22.mov,02,unused
Signer_02_b. 22.mov,No_22,train,No_22/Signer_02_b. 22.mov,02,unused
Signer_02_c. 22.mov,No_22,train,No_22/Signer_02_c. 22.mov,02,unused
Signer_02_d. 22.mov,No_22,train,No_22/Signer_02_d. 22.mov,02,unused
Signer_02_e. 22.mov,No_22,train,No_22/Signer_02_e. 22.mov,02,unused
Signer_03_a. 22.mov,No_22,train,No_22/Signer_03_a. 22.mov,03,unused
Signer_03_b. 22.mov,No_22,train,No_22/Signer_03_b. 22.mov,03,unused
Signer_03_c. 22.mov,No_22,train,No_22/Signer_03_c. 22.mov,03,unused
Signer_03_d. 22.mov,No_22,train,No_22/Signer_03_d. 22.mov,03,unused
Signer_03_e. 22.mov,No_22,train,No_22/Signer_03_e. 22.mov,03,unused
Signer_04_a. 22.mov,No_22,train,No_22/Signer_04_a. 22.mov,04,unused
Signer_04_b. 22.mov,No_22,train,No_22/Signer_04_b. 22.mov,04,unused
Signer_04_c. 22.mov,No_22,train,No_22/Signer_04_c. 22.mov,04,unused
Signer_04_d. 22.mov,No_22,train,No_22/Signer_04_d. 22.mov,04,unused
Signer_04_e. 22.mov,No_22,train,No_22/Signer_04_e. 22.mov,04,unused
Signer_05_a. 22.mov,No_22,train,No_22/Signer_05_a. 22.mov,05,unused
Signer_05_b. 22.mov,No_22,train,No_22/Signer_05_b. 22.mov,05,unused
Signer_05_c. 22.mov,No_22,train,No_22/Signer_05_c. 22.mov,05,unused
Signer_05_d. 22.mov,No_22,train,No_22/Signer_05_d. 22.mov,05,unused
Signer_05_e. 22.mov,No_22,train,No_22/Signer_05_e. 22.mov,05,unused
Signer_06_a. 22.mov,No_22,train,No_22/Signer_06_a. 22.mov,06,unused
Signer_06_b. 22.mov,No_22,train,No_22/Signer_06_b. 22.mov,06,unused
Signer_06_c. 22.mov,No_22,train,No_22/Signer_06_c. 22.mov,06,unused
Signer_06_d. 22.mov,No_22,train,No_22/Signer_06_d. 22.mov,06,unused
Signer_06_e. 22.mov,No_22,train,No_22/Signer_06_e. 22.mov,06,unused
Signer_07_a. 22.mov,No_22,train,No_22/Signer_07_a. 22.mov,07,unused
Signer_07_b. 22.mov,No_22,train,No_22/Signer_07_b. 22.mov,07,unused
Signer_07_c. 22.mov,No_22,train,No_22/Signer_07_c. 22.mov,07,unused
Signer_07_d. 22.mov,No_22,train,No_22/Signer_07_d. 22.mov,07,unused
Signer_07_e. 22.mov,No_22,train,No_22/Signer_07_e. 22.mov,07,unused
Signer_08_a. 22.mov,No_22,train,No_22/Signer_08_a. 22.mov,08,unused
Signer_08_b. 22.mov,No_22,train,No_22/Signer_08_b. 22.mov,08,unused
Signer_08_c. 22.mov,No_22,train,No_22/Signer_08_c. 22.mov,08,unused
Signer_08_d. 22.mov,No_22,train,No_22/Signer_08_d. 22.mov,08,unused
Signer_08_e. 22.mov,No_22,train,No_22/Signer_08_e. 22.mov,08,unused
Signer_09_a. 22.mov,No_22,train,No_22/Signer_09_a. 22.mov,09,unused
Signer_09_b. 22.mov,No_22,train,No_22/Signer_09_b. 22.mov,09,unused
Signer_09_c. 22.mov,No_22,train,No_22/Signer_09_c. 22.mov,09,unused
Signer_09_d. 22.mov,No_22,train,No_22/Signer_09_d. 22.mov,09,unused
Signer_09_e. 22.mov,No_22,train,No_22/Signer_09_e. 22.mov,09,unused
Signer_10_a. 22.mov,No_22,train,No_22/Signer_10_a. 22.mov,10,unused
Signer_10_b. 22.mov,No_22,train,No_22/Signer_10_b. 22.mov,10,unused
Signer_10_c. 22.mov,No_22,train,No_22/Signer_10_c. 22.mov,10,unused
Signer_10_d. 22.mov,No_22,train,No_22/Signer_10_d. 22.mov,10,unused
Signer_10_e. 22.mov,No_22,train,No_22/Signer_10_e. 22.mov,10,unused
Signer_01_NUMBER 268 1.mov,No_268,train,No_268/Signer_01_NUMBER 268 1.mov,01,known_reference
Signer_01_NUMBER 268 2.mov,No_268,train,No_268/Signer_01_NUMBER 268 2.mov,01,known_reference
Signer_01_NUMBER 268 3.mov,No_268,train,No_268/Signer_01_NUMBER 268 3.mov,01,known_reference
Signer_01_NUMBER 268 4.mov,No_268,train,No_268/Signer_01_NUMBER 268 4.mov,01,known_reference
Signer_01_NUMBER 268 5.mov,No_268,train,No_268/Signer_01_NUMBER 268 5.mov,01,known_reference
Signer_02_a. 268.mov,No_268,train,No_268/Signer_02_a. 268.mov,02,known_reference
Signer_02_b. 268.mov,No_268,train,No_268/Signer_02_b. 268.mov,02,known_reference
Signer_02_c. 268.mov,No_268,train,No_268/Signer_02_c. 268.mov,02,known_reference
Signer_02_d. 268.mov,No_268,train,No_268/Signer_02_d. 268.mov,02,known_reference
Signer_02_e. 268.mov,No_268,train,No_268/Signer_02_e. 268.mov,02,known_reference
Signer_03_a. 268.mov,No_268,train,No_268/Signer_03_a. 268.mov,03,known_reference
Signer_03_b. 268.mov,No_268,train,No_268/Signer_03_b. 268.mov,03,known_reference
Signer_03_c. 268.mov,No_268,train,No_268/Signer_03_c. 268.mov,03,known_reference
Signer_03_d. 268.mov,No_268,train,No_268/Signer_03_d. 268.mov,03,known_reference
Signer_03_e. 268.mov,No_268,train,No_268/Signer_03_e. 268.mov,03,known_reference
Signer_04_a. 268.mov,No_268,train,No_268/Signer_04_a. 268.mov,04,known_reference
Signer_04_b. 268.mov,No_268,train,No_268/Signer_04_b. 268.mov,04,known_reference
Signer_04_c. 268.mov,No_268,train,No_268/Signer_04_c. 268.mov,04,known_reference
Signer_04_d. 268.mov,No_268,train,No_268/Signer_04_d. 268.mov,04,known_reference
Signer_04_e. 268.mov,No_268,train,No_268/Signer_04_e. 268.mov,04,known_reference
Signer_05_a. 268.mov,No_268,train,No_268/Signer_05_a. 268.mov,05,known_reference
Signer_05_b. 268.mov,No_268,train,No_268/Signer_05_b. 268.mov,05,known_reference
Signer_05_c. 268.mov,No_268,train,No_268/Signer_05_c. 268.mov,05,known_reference
Signer_05_d. 268.mov,No_268,train,No_268/Signer_05_d. 268.mov,05,known_reference
Signer_05_e. 268.mov,No_268,train,No_268/Signer_05_e. 268.mov,05,known_reference
Signer_06_a. 268.mov,No_268,train,No_268/Signer_06_a. 268.mov,06,known_reference
Signer_06_b. 268.mov,No_268,train,No_268/Signer_06_b. 268.mov,06,known_reference
Signer_06_c. 268.mov,No_268,train,No_268/Signer_06_c. 268.mov,06,known_reference
Signer_06_d. 268.mov,No_268,train,No_268/Signer_06_d. 268.mov,06,known_reference
Signer_06_e. 268.mov,No_268,train,No_268/Signer_06_e. 268.mov,06,known_reference
Signer_07_a. 268.mov,No_268,train,No_268/Signer_07_a. 268.mov,07,known_reference
Signer_07_b. 268.mov,No_268,train,No_268/Signer_07_b. 268.mov,07,known_reference
Signer_07_c. 268.mov,No_268,train,No_268/Signer_07_c. 268.mov,07,known_reference
Signer_07_d. 268.mov,No_268,train,No_268/Signer_07_d. 268.mov,07,known_reference
Signer_07_e. 268.mov,No_268,train,No_268/Signer_07_e. 268.mov,07,known_reference
Signer_08_a. 268.mov,No_268,train,No_268/Signer_08_a. 268.mov,08,known_reference
Signer_08_b. 268.mov,No_268,train,No_268/Signer_08_b. 268.mov,08,known_reference
Signer_08_c. 268.mov,No_268,train,No_268/Signer_08_c. 268.mov,08,known_reference
Signer_08_d. 268.mov,No_268,train,No_268/Signer_08_d. 268.mov,08,known_reference
Signer_08_e. 268.mov,No_268,train,No_268/Signer_08_e. 268.mov,08,known_reference
Signer_09_a. 268.mov,No_268,train,No_268/Signer_09_a. 268.mov,09,known_reference
Signer_09_b. 268.mov,No_268,train,No_268/Signer_09_b. 268.mov,09,known_reference
Signer_09_c. 268.mov,No_268,train,No_268/Signer_09_c. 268.mov,09,known_reference
Signer_09_d. 268.mov,No_268,train,No_268/Signer_09_d. 268.mov,09,known_reference
Signer_09_e. 268.mov,No_268,train,No_268/Signer_09_e. 268.mov,09,known_reference
Signer_10_a. 268.mov,No_268,train,No_268/Signer_10_a. 268.mov,10,known_reference
Signer_10_b. 268.mov,No_268,train,No_268/Signer_10_b. 268.mov,10,known_reference
Signer_10_c. 268.mov,No_268,train,No_268/Signer_10_c. 268.mov,10,known_reference
Signer_10_d. 268.mov,No_268,train,No_268/Signer_10_d. 268.mov,10,known_reference
Signer_10_e. 268.mov,No_268,train,No_268/Signer_10_e. 268.mov,10,known_reference
Signer_01_NUMBER 35 1.mov,No_35,train,No_35/Signer_01_NUMBER 35 1.mov,01,known_reference
Signer_01_NUMBER 35 2.mov,No_35,train,No_35/Signer_01_NUMBER 35 2.mov,01,known_reference
Signer_01_NUMBER 35 3.mov,No_35,train,No_35/Signer_01_NUMBER 35 3.mov,01,known_reference
Signer_01_NUMBER 35 4.mov,No_35,train,No_35/Signer_01_NUMBER 35 4.mov,01,known_reference
Signer_01_NUMBER 35 5.mov,No_35,train,No_35/Signer_01_NUMBER 35 5.mov,01,known_reference
Signer_02_a. 35.mov,No_35,train,No_35/Signer_02_a. 35.mov,02,known_reference
Signer_02_b. 35.mov,No_35,train,No_35/Signer_02_b. 35.mov,02,known_reference
Signer_02_c. 35.mov,No_35,train,No_35/Signer_02_c. 35.mov,02,known_reference
Signer_02_d. 35.mov,No_35,train,No_35/Signer_02_d. 35.mov,02,known_reference
Signer_02_e. 35.mov,No_35,train,No_35/Signer_02_e. 35.mov,02,known_reference
Signer_03_a. 35.mov,No_35,train,No_35/Signer_03_a. 35.mov,03,known_reference
Signer_03_b. 35.mov,No_35,train,No_35/Signer_03_b. 35.mov,03,known_reference
Signer_03_c. 35.mov,No_35,train,No_35/Signer_03_c. 35.mov,03,known_reference
Signer_03_d. 35.mov,No_35,train,No_35/Signer_03_d. 35.mov,03,known_reference
Signer_03_e. 35.mov,No_35,train,No_35/Signer_03_e. 35.mov,03,known_reference
Signer_04_a. 35.mov,No_35,train,No_35/Signer_04_a. 35.mov,04,known_reference
Signer_04_b. 35.mov,No_35,train,No_35/Signer_04_b. 35.mov,04,known_reference
Signer_04_c. 35.mov,No_35,train,No_35/Signer_04_c. 35.mov,04,known_reference
Signer_04_d. 35.mov,No_35,train,No_35/Signer_04_d. 35.mov,04,known_reference
Signer_04_e. 35.mov,No_35,train,No_35/Signer_04_e. 35.mov,04,known_reference
Signer_05_a. 35.mov,No_35,train,No_35/Signer_05_a. 35.mov,05,known_reference
Signer_05_b. 35.mov,No_35,train,No_35/Signer_05_b. 35.mov,05,known_reference
Signer_05_c. 35.mov,No_35,train,No_35/Signer_05_c. 35.mov,05,known_reference
Signer_05_d. 35.mov,No_35,train,No_35/Signer_05_d. 35.mov,05,known_reference
Signer_05_e. 35.mov,No_35,train,No_35/Signer_05_e. 35.mov,05,known_reference
Signer_06_a. 35.mov,No_35,train,No_35/Signer_06_a. 35.mov,06,known_reference
Signer_06_b. 35.mov,No_35,train,No_35/Signer_06_b. 35.mov,06,known_reference
Signer_06_c. 35.mov,No_35,train,No_35/Signer_06_c. 35.mov,06,known_reference
Signer_06_d. 35.mov,No_35,train,No_35/Signer_06_d. 35.mov,06,known_reference
Signer_06_e. 35.mov,No_35,train,No_35/Signer_06_e. 35.mov,06,known_reference
Signer_07_a. 35.mov,No_35,train,No_35/Signer_07_a. 35.mov,07,known_reference
Signer_07_b. 35.mov,No_35,train,No_35/Signer_07_b. 35.mov,07,known_reference
Signer_07_c. 35.mov,No_35,train,No_35/Signer_07_c. 35.mov,07,known_reference
Signer_07_d. 35.mov,No_35,train,No_35/Signer_07_d. 35.mov,07,known_reference
Signer_07_e. 35.mov,No_35,train,No_35/Signer_07_e. 35.mov,07,known_reference
Signer_08_a. 35.mov,No_35,train,No_35/Signer_08_a. 35.mov,08,known_reference
Signer_08_b. 35.mov,No_35,train,No_35/Signer_08_b. 35.mov,08,known_reference
Signer_08_c. 35.mov,No_35,train,No_35/Signer_08_c. 35.mov,08,known_reference
Signer_08_d. 35.mov,No_35,train,No_35/Signer_08_d. 35.mov,08,known_reference
Signer_08_e. 35.mov,No_35,train,No_35/Signer_08_e. 35.mov,08,known_reference
Signer_09_a. 35.mov,No_35,train,No_35/Signer_09_a. 35.mov,09,known_reference
Signer_09_b. 35.mov,No_35,train,No_35/Signer_09_b. 35.mov,09,known_reference
Signer_09_c. 35.mov,No_35,train,No_35/Signer_09_c. 35.mov,09,known_reference
Signer_09_d. 35.mov,No_35,train,No_35/Signer_09_d. 35.mov,09,known_reference
Signer_09_e. 35.mov,No_35,train,No_35/Signer_09_e. 35.mov,09,known_reference
Signer_10_a. 35.mov,No_35,train,No_35/Signer_10_a. 35.mov,10,known_reference
Signer_10_b. 35.mov,No_35,train,No_35/Signer_10_b. 35.mov,10,known_reference
Signer_10_c. 35.mov,No_35,train,No_35/Signer_10_c. 35.mov,10,known_reference
Signer_10_d. 35.mov,No_35,train,No_35/Signer_10_d. 35.mov,10,known_reference
Signer_10_e. 35.mov,No_35,train,No_35/Signer_10_e. 35.mov,10,known_reference
Signer_01_NUMBER 388 1.mov,No_388,train,No_388/Signer_01_NUMBER 388 1.mov,01,known_reference
Signer_01_NUMBER 388 2.mov,No_388,train,No_388/Signer_01_NUMBER 388 2.mov,01,known_reference
Signer_01_NUMBER 388 3.mov,No_388,train,No_388/Signer_01_NUMBER 388 3.mov,01,known_reference
Signer_01_NUMBER 388 4.mov,No_388,train,No_388/Signer_01_NUMBER 388 4.mov,01,known_reference
Signer_01_NUMBER 388 5.mov,No_388,train,No_388/Signer_01_NUMBER 388 5.mov,01,known_reference
Signer_02_a. 388.mov,No_388,train,No_388/Signer_02_a. 388.mov,02,known_reference
Signer_02_b. 388.mov,No_388,train,No_388/Signer_02_b. 388.mov,02,known_reference
Signer_02_c. 388.mov,No_388,train,No_388/Signer_02_c. 388.mov,02,known_reference
Signer_02_d. 388.mov,No_388,train,No_388/Signer_02_d. 388.mov,02,known_reference
Signer_02_e. 388.mov,No_388,train,No_388/Signer_02_e. 388.mov,02,known_reference
Signer_03_a. 388.mov,No_388,train,No_388/Signer_03_a. 388.mov,03,known_reference
Signer_03_b. 388.mov,No_388,train,No_388/Signer_03_b. 388.mov,03,known_reference
Signer_03_c. 388.mov,No_388,train,No_388/Signer_03_c. 388.mov,03,known_reference
Signer_03_d. 388.mov,No_388,train,No_388/Signer_03_d. 388.mov,03,known_reference
Signer_03_e. 388.mov,No_388,train,No_388/Signer_03_e. 388.mov,03,known_reference
Signer_04_a. 388.mov,No_388,train,No_388/Signer_04_a. 388.mov,04,known_reference
Signer_04_b. 388.mov,No_388,train,No_388/Signer_04_b. 388.mov,04,known_reference
Signer_04_c. 388.mov,No_388,train,No_388/Signer_04_c. 388.mov,04,known_reference
Signer_04_d. 388.mov,No_388,train,No_388/Signer_04_d. 388.mov,04,known_reference
Signer_04_e. 388.mov,No_388,train,No_388/Signer_04_e. 388.mov,04,known_reference
Signer_05_a. 388.mov,No_388,train,No_388/Signer_05_a. 388.mov,05,known_reference
Signer_05_b. 388.mov,No_388,train,No_388/Signer_05_b. 388.mov,05,known_reference
Signer_05_c. 388.mov,No_388,train,No_388/Signer_05_c. 388.mov,05,known_reference
Signer_05_d. 388.mov,No_388,train,No_388/Signer_05_d. 388.mov,05,known_reference
Signer_05_e. 388.mov,No_388,train,No_388/Signer_05_e. 388.mov,05,known_reference
Signer_06_a. 388.mov,No_388,train,No_388/Signer_06_a. 388.mov,06,known_reference
Signer_06_b. 388.mov,No_388,train,No_388/Signer_06_b. 388.mov,06,known_reference
Signer_06_c. 388.mov,No_388,train,No_388/Signer_06_c. 388.mov,06,known_reference
Signer_06_d. 388.mov,No_388,train,No_388/Signer_06_d. 388.mov,06,known_reference
Signer_06_e. 388.mov,No_388,train,No_388/Signer_06_e. 388.mov,06,known_reference
Signer_07_a. 388.mov,No_388,train,No_388/Signer_07_a. 388.mov,07,known_reference
Signer_07_b. 388.mov,No_388,train,No_388/Signer_07_b. 388.mov,07,known_reference
Signer_07_c. 388.mov,No_388,train,No_388/Signer_07_c. 388.mov,07,known_reference
Signer_07_d. 388.mov,No_388,train,No_388/Signer_07_d. 388.mov,07,known_reference
Signer_07_e. 388.mov,No_388,train,No_388/Signer_07_e. 388.mov,07,known_reference
Signer_08_a. 388.mov,No_388,train,No_388/Signer_08_a. 388.mov,08,known_reference
Signer_08_b. 388.mov,No_388,train,No_388/Signer_08_b. 388.mov,08,known_reference
Signer_08_c. 388.mov,No_388,train,No_388/Signer_08_c. 388.mov,08,known_reference
Signer_08_d. 388.mov,No_388,train,No_388/Signer_08_d. 388.mov,08,known_reference
Signer_08_e. 388.mov,No_388,train,No_388/Signer_08_e. 388.mov,08,known_reference
Signer_09_a. 388.mov,No_388,train,No_388/Signer_09_a. 388.mov,09,known_reference
Signer_09_b. 388.mov,No_388,train,No_388/Signer_09_b. 388.mov,09,known_reference
Signer_09_c. 388.mov,No_388,train,No_388/Signer_09_c. 388.mov,09,known_reference
Signer_09_d. 388.mov,No_388,train,No_388/Signer_09_d. 388.mov,09,known_reference
Signer_09_e. 388.mov,No_388,train,No_388/Signer_09_e. 388.mov,09,known_reference
Signer_10_a.388.mov,No_388,train,No_388/Signer_10_a.388.mov,10,known_reference
Signer_10_b. 388.mov,No_388,train,No_388/Signer_10_b. 388.mov,10,known_reference
Signer_10_c. 388.mov,No_388,train,No_388/Signer_10_c. 388.mov,10,known_reference
Signer_10_d. 388.mov,No_388,train,No_388/Signer_10_d. 388.mov,10,known_reference
Signer_10_e. 388.mov,No_388,train,No_388/Signer_10_e. 388.mov,10,known_reference
Signer_01_NUMBER 444 1.mov,No_444,train,No_444/Signer_01_NUMBER 444 1.mov,01,unused
Signer_01_NUMBER 444 2.mov,No_444,train,No_444/Signer_01_NUMBER 444 2.mov,01,unused
Signer_01_NUMBER 444 3.mov,No_444,train,No_444/Signer_01_NUMBER 444 3.mov,01,unused
Signer_01_NUMBER 444 4.mov,No_444,train,No_444/Signer_01_NUMBER 444 4.mov,01,unused
Signer_01_NUMBER 444 5.mov,No_444,train,No_444/Signer_01_NUMBER 444 5.mov,01,unused
Signer_02_a. 444.mov,No_444,train,No_444/Signer_02_a. 444.mov,02,unused
Signer_02_b. 444.mov,No_444,train,No_444/Signer_02_b. 444.mov,02,unused
Signer_02_c. 444.mov,No_444,train,No_444/Signer_02_c. 444.mov,02,unused
Signer_02_d. 444.mov,No_444,train,No_444/Signer_02_d. 444.mov,02,unused
Signer_02_e. 444.mov,No_444,train,No_444/Signer_02_e. 444.mov,02,unused
Signer_03_a.444.mov,No_444,train,No_444/Signer_03_a.444.mov,03,unused
Signer_03_b.444.mov,No_444,train,No_444/Signer_03_b.444.mov,03,unused
Signer_03_c.444.mov,No_444,train,No_444/Signer_03_c.444.mov,03,unused
Signer_03_d.444.mov,No_444,train,No_444/Signer_03_d.444.mov,03,unused
Signer_03_e.444.mov,No_444,train,No_444/Signer_03_e.444.mov,03,unused
Signer_04_a. 444.mov,No_444,train,No_444/Signer_04_a. 444.mov,04,unused
Signer_04_b. 444.mov,No_444,train,No_444/Signer_04_b. 444.mov,04,unused
Signer_04_c. 444.mov,No_444,train,No_444/Signer_04_c. 444.mov,04,unused
Signer_04_d. 444.mov,No_444,train,No_444/Signer_04_d. 444.mov,04,unused
Signer_04_e. 444.mov,No_444,train,No_444/Signer_04_e. 444.mov,04,unused
Signer_05_a. 444.mov,No_444,train,No_444/Signer_05_a. 444.mov,05,unused
Signer_05_b. 444.mov,No_444,train,No_444/Signer_05_b. 444.mov,05,unused
Signer_05_c. 444.mov,No_444,train,No_444/Signer_05_c. 444.mov,05,unused
Signer_05_d. 444.mov,No_444,train,No_444/Signer_05_d. 444.mov,05,unused
Signer_05_e. 444.mov,No_444,train,No_444/Signer_05_e. 444.mov,05,unused
Signer_06_a. 444.mov,No_444,train,No_444/Signer_06_a. 444.mov,06,unused
Signer_06_b. 444.mov,No_444,train,No_444/Signer_06_b. 444.mov,06,unused
Signer_06_c. 444.mov,No_444,train,No_444/Signer_06_c. 444.mov,06,unused
Signer_06_d. 444.mov,No_444,train,No_444/Signer_06_d. 444.mov,06,unused
Signer_06_e. 444.mov,No_444,train,No_444/Signer_06_e. 444.mov,06,unused
Signer_07_a. 444.mov,No_444,train,No_444/Signer_07_a. 444.mov,07,unused
Signer_07_b. 444.mov,No_444,train,No_444/Signer_07_b. 444.mov,07,unused
Signer_07_c. 444.mov,No_444,train,No_444/Signer_07_c. 444.mov,07,unused
Signer_07_d. 444.mov,No_444,train,No_444/Signer_07_d. 444.mov,07,unused
Signer_07_e. 444.mov,No_444,train,No_444/Signer_07_e. 444.mov,07,unused
Signer_08_a. 444.mov,No_444,train,No_444/Signer_08_a. 444.mov,08,unused
Signer_08_b. 444.mov,No_444,train,No_444/Signer_08_b. 444.mov,08,unused
Signer_08_c. 444.mov,No_444,train,No_444/Signer_08_c. 444.mov,08,unused
Signer_08_d. 444.mov,No_444,train,No_444/Signer_08_d. 444.mov,08,unused
Signer_08_e. 444.mov,No_444,train,No_444/Signer_08_e. 444.mov,08,unused
Signer_09_a. 444.mov,No_444,train,No_444/Signer_09_a. 444.mov,09,unused
Signer_09_b. 444.mov,No_444,train,No_444/Signer_09_b. 444.mov,09,unused
Signer_09_c. 444.mov,No_444,train,No_444/Signer_09_c. 444.mov,09,unused
Signer_09_d. 444.mov,No_444,train,No_444/Signer_09_d. 444.mov,09,unused
Signer_09_e. 444.mov,No_444,train,No_444/Signer_09_e. 444.mov,09,unused
Signer_10_a.444.mov,No_444,train,No_444/Signer_10_a.444.mov,10,unused
Signer_10_b.444.mov,No_444,train,No_444/Signer_10_b.444.mov,10,unused
Signer_10_c.444.mov,No_444,train,No_444/Signer_10_c.444.mov,10,unused
Signer_10_d.444.mov,No_444,train,No_444/Signer_10_d.444.mov,10,unused
Signer_10_e.444.mov,No_444,train,No_444/Signer_10_e.444.mov,10,unused
Signer_01_NUMBER 48 1.mov,No_48,train,No_48/Signer_01_NUMBER 48 1.mov,01,known_reference
Signer_01_NUMBER 48 2.mov,No_48,train,No_48/Signer_01_NUMBER 48 2.mov,01,known_reference
Signer_01_NUMBER 48 3.mov,No_48,train,No_48/Signer_01_NUMBER 48 3.mov,01,known_reference
Signer_01_NUMBER 48 4.mov,No_48,train,No_48/Signer_01_NUMBER 48 4.mov,01,known_reference
Signer_01_NUMBER 48 5.mov,No_48,train,No_48/Signer_01_NUMBER 48 5.mov,01,known_reference
Signer_02_a. 48.mov,No_48,train,No_48/Signer_02_a. 48.mov,02,known_reference
Signer_02_b. 48.mov,No_48,train,No_48/Signer_02_b. 48.mov,02,known_reference
Signer_02_c. 48.mov,No_48,train,No_48/Signer_02_c. 48.mov,02,known_reference
Signer_02_d. 48.mov,No_48,train,No_48/Signer_02_d. 48.mov,02,known_reference
Signer_02_e. 48.mov,No_48,train,No_48/Signer_02_e. 48.mov,02,known_reference
Signer_03_a. 48.mov,No_48,train,No_48/Signer_03_a. 48.mov,03,known_reference
Signer_03_b. 48.mov,No_48,train,No_48/Signer_03_b. 48.mov,03,known_reference
Signer_03_c. 48.mov,No_48,train,No_48/Signer_03_c. 48.mov,03,known_reference
Signer_03_d. 48.mov,No_48,train,No_48/Signer_03_d. 48.mov,03,known_reference
Signer_03_e. 48.mov,No_48,train,No_48/Signer_03_e. 48.mov,03,known_reference
Signer_04_a. 48.mov,No_48,train,No_48/Signer_04_a. 48.mov,04,known_reference
Signer_04_b. 48.mov,No_48,train,No_48/Signer_04_b. 48.mov,04,known_reference
Signer_04_c. 48.mov,No_48,train,No_48/Signer_04_c. 48.mov,04,known_reference
Signer_04_d. 48.mov,No_48,train,No_48/Signer_04_d. 48.mov,04,known_reference
Signer_04_e. 48.mov,No_48,train,No_48/Signer_04_e. 48.mov,04,known_reference
Signer_05_a. 48.mov,No_48,train,No_48/Signer_05_a. 48.mov,05,known_reference
Signer_05_b. 48.mov,No_48,train,No_48/Signer_05_b. 48.mov,05,known_reference
Signer_05_c. 48.mov,No_48,train,No_48/Signer_05_c. 48.mov,05,known_reference
Signer_05_d. 48.mov,No_48,train,No_48/Signer_05_d. 48.mov,05,known_reference
Signer_05_e. 48.mov,No_48,train,No_48/Signer_05_e. 48.mov,05,known_reference
Signer_06_a. 48.mov,No_48,train,No_48/Signer_06_a. 48.mov,06,known_reference
Signer_06_b. 48.mov,No_48,train,No_48/Signer_06_b. 48.mov,06,known_reference
Signer_06_c. 48.mov,No_48,train,No_48/Signer_06_c. 48.mov,06,known_reference
Signer_06_d. 48.mov,No_48,train,No_48/Signer_06_d. 48.mov,06,known_reference
Signer_06_e. 48.mov,No_48,train,No_48/Signer_06_e. 48.mov,06,known_reference
Signer_07_a. 48.mov,No_48,train,No_48/Signer_07_a. 48.mov,07,known_reference
Signer_07_b. 48.mov,No_48,train,No_48/Signer_07_b. 48.mov,07,known_reference
Signer_07_c. 48.mov,No_48,train,No_48/Signer_07_c. 48.mov,07,known_reference
Signer_07_d. 48.mov,No_48,train,No_48/Signer_07_d. 48.mov,07,known_reference
Signer_07_e. 48.mov,No_48,train,No_48/Signer_07_e. 48.mov,07,known_reference
Signer_08_a. 48.mov,No_48,train,No_48/Signer_08_a. 48.mov,08,known_reference
Signer_08_b. 48.mov,No_48,train,No_48/Signer_08_b. 48.mov,08,known_reference
Signer_08_c. 48.mov,No_48,train,No_48/Signer_08_c. 48.mov,08,known_reference
Signer_08_d.48.mov,No_48,train,No_48/Signer_08_d.48.mov,08,known_reference
Signer_08_e. 48.mov,No_48,train,No_48/Signer_08_e. 48.mov,08,known_reference
Signer_09_a. 48.mov,No_48,train,No_48/Signer_09_a. 48.mov,09,known_reference
Signer_09_b. 48.mov,No_48,train,No_48/Signer_09_b. 48.mov,09,known_reference
Signer_09_c. 48.mov,No_48,train,No_48/Signer_09_c. 48.mov,09,known_reference
Signer_09_d. 48.mov,No_48,train,No_48/Signer_09_d. 48.mov,09,known_reference
Signer_09_e. 48.mov,No_48,train,No_48/Signer_09_e. 48.mov,09,known_reference
Signer_10_a. 48.mov,No_48,train,No_48/Signer_10_a. 48.mov,10,known_reference
Signer_10_b. 48.mov,No_48,train,No_48/Signer_10_b. 48.mov,10,known_reference
Signer_10_c. 48.mov,No_48,train,No_48/Signer_10_c. 48.mov,10,known_reference
Signer_10_d. 48.mov,No_48,train,No_48/Signer_10_d. 48.mov,10,known_reference
Signer_10_e. 48.mov,No_48,train,No_48/Signer_10_e. 48.mov,10,known_reference
Signer_01_NUMBER 54 1.mov,No_54,train,No_54/Signer_01_NUMBER 54 1.mov,01,known_reference
Signer_01_NUMBER 54 2.mov,No_54,train,No_54/Signer_01_NUMBER 54 2.mov,01,known_reference
Signer_01_NUMBER 54 3.mov,No_54,train,No_54/Signer_01_NUMBER 54 3.mov,01,known_reference
Signer_01_NUMBER 54 4.mov,No_54,train,No_54/Signer_01_NUMBER 54 4.mov,01,known_reference
Signer_01_NUMBER 54 5.mov,No_54,train,No_54/Signer_01_NUMBER 54 5.mov,01,known_reference
Signer_03_a. 54.mov,No_54,train,No_54/Signer_03_a. 54.mov,03,known_reference
Signer_03_b. 54.mov,No_54,train,No_54/Signer_03_b. 54.mov,03,known_reference
Signer_03_c. 54.mov,No_54,train,No_54/Signer_03_c. 54.mov,03,known_reference
Signer_03_d. 54.mov,No_54,train,No_54/Signer_03_d. 54.mov,03,known_reference
Signer_03_e. 54.mov,No_54,train,No_54/Signer_03_e. 54.mov,03,known_reference
Signer_04_a. 54.mov,No_54,train,No_54/Signer_04_a. 54.mov,04,known_reference
Signer_04_b. 54.mov,No_54,train,No_54/Signer_04_b. 54.mov,04,known_reference
Signer_04_c. 54.mov,No_54,train,No_54/Signer_04_c. 54.mov,04,known_reference
Signer_04_d. 54.mov,No_54,train,No_54/Signer_04_d. 54.mov,04,known_reference
Signer_04_e. 54.mov,No_54,train,No_54/Signer_04_e. 54.mov,04,known_reference
Signer_05_a. 54.mov,No_54,train,No_54/Signer_05_a. 54.mov,05,known_reference
Signer_05_b. 54.mov,No_54,train,No_54/Signer_05_b. 54.mov,05,known_reference
Signer_05_c. 54.mov,No_54,train,No_54/Signer_05_c. 54.mov,05,known_reference
Signer_05_d. 54.mov,No_54,train,No_54/Signer_05_d. 54.mov,05,known_reference
Signer_05_e. 54.mov,No_54,train,No_54/Signer_05_e. 54.mov,05,known_reference
Signer_06_a. 54.mov,No_54,train,No_54/Signer_06_a. 54.mov,06,known_reference
Signer_06_b. 54.mov,No_54,train,No_54/Signer_06_b. 54.mov,06,known_reference
Signer_06_c. 54.mov,No_54,train,No_54/Signer_06_c. 54.mov,06,known_reference
Signer_06_d. 54.mov,No_54,train,No_54/Signer_06_d. 54.mov,06,known_reference
Signer_06_e. 54.mov,No_54,train,No_54/Signer_06_e. 54.mov,06,known_reference
Signer_07_a. 54.mov,No_54,train,No_54/Signer_07_a. 54.mov,07,known_reference
Signer_07_b. 54.mov,No_54,train,No_54/Signer_07_b. 54.mov,07,known_reference
Signer_07_c. 54.mov,No_54,train,No_54/Signer_07_c. 54.mov,07,known_reference
Signer_07_d. 54.mov,No_54,train,No_54/Signer_07_d. 54.mov,07,known_reference
Signer_07_e. 54.mov,No_54,train,No_54/Signer_07_e. 54.mov,07,known_reference
Signer_08_a. 54.mov,No_54,train,No_54/Signer_08_a. 54.mov,08,known_reference
Signer_08_b. 54.mov,No_54,train,No_54/Signer_08_b. 54.mov,08,known_reference
Signer_08_c. 54.mov,No_54,train,No_54/Signer_08_c. 54.mov,08,known_reference
Signer_08_d. 54.mov,No_54,train,No_54/Signer_08_d. 54.mov,08,known_reference
Signer_08_e. 54.mov,No_54,train,No_54/Signer_08_e. 54.mov,08,known_reference
Signer_09_a. 54.mov,No_54,train,No_54/Signer_09_a. 54.mov,09,known_reference
Signer_09_b. 54.mov,No_54,train,No_54/Signer_09_b. 54.mov,09,known_reference
Signer_09_c. 54.mov,No_54,train,No_54/Signer_09_c. 54.mov,09,known_reference
Signer_09_d. 54.mov,No_54,train,No_54/Signer_09_d. 54.mov,09,known_reference
Signer_09_e. 54.mov,No_54,train,No_54/Signer_09_e. 54.mov,09,known_reference
Signer_10_a. 54.mov,No_54,train,No_54/Signer_10_a. 54.mov,10,known_reference
Signer_10_b. 54.mov,No_54,train,No_54/Signer_10_b. 54.mov,10,known_reference
Signer_10_c. 54.mov,No_54,train,No_54/Signer_10_c. 54.mov,10,known_reference
Signer_10_d. 54.mov,No_54,train,No_54/Signer_10_d. 54.mov,10,known_reference
Signer_10_e. 54.mov,No_54,train,No_54/Signer_10_e. 54.mov,10,known_reference
Signer_01_NUMBER 66 1.mov,No_66,train,No_66/Signer_01_NUMBER 66 1.mov,01,known_reference
Signer_01_NUMBER 66 2.mov,No_66,train,No_66/Signer_01_NUMBER 66 2.mov,01,known_reference
Signer_01_NUMBER 66 3.mov,No_66,train,No_66/Signer_01_NUMBER 66 3.mov,01,known_reference
Signer_01_NUMBER 66 4.mov,No_66,train,No_66/Signer_01_NUMBER 66 4.mov,01,known_reference
Signer_01_NUMBER 66 5.mov,No_66,train,No_66/Signer_01_NUMBER 66 5.mov,01,known_reference
Signer_02_a. 66.mov,No_66,train,No_66/Signer_02_a. 66.mov,02,known_reference
Signer_02_b. 66.mov,No_66,train,No_66/Signer_02_b. 66.mov,02,known_reference
Signer_02_c. 66.mov,No_66,train,No_66/Signer_02_c. 66.mov,02,known_reference
Signer_02_d. 66.mov,No_66,train,No_66/Signer_02_d. 66.mov,02,known_reference
Signer_02_e. 66.mov,No_66,train,No_66/Signer_02_e. 66.mov,02,known_reference
Signer_03_a. 66.mov,No_66,train,No_66/Signer_03_a. 66.mov,03,known_reference
Signer_03_b. 66.mov,No_66,train,No_66/Signer_03_b. 66.mov,03,known_reference
Signer_03_c. 66.mov,No_66,train,No_66/Signer_03_c. 66.mov,03,known_reference
Signer_03_d. 66.mov,No_66,train,No_66/Signer_03_d. 66.mov,03,known_reference
Signer_03_e. 66.mov,No_66,train,No_66/Signer_03_e. 66.mov,03,known_reference
Signer_04_a. 66.mov,No_66,train,No_66/Signer_04_a. 66.mov,04,known_reference
Signer_04_b. 66.mov,No_66,train,No_66/Signer_04_b. 66.mov,04,known_reference
Signer_04_c. 66.mov,No_66,train,No_66/Signer_04_c. 66.mov,04,known_reference
Signer_04_d. 66.mov,No_66,train,No_66/Signer_04_d. 66.mov,04,known_reference
Signer_04_e. 66.mov,No_66,train,No_66/Signer_04_e. 66.mov,04,known_reference
Signer_05_a. 66.mov,No_66,train,No_66/Signer_05_a. 66.mov,05,known_reference
Signer_05_b. 66.mov,No_66,train,No_66/Signer_05_b. 66.mov,05,known_reference
Signer_05_c. 66.mov,No_66,train,No_66/Signer_05_c. 66.mov,05,known_reference
Signer_05_d. 66.mov,No_66,train,No_66/Signer_05_d. 66.mov,05,known_reference
Signer_05_e. 66.mov,No_66,train,No_66/Signer_05_e. 66.mov,05,known_reference
Signer_06_a. 66.mov,No_66,train,No_66/Signer_06_a. 66.mov,06,known_reference
Signer_06_b. 66.mov,No_66,train,No_66/Signer_06_b. 66.mov,06,known_reference
Signer_06_c. 66.mov,No_66,train,No_66/Signer_06_c. 66.mov,06,known_reference
Signer_06_d. 66.mov,No_66,train,No_66/Signer_06_d. 66.mov,06,known_reference
Signer_06_e. 66.mov,No_66,train,No_66/Signer_06_e. 66.mov,06,known_reference
Signer_07_a. 66.mov,No_66,train,No_66/Signer_07_a. 66.mov,07,known_reference
Signer_07_b. 66.mov,No_66,train,No_66/Signer_07_b. 66.mov,07,known_reference
Signer_07_c. 66.mov,No_66,train,No_66/Signer_07_c. 66.mov,07,known_reference
Signer_07_d. 66.mov,No_66,train,No_66/Signer_07_d. 66.mov,07,known_reference
Signer_07_e. 66.mov,No_66,train,No_66/Signer_07_e. 66.mov,07,known_reference
Signer_08_a. 66.mov,No_66,train,No_66/Signer_08_a. 66.mov,08,known_reference
Signer_08_b. 66.mov,No_66,train,No_66/Signer_08_b. 66.mov,08,known_reference
Signer_08_c. 66.mov,No_66,train,No_66/Signer_08_c. 66.mov,08,known_reference
Signer_08_d. 66.mov,No_66,train,No_66/Signer_08_d. 66.mov,08,known_reference
Signer_08_e. 66.mov,No_66,train,No_66/Signer_08_e. 66.mov,08,known_reference
Signer_09_a. 66.mov,No_66,train,No_66/Signer_09_a. 66.mov,09,known_reference
Signer_09_b. 66.mov,No_66,train,No_66/Signer_09_b. 66.mov,09,known_reference
Signer_09_c. 66.mov,No_66,train,No_66/Signer_09_c. 66.mov,09,known_reference
Signer_09_d. 66.mov,No_66,train,No_66/Signer_09_d. 66.mov,09,known_reference
Signer_09_e. 66.mov,No_66,train,No_66/Signer_09_e. 66.mov,09,known_reference
Signer_10_a. 66.mov,No_66,train,No_66/Signer_10_a. 66.mov,10,known_reference
Signer_10_b. 66.mov,No_66,train,No_66/Signer_10_b. 66.mov,10,known_reference
Signer_10_c. 66.mov,No_66,train,No_66/Signer_10_c. 66.mov,10,known_reference
Signer_10_d. 66.mov,No_66,train,No_66/Signer_10_d. 66.mov,10,known_reference
Signer_10_e. 66.mov,No_66,train,No_66/Signer_10_e. 66.mov,10,known_reference
Signer_01_NUMBER 73 1.mov,No_73,train,No_73/Signer_01_NUMBER 73 1.mov,01,unused
Signer_01_NUMBER 73 2.mov,No_73,train,No_73/Signer_01_NUMBER 73 2.mov,01,unused
Signer_01_NUMBER 73 3.mov,No_73,train,No_73/Signer_01_NUMBER 73 3.mov,01,unused
Signer_01_NUMBER 73 4.mov,No_73,train,No_73/Signer_01_NUMBER 73 4.mov,01,unused
Signer_01_NUMBER 73 5.mov,No_73,train,No_73/Signer_01_NUMBER 73 5.mov,01,unused
Signer_02_a. 73.mov,No_73,train,No_73/Signer_02_a. 73.mov,02,unused
Signer_02_b. 73.mov,No_73,train,No_73/Signer_02_b. 73.mov,02,unused
Signer_02_c. 73.mov,No_73,train,No_73/Signer_02_c. 73.mov,02,unused
Signer_02_d. 73.mov,No_73,train,No_73/Signer_02_d. 73.mov,02,unused
Signer_02_e. 73.mov,No_73,train,No_73/Signer_02_e. 73.mov,02,unused
Signer_03_a. 73.mov,No_73,train,No_73/Signer_03_a. 73.mov,03,unused
Signer_03_b. 73.mov,No_73,train,No_73/Signer_03_b. 73.mov,03,unused
Signer_03_c. 73.mov,No_73,train,No_73/Signer_03_c. 73.mov,03,unused
Signer_03_d. 73.mov,No_73,train,No_73/Signer_03_d. 73.mov,03,unused
Signer_03_e. 73.mov,No_73,train,No_73/Signer_03_e. 73.mov,03,unused
Signer_04_a. 73.mov,No_73,train,No_73/Signer_04_a. 73.mov,04,unused
Signer_04_b. 73.mov,No_73,train,No_73/Signer_04_b. 73.mov,04,unused
Signer_04_c. 73.mov,No_73,train,No_73/Signer_04_c. 73.mov,04,unused
Signer_04_d. 73.mov,No_73,train,No_73/Signer_04_d. 73.mov,04,unused
Signer_04_e. 73.mov,No_73,train,No_73/Signer_04_e. 73.mov,04,unused
Signer_05_a. 73.mov,No_73,train,No_73/Signer_05_a. 73.mov,05,unused
Signer_05_b. 73.mov,No_73,train,No_73/Signer_05_b. 73.mov,05,unused
Signer_05_c. 73.mov,No_73,train,No_73/Signer_05_c. 73.mov,05,unused
Signer_05_d. 73.mov,No_73,train,No_73/Signer_05_d. 73.mov,05,unused
Signer_05_e. 73.mov,No_73,train,No_73/Signer_05_e. 73.mov,05,unused
Signer_06_a. 73.mov,No_73,train,No_73/Signer_06_a. 73.mov,06,unused
Signer_06_b. 73.mov,No_73,train,No_73/Signer_06_b. 73.mov,06,unused
Signer_06_c. 73.mov,No_73,train,No_73/Signer_06_c. 73.mov,06,unused
Signer_06_d. 73.mov,No_73,train,No_73/Signer_06_d. 73.mov,06,unused
Signer_06_e. 73.mov,No_73,train,No_73/Signer_06_e. 73.mov,06,unused
Signer_07_a. 73.mov,No_73,train,No_73/Signer_07_a. 73.mov,07,unused
Signer_07_b. 73.mov,No_73,train,No_73/Signer_07_b. 73.mov,07,unused
Signer_07_c. 73.mov,No_73,train,No_73/Signer_07_c. 73.mov,07,unused
Signer_07_d. 73.mov,No_73,train,No_73/Signer_07_d. 73.mov,07,unused
Signer_07_e. 73.mov,No_73,train,No_73/Signer_07_e. 73.mov,07,unused
Signer_08_a. 73.mov,No_73,train,No_73/Signer_08_a. 73.mov,08,unused
Signer_08_b. 73.mov,No_73,train,No_73/Signer_08_b. 73.mov,08,unused
Signer_08_c. 73.mov,No_73,train,No_73/Signer_08_c. 73.mov,08,unused
Signer_08_d. 73.mov,No_73,train,No_73/Signer_08_d. 73.mov,08,unused
Signer_08_e. 73.mov,No_73,train,No_73/Signer_08_e. 73.mov,08,unused
Signer_09_a. 73.mov,No_73,train,No_73/Signer_09_a. 73.mov,09,unused
Signer_09_b. 73.mov,No_73,train,No_73/Signer_09_b. 73.mov,09,unused
Signer_09_c. 73.mov,No_73,train,No_73/Signer_09_c. 73.mov,09,unused
Signer_09_d. 73.mov,No_73,train,No_73/Signer_09_d. 73.mov,09,unused
Signer_09_e. 73.mov,No_73,train,No_73/Signer_09_e. 73.mov,09,unused
Signer_10_a. 73.mov,No_73,train,No_73/Signer_10_a. 73.mov,10,unused
Signer_10_b. 73.mov,No_73,train,No_73/Signer_10_b. 73.mov,10,unused
Signer_10_c. 73.mov,No_73,train,No_73/Signer_10_c. 73.mov,10,unused
Signer_10_d. 73.mov,No_73,train,No_73/Signer_10_d. 73.mov,10,unused
Signer_10_e. 73.mov,No_73,train,No_73/Signer_10_e. 73.mov,10,unused
Signer_01_NUMBER 89 1.mov,No_89,train,No_89/Signer_01_NUMBER 89 1.mov,01,unused
Signer_01_NUMBER 89 2.mov,No_89,train,No_89/Signer_01_NUMBER 89 2.mov,01,unused
Signer_01_NUMBER 89 3.mov,No_89,train,No_89/Signer_01_NUMBER 89 3.mov,01,unused
Signer_01_NUMBER 89 4.mov,No_89,train,No_89/Signer_01_NUMBER 89 4.mov,01,unused
Signer_01_NUMBER 89 5.mov,No_89,train,No_89/Signer_01_NUMBER 89 5.mov,01,unused
Signer_02_a. 89.mov,No_89,train,No_89/Signer_02_a. 89.mov,02,unused
Signer_02_b. 89.mov,No_89,train,No_89/Signer_02_b. 89.mov,02,unused
Signer_02_c. 89.mov,No_89,train,No_89/Signer_02_c. 89.mov,02,unused
Signer_02_d. 89.mov,No_89,train,No_89/Signer_02_d. 89.mov,02,unused
Signer_02_e. 89.mov,No_89,train,No_89/Signer_02_e. 89.mov,02,unused
Signer_03_a. 89.mov,No_89,train,No_89/Signer_03_a. 89.mov,03,unused
Signer_03_b. 89.mov,No_89,train,No_89/Signer_03_b. 89.mov,03,unused
Signer_03_c. 89.mov,No_89,train,No_89/Signer_03_c. 89.mov,03,unused
Signer_03_d. 89.mov,No_89,train,No_89/Signer_03_d. 89.mov,03,unused
Signer_03_e. 89.mov,No_89,train,No_89/Signer_03_e. 89.mov,03,unused
Signer_04_a. 89.mov,No_89,train,No_89/Signer_04_a. 89.mov,04,unused
Signer_04_b. 89.mov,No_89,train,No_89/Signer_04_b. 89.mov,04,unused
Signer_04_c. 89.mov,No_89,train,No_89/Signer_04_c. 89.mov,04,unused
Signer_04_d. 89.mov,No_89,train,No_89/Signer_04_d. 89.mov,04,unused
Signer_04_e. 89.mov,No_89,train,No_89/Signer_04_e. 89.mov,04,unused
Signer_05_a. 89.mov,No_89,train,No_89/Signer_05_a. 89.mov,05,unused
Signer_05_b. 89.mov,No_89,train,No_89/Signer_05_b. 89.mov,05,unused
Signer_05_c. 89.mov,No_89,train,No_89/Signer_05_c. 89.mov,05,unused
Signer_05_d. 89.mov,No_89,train,No_89/Signer_05_d. 89.mov,05,unused
Signer_05_e. 89.mov,No_89,train,No_89/Signer_05_e. 89.mov,05,unused
Signer_06_a. 89.mov,No_89,train,No_89/Signer_06_a. 89.mov,06,unused
Signer_06_b. 89.mov,No_89,train,No_89/Signer_06_b. 89.mov,06,unused
Signer_06_c. 89.mov,No_89,train,No_89/Signer_06_c. 89.mov,06,unused
Signer_06_d. 89.mov,No_89,train,No_89/Signer_06_d. 89.mov,06,unused
Signer_06_e. 89.mov,No_89,train,No_89/Signer_06_e. 89.mov,06,unused
Signer_07_a. 89.mov,No_89,train,No_89/Signer_07_a. 89.mov,07,unused
Signer_07_b. 89.mov,No_89,train,No_89/Signer_07_b. 89.mov,07,unused
Signer_07_c. 89.mov,No_89,train,No_89/Signer_07_c. 89.mov,07,unused
Signer_07_d. 89.mov,No_89,train,No_89/Signer_07_d. 89.mov,07,unused
Signer_07_e. 89.mov,No_89,train,No_89/Signer_07_e. 89.mov,07,unused
Signer_08_a. 89.mov,No_89,train,No_89/Signer_08_a. 89.mov,08,unused
Signer_08_b. 89.mov,No_89,train,No_89/Signer_08_b. 89.mov,08,unused
Signer_08_c. 89.mov,No_89,train,No_89/Signer_08_c. 89.mov,08,unused
Signer_08_d. 89.mov,No_89,train,No_89/Signer_08_d. 89.mov,08,unused
Signer_08_e. 89.mov,No_89,train,No_89/Signer_08_e. 89.mov,08,unused
Signer_09_a. 89.mov,No_89,train,No_89/Signer_09_a. 89.mov,09,unused
Signer_09_b. 89.mov,No_89,train,No_89/Signer_09_b. 89.mov,09,unused
Signer_09_c. 89.mov,No_89,train,No_89/Signer_09_c. 89.mov,09,unused
Signer_09_d. 89.mov,No_89,train,No_89/Signer_09_d. 89.mov,09,unused
Signer_09_e. 89.mov,No_89,train,No_89/Signer_09_e. 89.mov,09,unused
Signer_10_a. 89.mov,No_89,train,No_89/Signer_10_a. 89.mov,10,unused
Signer_10_b. 89.mov,No_89,train,No_89/Signer_10_b. 89.mov,10,unused
Signer_10_c. 89.mov,No_89,train,No_89/Signer_10_c. 89.mov,10,unused
Signer_10_d. 89.mov,No_89,train,No_89/Signer_10_d. 89.mov,10,unused
Signer_10_e. 89.mov,No_89,train,No_89/Signer_10_e. 89.mov,10,unused
Signer_01_NUMBER 9 13.mov,No_9,train,No_9/Signer_01_NUMBER 9 13.mov,01,unused
Signer_01_NUMBER 9 14.mov,No_9,train,No_9/Signer_01_NUMBER 9 14.mov,01,unused
Signer_01_NUMBER 9 15.mov,No_9,train,No_9/Signer_01_NUMBER 9 15.mov,01,unused
Signer_01_NUMBER 9 16.mov,No_9,train,No_9/Signer_01_NUMBER 9 16.mov,01,unused
Signer_01_NUMBER 9 17.mov,No_9,train,No_9/Signer_01_NUMBER 9 17.mov,01,unused
Signer_02_a. 9.mov,No_9,train,No_9/Signer_02_a. 9.mov,02,unused
Signer_02_b. 9.mov,No_9,train,No_9/Signer_02_b. 9.mov,02,unused
Signer_02_c. 9.mov,No_9,train,No_9/Signer_02_c. 9.mov,02,unused
Signer_02_d. 9.mov,No_9,train,No_9/Signer_02_d. 9.mov,02,unused
Signer_02_e. 9.mov,No_9,train,No_9/Signer_02_e. 9.mov,02,unused
Signer_03_a. 9.mov,No_9,train,No_9/Signer_03_a. 9.mov,03,unused
Signer_03_b. 9.mov,No_9,train,No_9/Signer_03_b. 9.mov,03,unused
Signer_03_c. 9.mov,No_9,train,No_9/Signer_03_c. 9.mov,03,unused
Signer_03_d. 9.mov,No_9,train,No_9/Signer_03_d. 9.mov,03,unused
Signer_03_e. 9.mov,No_9,train,No_9/Signer_03_e. 9.mov,03,unused
Signer_04_a. 9.mov,No_9,train,No_9/Signer_04_a. 9.mov,04,unused
Signer_04_b. 9.mov,No_9,train,No_9/Signer_04_b. 9.mov,04,unused
Signer_04_c. 9.mov,No_9,train,No_9/Signer_04_c. 9.mov,04,unused
Signer_04_d. 9.mov,No_9,train,No_9/Signer_04_d. 9.mov,04,unused
Signer_04_e. 9.mov,No_9,train,No_9/Signer_04_e. 9.mov,04,unused
Signer_05_a. 9.mov,No_9,train,No_9/Signer_05_a. 9.mov,05,unused
Signer_05_b. 9.mov,No_9,train,No_9/Signer_05_b. 9.mov,05,unused
Signer_05_c. 9.mov,No_9,train,No_9/Signer_05_c. 9.mov,05,unused
Signer_05_d. 9.mov,No_9,train,No_9/Signer_05_d. 9.mov,05,unused
Signer_05_e. 9.mov,No_9,train,No_9/Signer_05_e. 9.mov,05,unused
Signer_06_a. 9.mov,No_9,train,No_9/Signer_06_a. 9.mov,06,unused
Signer_06_b. 9.mov,No_9,train,No_9/Signer_06_b. 9.mov,06,unused
Signer_06_c. 9.mov,No_9,train,No_9/Signer_06_c. 9.mov,06,unused
Signer_06_d. 9.mov,No_9,train,No_9/Signer_06_d. 9.mov,06,unused
Signer_06_e. 9.mov,No_9,train,No_9/Signer_06_e. 9.mov,06,unused
Signer_07_a. 9.mov,No_9,train,No_9/Signer_07_a. 9.mov,07,unused
Signer_07_b. 9.mov,No_9,train,No_9/Signer_07_b. 9.mov,07,unused
Signer_07_c. 9.mov,No_9,train,No_9/Signer_07_c. 9.mov,07,unused
Signer_07_d. 9.mov,No_9,train,No_9/Signer_07_d. 9.mov,07,unused
Signer_07_e. 9.mov,No_9,train,No_9/Signer_07_e. 9.mov,07,unused
Signer_08_a. 9.mov,No_9,train,No_9/Signer_08_a. 9.mov,08,unused
Signer_08_b. 9.mov,No_9,train,No_9/Signer_08_b. 9.mov,08,unused
Signer_08_c. 9.mov,No_9,train,No_9/Signer_08_c. 9.mov,08,unused
Signer_08_d. 9.mov,No_9,train,No_9/Signer_08_d. 9.mov,08,unused
Signer_08_e. 9.mov,No_9,train,No_9/Signer_08_e. 9.mov,08,unused
Signer_09_a. 9.mov,No_9,train,No_9/Signer_09_a. 9.mov,09,unused
Signer_09_b. 9.mov,No_9,train,No_9/Signer_09_b. 9.mov,09,unused
Signer_09_c. 9.mov,No_9,train,No_9/Signer_09_c. 9.mov,09,unused
Signer_09_d. 9.mov,No_9,train,No_9/Signer_09_d. 9.mov,09,unused
Signer_09_e. 9.mov,No_9,train,No_9/Signer_09_e. 9.mov,09,unused
Signer_10_a. 9.mov,No_9,train,No_9/Signer_10_a. 9.mov,10,unused
Signer_10_b. 9.mov,No_9,train,No_9/Signer_10_b. 9.mov,10,unused
Signer_10_c. 9.mov,No_9,train,No_9/Signer_10_c. 9.mov,10,unused
Signer_10_d. 9.mov,No_9,train,No_9/Signer_10_d. 9.mov,10,unused
Signer_10_e. 9.mov,No_9,train,No_9/Signer_10_e. 9.mov,10,unused
Signer_01_NUMBER 91 1.mov,No_91,train,No_91/Signer_01_NUMBER 91 1.mov,01,unused
Signer_01_NUMBER 91 2.mov,No_91,train,No_91/Signer_01_NUMBER 91 2.mov,01,unused
Signer_01_NUMBER 91 3.mov,No_91,train,No_91/Signer_01_NUMBER 91 3.mov,01,unused
Signer_01_NUMBER 91 4.mov,No_91,train,No_91/Signer_01_NUMBER 91 4.mov,01,unused
Signer_01_NUMBER 91 5.mov,No_91,train,No_91/Signer_01_NUMBER 91 5.mov,01,unused
Signer_02_a. 91.mov,No_91,train,No_91/Signer_02_a. 91.mov,02,unused
Signer_02_b. 91.mov,No_91,train,No_91/Signer_02_b. 91.mov,02,unused
Signer_02_c. 91.mov,No_91,train,No_91/Signer_02_c. 91.mov,02,unused
Signer_02_d. 91.mov,No_91,train,No_91/Signer_02_d. 91.mov,02,unused
Signer_02_e. 91.mov,No_91,train,No_91/Signer_02_e. 91.mov,02,unused
Signer_03_a. 91.mov,No_91,train,No_91/Signer_03_a. 91.mov,03,unused
Signer_03_b. 91.mov,No_91,train,No_91/Signer_03_b. 91.mov,03,unused
Signer_03_c. 91.mov,No_91,train,No_91/Signer_03_c. 91.mov,03,unused
Signer_03_d. 91.mov,No_91,train,No_91/Signer_03_d. 91.mov,03,unused
Signer_03_e. 91.mov,No_91,train,No_91/Signer_03_e. 91.mov,03,unused
Signer_04_a. 91.mov,No_91,train,No_91/Signer_04_a. 91.mov,04,unused
Signer_04_b. 91.mov,No_91,train,No_91/Signer_04_b. 91.mov,04,unused
Signer_04_c. 91.mov,No_91,train,No_91/Signer_04_c. 91.mov,04,unused
Signer_04_d. 91.mov,No_91,train,No_91/Signer_04_d. 91.mov,04,unused
Signer_04_e. 91.mov,No_91,train,No_91/Signer_04_e. 91.mov,04,unused
Signer_05_a. 91.mov,No_91,train,No_91/Signer_05_a. 91.mov,05,unused
Signer_05_b. 91.mov,No_91,train,No_91/Signer_05_b. 91.mov,05,unused
Signer_05_c. 91.mov,No_91,train,No_91/Signer_05_c. 91.mov,05,unused
Signer_05_d. 91.mov,No_91,train,No_91/Signer_05_d. 91.mov,05,unused
Signer_05_e. 91.mov,No_91,train,No_91/Signer_05_e. 91.mov,05,unused
Signer_06_a. 91.mov,No_91,train,No_91/Signer_06_a. 91.mov,06,unused
Signer_06_b. 91.mov,No_91,train,No_91/Signer_06_b. 91.mov,06,unused
Signer_06_c. 91.mov,No_91,train,No_91/Signer_06_c. 91.mov,06,unused
Signer_06_d. 91.mov,No_91,train,No_91/Signer_06_d. 91.mov,06,unused
Signer_06_e. 91.mov,No_91,train,No_91/Signer_06_e. 91.mov,06,unused
Signer_07_a. 91.mov,No_91,train,No_91/Signer_07_a. 91.mov,07,unused
Signer_07_b. 91.mov,No_91,train,No_91/Signer_07_b. 91.mov,07,unused
Signer_07_c. 91.mov,No_91,train,No_91/Signer_07_c. 91.mov,07,unused
Signer_07_d. 91.mov,No_91,train,No_91/Signer_07_d. 91.mov,07,unused
Signer_07_e. 91.mov,No_91,train,No_91/Signer_07_e. 91.mov,07,unused
Signer_08_a. 91.mov,No_91,train,No_91/Signer_08_a. 91.mov,08,unused
Signer_08_b. 91.mov,No_91,train,No_91/Signer_08_b. 91.mov,08,unused
Signer_08_c. 91.mov,No_91,train,No_91/Signer_08_c. 91.mov,08,unused
Signer_08_d. 91.mov,No_91,train,No_91/Signer_08_d. 91.mov,08,unused
Signer_08_e. 91.mov,No_91,train,No_91/Signer_08_e. 91.mov,08,unused
Signer_09_a. 91.mov,No_91,train,No_91/Signer_09_a. 91.mov,09,unused
Signer_09_b. 91.mov,No_91,train,No_91/Signer_09_b. 91.mov,09,unused
Signer_09_c. 91.mov,No_91,train,No_91/Signer_09_c. 91.mov,09,unused
Signer_09_d. 91.mov,No_91,train,No_91/Signer_09_d. 91.mov,09,unused
Signer_09_e. 91.mov,No_91,train,No_91/Signer_09_e. 91.mov,09,unused
Signer_10_a. 91.mov,No_91,train,No_91/Signer_10_a. 91.mov,10,unused
Signer_10_b. 91.mov,No_91,train,No_91/Signer_10_b. 91.mov,10,unused
Signer_10_c. 91.mov,No_91,train,No_91/Signer_10_c. 91.mov,10,unused
Signer_10_d. 91.mov,No_91,train,No_91/Signer_10_d. 91.mov,10,unused
Signer_10_e. 91.mov,No_91,train,No_91/Signer_10_e. 91.mov,10,unused
Signer_01_1.mov,Picture,train,Picture/Signer_01_1.mov,01,known_reference
Signer_01_2.mov,Picture,train,Picture/Signer_01_2.mov,01,known_reference
Signer_01_3.mov,Picture,train,Picture/Signer_01_3.mov,01,known_reference
Signer_01_4.mov,Picture,train,Picture/Signer_01_4.mov,01,known_reference
Signer_01_5.mov,Picture,train,Picture/Signer_01_5.mov,01,known_reference
Signer_02_1.mov,Picture,train,Picture/Signer_02_1.mov,02,known_reference
Signer_02_2.mov,Picture,train,Picture/Signer_02_2.mov,02,known_reference
Signer_02_3.mov,Picture,train,Picture/Signer_02_3.mov,02,known_reference
Signer_02_4.mov,Picture,train,Picture/Signer_02_4.mov,02,known_reference
Signer_02_5.mov,Picture,train,Picture/Signer_02_5.mov,02,known_reference
Signer_03_1.mov,Picture,train,Picture/Signer_03_1.mov,03,known_reference
Signer_03_2.mov,Picture,train,Picture/Signer_03_2.mov,03,known_reference
Signer_03_3.mov,Picture,train,Picture/Signer_03_3.mov,03,known_reference
Signer_03_4.mov,Picture,train,Picture/Signer_03_4.mov,03,known_reference
Signer_03_5.mov,Picture,train,Picture/Signer_03_5.mov,03,known_reference
Signer_04_1.mov,Picture,train,Picture/Signer_04_1.mov,04,known_reference
Signer_04_2.mov,Picture,train,Picture/Signer_04_2.mov,04,known_reference
Signer_04_3.mov,Picture,train,Picture/Signer_04_3.mov,04,known_reference
Signer_04_4.mov,Picture,train,Picture/Signer_04_4.mov,04,known_reference
Signer_04_5.mov,Picture,train,Picture/Signer_04_5.mov,04,known_reference
Signer_05_1.mov,Picture,train,Picture/Signer_05_1.mov,05,known_reference
Signer_05_2.mov,Picture,train,Picture/Signer_05_2.mov,05,known_reference
Signer_05_3.mov,Picture,train,Picture/Signer_05_3.mov,05,known_reference
Signer_05_4.mov,Picture,train,Picture/Signer_05_4.mov,05,known_reference
Signer_05_5.mov,Picture,train,Picture/Signer_05_5.mov,05,known_reference
Signer_06_1.mov,Picture,train,Picture/Signer_06_1.mov,06,known_reference
Signer_06_2.mov,Picture,train,Picture/Signer_06_2.mov,06,known_reference
Signer_06_3.mov,Picture,train,Picture/Signer_06_3.mov,06,known_reference
Signer_06_4.mov,Picture,train,Picture/Signer_06_4.mov,06,known_reference
Signer_06_5.mov,Picture,train,Picture/Signer_06_5.mov,06,known_reference
Signer_07_1.mov,Picture,train,Picture/Signer_07_1.mov,07,known_reference
Signer_07_2.mov,Picture,train,Picture/Signer_07_2.mov,07,known_reference
Signer_07_3.mov,Picture,train,Picture/Signer_07_3.mov,07,known_reference
Signer_07_4.mov,Picture,train,Picture/Signer_07_4.mov,07,known_reference
Signer_07_5.mov,Picture,train,Picture/Signer_07_5.mov,07,known_reference
Signer_08_1.mov,Picture,train,Picture/Signer_08_1.mov,08,known_reference
Signer_08_2.mov,Picture,train,Picture/Signer_08_2.mov,08,known_reference
Signer_08_3.mov,Picture,train,Picture/Signer_08_3.mov,08,known_reference
Signer_08_4.mov,Picture,train,Picture/Signer_08_4.mov,08,known_reference
Signer_08_5.mov,Picture,train,Picture/Signer_08_5.mov,08,known_reference
Signer_09_1.mov,Picture,train,Picture/Signer_09_1.mov,09,known_reference
Signer_09_2.mov,Picture,train,Picture/Signer_09_2.mov,09,known_reference
Signer_09_3.mov,Picture,train,Picture/Signer_09_3.mov,09,known_reference
Signer_09_4.mov,Picture,train,Picture/Signer_09_4.mov,09,known_reference
Signer_09_5.mov,Picture,train,Picture/Signer_09_5.mov,09,known_reference
Signer_10_1.mov,Picture,train,Picture/Signer_10_1.mov,10,known_reference
Signer_10_2.mov,Picture,train,Picture/Signer_10_2.mov,10,known_reference
Signer_10_3.mov,Picture,train,Picture/Signer_10_3.mov,10,known_reference
Signer_10_4.mov,Picture,train,Picture/Signer_10_4.mov,10,known_reference
Signer_10_5.mov,Picture,train,Picture/Signer_10_5.mov,10,known_reference
Signer_01_1.mov,Proud,train,Proud/Signer_01_1.mov,01,known_reference
Signer_01_2.mov,Proud,train,Proud/Signer_01_2.mov,01,known_reference
Signer_01_3.mov,Proud,train,Proud/Signer_01_3.mov,01,known_reference
Signer_01_4.mov,Proud,train,Proud/Signer_01_4.mov,01,known_reference
Signer_01_5.mov,Proud,train,Proud/Signer_01_5.mov,01,known_reference
Signer_02_1.mov,Proud,train,Proud/Signer_02_1.mov,02,known_reference
Signer_02_2.mov,Proud,train,Proud/Signer_02_2.mov,02,known_reference
Signer_02_3.mov,Proud,train,Proud/Signer_02_3.mov,02,known_reference
Signer_02_4.mov,Proud,train,Proud/Signer_02_4.mov,02,known_reference
Signer_02_5.mov,Proud,train,Proud/Signer_02_5.mov,02,known_reference
Signer_03_1.mov,Proud,train,Proud/Signer_03_1.mov,03,known_reference
Signer_03_2.mov,Proud,train,Proud/Signer_03_2.mov,03,known_reference
Signer_03_3.mov,Proud,train,Proud/Signer_03_3.mov,03,known_reference
Signer_03_4.mov,Proud,train,Proud/Signer_03_4.mov,03,known_reference
Signer_03_5.mov,Proud,train,Proud/Signer_03_5.mov,03,known_reference
Signer_04_1.mov,Proud,train,Proud/Signer_04_1.mov,04,known_reference
Signer_04_2.mov,Proud,train,Proud/Signer_04_2.mov,04,known_reference
Signer_04_3.mov,Proud,train,Proud/Signer_04_3.mov,04,known_reference
Signer_04_4.mov,Proud,train,Proud/Signer_04_4.mov,04,known_reference
Signer_04_5.mov,Proud,train,Proud/Signer_04_5.mov,04,known_reference
Signer_05_1.mov,Proud,train,Proud/Signer_05_1.mov,05,known_reference
Signer_05_2.mov,Proud,train,Proud/Signer_05_2.mov,05,known_reference
Signer_05_3.mov,Proud,train,Proud/Signer_05_3.mov,05,known_reference
Signer_05_4.mov,Proud,train,Proud/Signer_05_4.mov,05,known_reference
Signer_05_5.mov,Proud,train,Proud/Signer_05_5.mov,05,known_reference
Signer_06_1.mov,Proud,train,Proud/Signer_06_1.mov,06,known_reference
Signer_06_2.mov,Proud,train,Proud/Signer_06_2.mov,06,known_reference
Signer_06_3.mov,Proud,train,Proud/Signer_06_3.mov,06,known_reference
Signer_06_4.mov,Proud,train,Proud/Signer_06_4.mov,06,known_reference
Signer_06_5.mov,Proud,train,Proud/Signer_06_5.mov,06,known_reference
Signer_07_1.mov,Proud,train,Proud/Signer_07_1.mov,07,known_reference
Signer_07_2.mov,Proud,train,Proud/Signer_07_2.mov,07,known_reference
Signer_07_3.mov,Proud,train,Proud/Signer_07_3.mov,07,known_reference
Signer_07_4.mov,Proud,train,Proud/Signer_07_4.mov,07,known_reference
Signer_07_5.mov,Proud,train,Proud/Signer_07_5.mov,07,known_reference
Signer_08_1.mov,Proud,train,Proud/Signer_08_1.mov,08,known_reference
Signer_08_2.mov,Proud,train,Proud/Signer_08_2.mov,08,known_reference
Signer_08_3.mov,Proud,train,Proud/Signer_08_3.mov,08,known_reference
Signer_08_4.mov,Proud,train,Proud/Signer_08_4.mov,08,known_reference
Signer_08_5.mov,Proud,train,Proud/Signer_08_5.mov,08,known_reference
Signer_09_1.mov,Proud,train,Proud/Signer_09_1.mov,09,known_reference
Signer_09_2.mov,Proud,train,Proud/Signer_09_2.mov,09,known_reference
Signer_09_3.mov,Proud,train,Proud/Signer_09_3.mov,09,known_reference
Signer_09_4.mov,Proud,train,Proud/Signer_09_4.mov,09,known_reference
Signer_09_5.mov,Proud,train,Proud/Signer_09_5.mov,09,known_reference
Signer_10_1.mov,Proud,train,Proud/Signer_10_1.mov,10,known_reference
Signer_10_2.mov,Proud,train,Proud/Signer_10_2.mov,10,known_reference
Signer_10_3.mov,Proud,train,Proud/Signer_10_3.mov,10,known_reference
Signer_10_4.mov,Proud,train,Proud/Signer_10_4.mov,10,known_reference
Signer_10_5.mov,Proud,train,Proud/Signer_10_5.mov,10,known_reference
Signer_01_1.mov,Sweater,train,Sweater/Signer_01_1.mov,01,known_reference
Signer_01_2.mov,Sweater,train,Sweater/Signer_01_2.mov,01,known_reference
Signer_01_3.mov,Sweater,train,Sweater/Signer_01_3.mov,01,known_reference
Signer_01_4.mov,Sweater,train,Sweater/Signer_01_4.mov,01,known_reference
Signer_01_5.mov,Sweater,train,Sweater/Signer_01_5.mov,01,known_reference
Signer_02_1.mov,Sweater,train,Sweater/Signer_02_1.mov,02,known_reference
Signer_02_2.mov,Sweater,train,Sweater/Signer_02_2.mov,02,known_reference
Signer_02_3.mov,Sweater,train,Sweater/Signer_02_3.mov,02,known_reference
Signer_02_4.mov,Sweater,train,Sweater/Signer_02_4.mov,02,known_reference
Signer_02_5.mov,Sweater,train,Sweater/Signer_02_5.mov,02,known_reference
Signer_03_1.mov,Sweater,train,Sweater/Signer_03_1.mov,03,known_reference
Signer_03_2.mov,Sweater,train,Sweater/Signer_03_2.mov,03,known_reference
Signer_03_3.mov,Sweater,train,Sweater/Signer_03_3.mov,03,known_reference
Signer_03_4.mov,Sweater,train,Sweater/Signer_03_4.mov,03,known_reference
Signer_03_5.mov,Sweater,train,Sweater/Signer_03_5.mov,03,known_reference
Signer_04_1.mov,Sweater,train,Sweater/Signer_04_1.mov,04,known_reference
Signer_04_2.mov,Sweater,train,Sweater/Signer_04_2.mov,04,known_reference
Signer_04_3.mov,Sweater,train,Sweater/Signer_04_3.mov,04,known_reference
Signer_04_4.mov,Sweater,train,Sweater/Signer_04_4.mov,04,known_reference
Signer_04_5.mov,Sweater,train,Sweater/Signer_04_5.mov,04,known_reference
Signer_05_1.mov,Sweater,train,Sweater/Signer_05_1.mov,05,known_reference
Signer_05_2.mov,Sweater,train,Sweater/Signer_05_2.mov,05,known_reference
Signer_05_3.mov,Sweater,train,Sweater/Signer_05_3.mov,05,known_reference
Signer_05_4.mov,Sweater,train,Sweater/Signer_05_4.mov,05,known_reference
Signer_05_5.mov,Sweater,train,Sweater/Signer_05_5.mov,05,known_reference
Signer_06_1.mov,Sweater,train,Sweater/Signer_06_1.mov,06,known_reference
Signer_06_2.mov,Sweater,train,Sweater/Signer_06_2.mov,06,known_reference
Signer_06_3.mov,Sweater,train,Sweater/Signer_06_3.mov,06,known_reference
Signer_06_4.mov,Sweater,train,Sweater/Signer_06_4.mov,06,known_reference
Signer_06_5.mov,Sweater,train,Sweater/Signer_06_5.mov,06,known_reference
Signer_07_1.mov,Sweater,train,Sweater/Signer_07_1.mov,07,known_reference
Signer_07_2.mov,Sweater,train,Sweater/Signer_07_2.mov,07,known_reference
Signer_07_3.mov,Sweater,train,Sweater/Signer_07_3.mov,07,known_reference
Signer_07_4.mov,Sweater,train,Sweater/Signer_07_4.mov,07,known_reference
Signer_07_5.mov,Sweater,train,Sweater/Signer_07_5.mov,07,known_reference
Signer_08_a. Sweater.mov,Sweater,train,Sweater/Signer_08_a. Sweater.mov,08,known_reference
Signer_08_b. Sweater.mov,Sweater,train,Sweater/Signer_08_b. Sweater.mov,08,known_reference
Signer_08_c. Sweater.mov,Sweater,train,Sweater/Signer_08_c. Sweater.mov,08,known_reference
Signer_08_d. Sweater.mov,Sweater,train,Sweater/Signer_08_d. Sweater.mov,08,known_reference
Signer_08_e. Sweater.mov,Sweater,train,Sweater/Signer_08_e. Sweater.mov,08,known_reference
Signer_09_1.mov,Sweater,train,Sweater/Signer_09_1.mov,09,known_reference
Signer_09_2.mov,Sweater,train,Sweater/Signer_09_2.mov,09,known_reference
Signer_09_3.mov,Sweater,train,Sweater/Signer_09_3.mov,09,known_reference
Signer_09_4.mov,Sweater,train,Sweater/Signer_09_4.mov,09,known_reference
Signer_09_5.mov,Sweater,train,Sweater/Signer_09_5.mov,09,known_reference
Signer_10_1.mov,Sweater,train,Sweater/Signer_10_1.mov,10,known_reference
Signer_10_2.mov,Sweater,train,Sweater/Signer_10_2.mov,10,known_reference
Signer_10_3.mov,Sweater,train,Sweater/Signer_10_3.mov,10,known_reference
Signer_10_4.mov,Sweater,train,Sweater/Signer_10_4.mov,10,known_reference
Signer_10_5.mov,Sweater,train,Sweater/Signer_10_5.mov,10,known_reference
Signer_01_1.mov,Teach,train,Teach/Signer_01_1.mov,01,known_reference
Signer_01_2.mov,Teach,train,Teach/Signer_01_2.mov,01,known_reference
Signer_01_3.mov,Teach,train,Teach/Signer_01_3.mov,01,known_reference
Signer_01_4.mov,Teach,train,Teach/Signer_01_4.mov,01,known_reference
Signer_01_5.mov,Teach,train,Teach/Signer_01_5.mov,01,known_reference
Signer_02_1.mov,Teach,train,Teach/Signer_02_1.mov,02,known_reference
Signer_02_2.mov,Teach,train,Teach/Signer_02_2.mov,02,known_reference
Signer_02_3.mov,Teach,train,Teach/Signer_02_3.mov,02,known_reference
Signer_02_4.mov,Teach,train,Teach/Signer_02_4.mov,02,known_reference
Signer_02_5.mov,Teach,train,Teach/Signer_02_5.mov,02,known_reference
Signer_03_1.mov,Teach,train,Teach/Signer_03_1.mov,03,known_reference
Signer_03_2.mov,Teach,train,Teach/Signer_03_2.mov,03,known_reference
Signer_03_3.mov,Teach,train,Teach/Signer_03_3.mov,03,known_reference
Signer_03_4.mov,Teach,train,Teach/Signer_03_4.mov,03,known_reference
Signer_03_5.mov,Teach,train,Teach/Signer_03_5.mov,03,known_reference
Signer_04_1.mov,Teach,train,Teach/Signer_04_1.mov,04,known_reference
Signer_04_2.mov,Teach,train,Teach/Signer_04_2.mov,04,known_reference
Signer_04_3.mov,Teach,train,Teach/Signer_04_3.mov,04,known_reference
Signer_04_4.mov,Teach,train,Teach/Signer_04_4.mov,04,known_reference
Signer_04_5.mov,Teach,train,Teach/Signer_04_5.mov,04,known_reference
Signer_05_1.mov,Teach,train,Teach/Signer_05_1.mov,05,known_reference
Signer_05_2.mov,Teach,train,Teach/Signer_05_2.mov,05,known_reference
Signer_05_3.mov,Teach,train,Teach/Signer_05_3.mov,05,known_reference
Signer_05_4.mov,Teach,train,Teach/Signer_05_4.mov,05,known_reference
Signer_05_5.mov,Teach,train,Teach/Signer_05_5.mov,05,known_reference
Signer_06_1.mov,Teach,train,Teach/Signer_06_1.mov,06,known_reference
Signer_06_2.mov,Teach,train,Teach/Signer_06_2.mov,06,known_reference
Signer_06_3.mov,Teach,train,Teach/Signer_06_3.mov,06,known_reference
Signer_06_4.mov,Teach,train,Teach/Signer_06_4.mov,06,known_reference
Signer_06_5.mov,Teach,train,Teach/Signer_06_5.mov,06,known_reference
Signer_07_1.mov,Teach,train,Teach/Signer_07_1.mov,07,known_reference
Signer_07_2.mov,Teach,train,Teach/Signer_07_2.mov,07,known_reference
Signer_07_3.mov,Teach,train,Teach/Signer_07_3.mov,07,known_reference
Signer_07_4.mov,Teach,train,Teach/Signer_07_4.mov,07,known_reference
Signer_07_5.mov,Teach,train,Teach/Signer_07_5.mov,07,known_reference
Signer_09_1.mov,Teach,train,Teach/Signer_09_1.mov,09,known_reference
Signer_09_2.mov,Teach,train,Teach/Signer_09_2.mov,09,known_reference
Signer_09_3.mov,Teach,train,Teach/Signer_09_3.mov,09,known_reference
Signer_09_4.mov,Teach,train,Teach/Signer_09_4.mov,09,known_reference
Signer_10_1.mov,Teach,train,Teach/Signer_10_1.mov,10,known_reference
Signer_10_2.mov,Teach,train,Teach/Signer_10_2.mov,10,known_reference
Signer_10_3.mov,Teach,train,Teach/Signer_10_3.mov,10,known_reference
Signer_10_4.mov,Teach,train,Teach/Signer_10_4.mov,10,known_reference
Signer_10_5.mov,Teach,train,Teach/Signer_10_5.mov,10,known_reference
Signer_01_1.mov,Tomatoes,train,Tomatoes/Signer_01_1.mov,01,unused
Signer_01_2.mov,Tomatoes,train,Tomatoes/Signer_01_2.mov,01,unused
Signer_01_3.mov,Tomatoes,train,Tomatoes/Signer_01_3.mov,01,unused
Signer_01_4.mov,Tomatoes,train,Tomatoes/Signer_01_4.mov,01,unused
Signer_01_5.mov,Tomatoes,train,Tomatoes/Signer_01_5.mov,01,unused
Signer_02_1.mov,Tomatoes,train,Tomatoes/Signer_02_1.mov,02,unused
Signer_02_2.mov,Tomatoes,train,Tomatoes/Signer_02_2.mov,02,unused
Signer_02_3.mov,Tomatoes,train,Tomatoes/Signer_02_3.mov,02,unused
Signer_02_4.mov,Tomatoes,train,Tomatoes/Signer_02_4.mov,02,unused
Signer_02_5.mov,Tomatoes,train,Tomatoes/Signer_02_5.mov,02,unused
Signer_03_1.mov,Tomatoes,train,Tomatoes/Signer_03_1.mov,03,unused
Signer_03_2.mov,Tomatoes,train,Tomatoes/Signer_03_2.mov,03,unused
Signer_03_3.mov,Tomatoes,train,Tomatoes/Signer_03_3.mov,03,unused
Signer_03_4.mov,Tomatoes,train,Tomatoes/Signer_03_4.mov,03,unused
Signer_03_5.mov,Tomatoes,train,Tomatoes/Signer_03_5.mov,03,unused
Signer_04_1.mov,Tomatoes,train,Tomatoes/Signer_04_1.mov,04,unused
Signer_04_2.mov,Tomatoes,train,Tomatoes/Signer_04_2.mov,04,unused
Signer_04_3.mov,Tomatoes,train,Tomatoes/Signer_04_3.mov,04,unused
Signer_04_4.mov,Tomatoes,train,Tomatoes/Signer_04_4.mov,04,unused
Signer_04_5.mov,Tomatoes,train,Tomatoes/Signer_04_5.mov,04,unused
Signer_05_1.mov,Tomatoes,train,Tomatoes/Signer_05_1.mov,05,unused
Signer_05_2.mov,Tomatoes,train,Tomatoes/Signer_05_2.mov,05,unused
Signer_05_3.mov,Tomatoes,train,Tomatoes/Signer_05_3.mov,05,unused
Signer_05_4.mov,Tomatoes,train,Tomatoes/Signer_05_4.mov,05,unused
Signer_05_5.mov,Tomatoes,train,Tomatoes/Signer_05_5.mov,05,unused
Signer_06_1.mov,Tomatoes,train,Tomatoes/Signer_06_1.mov,06,unused
Signer_06_2.mov,Tomatoes,train,Tomatoes/Signer_06_2.mov,06,unused
Signer_06_3.mov,Tomatoes,train,Tomatoes/Signer_06_3.mov,06,unused
Signer_06_4.mov,Tomatoes,train,Tomatoes/Signer_06_4.mov,06,unused
Signer_06_5.mov,Tomatoes,train,Tomatoes/Signer_06_5.mov,06,unused
Signer_07_1.mov,Tomatoes,train,Tomatoes/Signer_07_1.mov,07,unused
Signer_07_2.mov,Tomatoes,train,Tomatoes/Signer_07_2.mov,07,unused
Signer_07_3.mov,Tomatoes,train,Tomatoes/Signer_07_3.mov,07,unused
Signer_07_4.mov,Tomatoes,train,Tomatoes/Signer_07_4.mov,07,unused
Signer_07_5.mov,Tomatoes,train,Tomatoes/Signer_07_5.mov,07,unused
Signer_08_a. Tomatoes.mov,Tomatoes,train,Tomatoes/Signer_08_a. Tomatoes.mov,08,unused
Signer_08_b. Tomatoes.mov,Tomatoes,train,Tomatoes/Signer_08_b. Tomatoes.mov,08,unused
Signer_08_c. Tomatoes.mov,Tomatoes,train,Tomatoes/Signer_08_c. Tomatoes.mov,08,unused
Signer_08_d. Tomatoes.mov,Tomatoes,train,Tomatoes/Signer_08_d. Tomatoes.mov,08,unused
Signer_08_e. Tomatoes.mov,Tomatoes,train,Tomatoes/Signer_08_e. Tomatoes.mov,08,unused
Signer_09_1.mov,Tomatoes,train,Tomatoes/Signer_09_1.mov,09,unused
Signer_09_2.mov,Tomatoes,train,Tomatoes/Signer_09_2.mov,09,unused
Signer_09_3.mov,Tomatoes,train,Tomatoes/Signer_09_3.mov,09,unused
Signer_09_4.mov,Tomatoes,train,Tomatoes/Signer_09_4.mov,09,unused
Signer_09_5.mov,Tomatoes,train,Tomatoes/Signer_09_5.mov,09,unused
Signer_10_1.mov,Tomatoes,train,Tomatoes/Signer_10_1.mov,10,unused
Signer_10_2.mov,Tomatoes,train,Tomatoes/Signer_10_2.mov,10,unused
Signer_10_3.mov,Tomatoes,train,Tomatoes/Signer_10_3.mov,10,unused
Signer_10_4.mov,Tomatoes,train,Tomatoes/Signer_10_4.mov,10,unused
Signer_10_5.mov,Tomatoes,train,Tomatoes/Signer_10_5.mov,10,unused
Signer_01_1.mov,Tortoise,train,Tortoise/Signer_01_1.mov,01,known_reference
Signer_01_2.mov,Tortoise,train,Tortoise/Signer_01_2.mov,01,known_reference
Signer_01_3.mov,Tortoise,train,Tortoise/Signer_01_3.mov,01,known_reference
Signer_01_4.mov,Tortoise,train,Tortoise/Signer_01_4.mov,01,known_reference
Signer_01_5.mov,Tortoise,train,Tortoise/Signer_01_5.mov,01,known_reference
Signer_02_1.mov,Tortoise,train,Tortoise/Signer_02_1.mov,02,known_reference
Signer_02_2.mov,Tortoise,train,Tortoise/Signer_02_2.mov,02,known_reference
Signer_02_3.mov,Tortoise,train,Tortoise/Signer_02_3.mov,02,known_reference
Signer_02_4.mov,Tortoise,train,Tortoise/Signer_02_4.mov,02,known_reference
Signer_02_5.mov,Tortoise,train,Tortoise/Signer_02_5.mov,02,known_reference
Signer_03_1.mov,Tortoise,train,Tortoise/Signer_03_1.mov,03,known_reference
Signer_03_2.mov,Tortoise,train,Tortoise/Signer_03_2.mov,03,known_reference
Signer_03_3.mov,Tortoise,train,Tortoise/Signer_03_3.mov,03,known_reference
Signer_03_4.mov,Tortoise,train,Tortoise/Signer_03_4.mov,03,known_reference
Signer_03_5.mov,Tortoise,train,Tortoise/Signer_03_5.mov,03,known_reference
Signer_04_1.mov,Tortoise,train,Tortoise/Signer_04_1.mov,04,known_reference
Signer_04_2.mov,Tortoise,train,Tortoise/Signer_04_2.mov,04,known_reference
Signer_04_3.mov,Tortoise,train,Tortoise/Signer_04_3.mov,04,known_reference
Signer_04_4.mov,Tortoise,train,Tortoise/Signer_04_4.mov,04,known_reference
Signer_04_5.mov,Tortoise,train,Tortoise/Signer_04_5.mov,04,known_reference
Signer_05_1.mov,Tortoise,train,Tortoise/Signer_05_1.mov,05,known_reference
Signer_05_2.mov,Tortoise,train,Tortoise/Signer_05_2.mov,05,known_reference
Signer_05_3.mov,Tortoise,train,Tortoise/Signer_05_3.mov,05,known_reference
Signer_05_4.mov,Tortoise,train,Tortoise/Signer_05_4.mov,05,known_reference
Signer_05_5.mov,Tortoise,train,Tortoise/Signer_05_5.mov,05,known_reference
Signer_06_1.mov,Tortoise,train,Tortoise/Signer_06_1.mov,06,known_reference
Signer_06_2.mov,Tortoise,train,Tortoise/Signer_06_2.mov,06,known_reference
Signer_06_3.mov,Tortoise,train,Tortoise/Signer_06_3.mov,06,known_reference
Signer_06_4.mov,Tortoise,train,Tortoise/Signer_06_4.mov,06,known_reference
Signer_06_5.mov,Tortoise,train,Tortoise/Signer_06_5.mov,06,known_reference
Signer_07_1.mov,Tortoise,train,Tortoise/Signer_07_1.mov,07,known_reference
Signer_07_2.mov,Tortoise,train,Tortoise/Signer_07_2.mov,07,known_reference
Signer_07_3.mov,Tortoise,train,Tortoise/Signer_07_3.mov,07,known_reference
Signer_07_4.mov,Tortoise,train,Tortoise/Signer_07_4.mov,07,known_reference
Signer_07_5.mov,Tortoise,train,Tortoise/Signer_07_5.mov,07,known_reference
Signer_08_1.mov,Tortoise,train,Tortoise/Signer_08_1.mov,08,known_reference
Signer_08_2.mov,Tortoise,train,Tortoise/Signer_08_2.mov,08,known_reference
Signer_08_3.mov,Tortoise,train,Tortoise/Signer_08_3.mov,08,known_reference
Signer_08_4.mov,Tortoise,train,Tortoise/Signer_08_4.mov,08,known_reference
Signer_08_5.mov,Tortoise,train,Tortoise/Signer_08_5.mov,08,known_reference
Signer_09_1.mov,Tortoise,train,Tortoise/Signer_09_1.mov,09,known_reference
Signer_09_2.mov,Tortoise,train,Tortoise/Signer_09_2.mov,09,known_reference
Signer_09_3.mov,Tortoise,train,Tortoise/Signer_09_3.mov,09,known_reference
Signer_09_4.mov,Tortoise,train,Tortoise/Signer_09_4.mov,09,known_reference
Signer_09_5.mov,Tortoise,train,Tortoise/Signer_09_5.mov,09,known_reference
Signer_10_1.mov,Tortoise,train,Tortoise/Signer_10_1.mov,10,known_reference
Signer_10_2.mov,Tortoise,train,Tortoise/Signer_10_2.mov,10,known_reference
Signer_10_3.mov,Tortoise,train,Tortoise/Signer_10_3.mov,10,known_reference
Signer_10_4.mov,Tortoise,train,Tortoise/Signer_10_4.mov,10,known_reference
Signer_10_5.mov,Tortoise,train,Tortoise/Signer_10_5.mov,10,known_reference
Signer_01_1.mov,Twin,train,Twin/Signer_01_1.mov,01,known_reference
Signer_01_2.mov,Twin,train,Twin/Signer_01_2.mov,01,known_reference
Signer_01_3.mov,Twin,train,Twin/Signer_01_3.mov,01,known_reference
Signer_01_4.mov,Twin,train,Twin/Signer_01_4.mov,01,known_reference
Signer_01_5.mov,Twin,train,Twin/Signer_01_5.mov,01,known_reference
Signer_02_1.mov,Twin,train,Twin/Signer_02_1.mov,02,known_reference
Signer_02_2.mov,Twin,train,Twin/Signer_02_2.mov,02,known_reference
Signer_02_3.mov,Twin,train,Twin/Signer_02_3.mov,02,known_reference
Signer_02_4.mov,Twin,train,Twin/Signer_02_4.mov,02,known_reference
Signer_02_5.mov,Twin,train,Twin/Signer_02_5.mov,02,known_reference
Signer_03_1.mov,Twin,train,Twin/Signer_03_1.mov,03,known_reference
Signer_03_2.mov,Twin,train,Twin/Signer_03_2.mov,03,known_reference
Signer_03_3.mov,Twin,train,Twin/Signer_03_3.mov,03,known_reference
Signer_03_4.mov,Twin,train,Twin/Signer_03_4.mov,03,known_reference
Signer_03_5.mov,Twin,train,Twin/Signer_03_5.mov,03,known_reference
Signer_04_1.mov,Twin,train,Twin/Signer_04_1.mov,04,known_reference
Signer_04_2.mov,Twin,train,Twin/Signer_04_2.mov,04,known_reference
Signer_04_3.mov,Twin,train,Twin/Signer_04_3.mov,04,known_reference
Signer_04_4.mov,Twin,train,Twin/Signer_04_4.mov,04,known_reference
Signer_04_5.mov,Twin,train,Twin/Signer_04_5.mov,04,known_reference
Signer_05_1.mov,Twin,train,Twin/Signer_05_1.mov,05,known_reference
Signer_05_2.mov,Twin,train,Twin/Signer_05_2.mov,05,known_reference
Signer_05_3.mov,Twin,train,Twin/Signer_05_3.mov,05,known_reference
Signer_05_4.mov,Twin,train,Twin/Signer_05_4.mov,05,known_reference
Signer_05_5.mov,Twin,train,Twin/Signer_05_5.mov,05,known_reference
Signer_06_1.mov,Twin,train,Twin/Signer_06_1.mov,06,known_reference
Signer_06_2.mov,Twin,train,Twin/Signer_06_2.mov,06,known_reference
Signer_06_3.mov,Twin,train,Twin/Signer_06_3.mov,06,known_reference
Signer_06_4.mov,Twin,train,Twin/Signer_06_4.mov,06,known_reference
Signer_06_5.mov,Twin,train,Twin/Signer_06_5.mov,06,known_reference
Signer_07_1.mov,Twin,train,Twin/Signer_07_1.mov,07,known_reference
Signer_07_2.mov,Twin,train,Twin/Signer_07_2.mov,07,known_reference
Signer_07_3.mov,Twin,train,Twin/Signer_07_3.mov,07,known_reference
Signer_07_4.mov,Twin,train,Twin/Signer_07_4.mov,07,known_reference
Signer_07_5.mov,Twin,train,Twin/Signer_07_5.mov,07,known_reference
Signer_08_1.mov,Twin,train,Twin/Signer_08_1.mov,08,known_reference
Signer_08_2.mov,Twin,train,Twin/Signer_08_2.mov,08,known_reference
Signer_08_3.mov,Twin,train,Twin/Signer_08_3.mov,08,known_reference
Signer_08_4.mov,Twin,train,Twin/Signer_08_4.mov,08,known_reference
Signer_08_5.mov,Twin,train,Twin/Signer_08_5.mov,08,known_reference
Signer_09_1.mov,Twin,train,Twin/Signer_09_1.mov,09,known_reference
Signer_09_2.mov,Twin,train,Twin/Signer_09_2.mov,09,known_reference
Signer_09_3.mov,Twin,train,Twin/Signer_09_3.mov,09,known_reference
Signer_09_4.mov,Twin,train,Twin/Signer_09_4.mov,09,known_reference
Signer_09_5.mov,Twin,train,Twin/Signer_09_5.mov,09,known_reference
Signer_10_1.mov,Twin,train,Twin/Signer_10_1.mov,10,known_reference
Signer_10_2.mov,Twin,train,Twin/Signer_10_2.mov,10,known_reference
Signer_10_3.mov,Twin,train,Twin/Signer_10_3.mov,10,known_reference
Signer_10_4.mov,Twin,train,Twin/Signer_10_4.mov,10,known_reference
Signer_10_5.mov,Twin,train,Twin/Signer_10_5.mov,10,known_reference
Signer_01_1.mov,Ugali,train,Ugali/Signer_01_1.mov,01,unused
Signer_01_2.mov,Ugali,train,Ugali/Signer_01_2.mov,01,unused
Signer_01_3.mov,Ugali,train,Ugali/Signer_01_3.mov,01,unused
Signer_01_4.mov,Ugali,train,Ugali/Signer_01_4.mov,01,unused
Signer_01_5.mov,Ugali,train,Ugali/Signer_01_5.mov,01,unused
Signer_02_1.mov,Ugali,train,Ugali/Signer_02_1.mov,02,unused
Signer_02_2.mov,Ugali,train,Ugali/Signer_02_2.mov,02,unused
Signer_02_3.mov,Ugali,train,Ugali/Signer_02_3.mov,02,unused
Signer_02_4.mov,Ugali,train,Ugali/Signer_02_4.mov,02,unused
Signer_02_5.mov,Ugali,train,Ugali/Signer_02_5.mov,02,unused
Signer_03_1.mov,Ugali,train,Ugali/Signer_03_1.mov,03,unused
Signer_03_2.mov,Ugali,train,Ugali/Signer_03_2.mov,03,unused
Signer_03_3.mov,Ugali,train,Ugali/Signer_03_3.mov,03,unused
Signer_03_4.mov,Ugali,train,Ugali/Signer_03_4.mov,03,unused
Signer_03_5.mov,Ugali,train,Ugali/Signer_03_5.mov,03,unused
Signer_04_1.mov,Ugali,train,Ugali/Signer_04_1.mov,04,unused
Signer_04_2.mov,Ugali,train,Ugali/Signer_04_2.mov,04,unused
Signer_04_3.mov,Ugali,train,Ugali/Signer_04_3.mov,04,unused
Signer_04_4.mov,Ugali,train,Ugali/Signer_04_4.mov,04,unused
Signer_04_5.mov,Ugali,train,Ugali/Signer_04_5.mov,04,unused
Signer_05_1.mov,Ugali,train,Ugali/Signer_05_1.mov,05,unused
Signer_05_2.mov,Ugali,train,Ugali/Signer_05_2.mov,05,unused
Signer_05_3.mov,Ugali,train,Ugali/Signer_05_3.mov,05,unused
Signer_05_4.mov,Ugali,train,Ugali/Signer_05_4.mov,05,unused
Signer_05_5.mov,Ugali,train,Ugali/Signer_05_5.mov,05,unused
Signer_06_1.mov,Ugali,train,Ugali/Signer_06_1.mov,06,unused
Signer_06_2.mov,Ugali,train,Ugali/Signer_06_2.mov,06,unused
Signer_06_3.mov,Ugali,train,Ugali/Signer_06_3.mov,06,unused
Signer_06_4.mov,Ugali,train,Ugali/Signer_06_4.mov,06,unused
Signer_06_5.mov,Ugali,train,Ugali/Signer_06_5.mov,06,unused
Signer_07_1.mov,Ugali,train,Ugali/Signer_07_1.mov,07,unused
Signer_07_2.mov,Ugali,train,Ugali/Signer_07_2.mov,07,unused
Signer_07_3.mov,Ugali,train,Ugali/Signer_07_3.mov,07,unused
Signer_07_4.mov,Ugali,train,Ugali/Signer_07_4.mov,07,unused
Signer_07_5.mov,Ugali,train,Ugali/Signer_07_5.mov,07,unused
Signer_08_a. Ugali.mov,Ugali,train,Ugali/Signer_08_a. Ugali.mov,08,unused
Signer_08_b. Ugali.mov,Ugali,train,Ugali/Signer_08_b. Ugali.mov,08,unused
Signer_08_c. Ugali.mov,Ugali,train,Ugali/Signer_08_c. Ugali.mov,08,unused
Signer_08_d. Ugali.mov,Ugali,train,Ugali/Signer_08_d. Ugali.mov,08,unused
Signer_08_e. Ugali.mov,Ugali,train,Ugali/Signer_08_e. Ugali.mov,08,unused
Signer_09_1.mov,Ugali,train,Ugali/Signer_09_1.mov,09,unused
Signer_09_2.mov,Ugali,train,Ugali/Signer_09_2.mov,09,unused
Signer_09_3.mov,Ugali,train,Ugali/Signer_09_3.mov,09,unused
Signer_09_4.mov,Ugali,train,Ugali/Signer_09_4.mov,09,unused
Signer_09_5.mov,Ugali,train,Ugali/Signer_09_5.mov,09,unused
Signer_10_1.mov,Ugali,train,Ugali/Signer_10_1.mov,10,unused
Signer_10_2.mov,Ugali,train,Ugali/Signer_10_2.mov,10,unused
Signer_10_3.mov,Ugali,train,Ugali/Signer_10_3.mov,10,unused
Signer_10_4.mov,Ugali,train,Ugali/Signer_10_4.mov,10,unused
Signer_10_5.mov,Ugali,train,Ugali/Signer_10_5.mov,10,unused
Signer_11_A056.mov,Agreement,val,Agreement/Signer_11_A056.mov,11,known_validation
Signer_11_A057.mov,Agreement,val,Agreement/Signer_11_A057.mov,11,known_validation
Signer_11_A058.mov,Agreement,val,Agreement/Signer_11_A058.mov,11,known_validation
Signer_11_A059.mov,Agreement,val,Agreement/Signer_11_A059.mov,11,known_validation
Signer_11_A060.mov,Agreement,val,Agreement/Signer_11_A060.mov,11,known_validation
Signer_12_A206.mov,Agreement,val,Agreement/Signer_12_A206.mov,12,known_validation
Signer_12_A207.mov,Agreement,val,Agreement/Signer_12_A207.mov,12,known_validation
Signer_12_A208.mov,Agreement,val,Agreement/Signer_12_A208.mov,12,known_validation
Signer_12_A209.mov,Agreement,val,Agreement/Signer_12_A209.mov,12,known_validation
Signer_12_A210.mov,Agreement,val,Agreement/Signer_12_A210.mov,12,known_validation
Signer_11_A061.mov,Apple,val,Apple/Signer_11_A061.mov,11,known_validation
Signer_11_A062.mov,Apple,val,Apple/Signer_11_A062.mov,11,known_validation
Signer_11_A063.mov,Apple,val,Apple/Signer_11_A063.mov,11,known_validation
Signer_11_A064.mov,Apple,val,Apple/Signer_11_A064.mov,11,known_validation
Signer_11_A065.mov,Apple,val,Apple/Signer_11_A065.mov,11,known_validation
Signer_12_A211.mov,Apple,val,Apple/Signer_12_A211.mov,12,known_validation
Signer_12_A212.mov,Apple,val,Apple/Signer_12_A212.mov,12,known_validation
Signer_12_A213.mov,Apple,val,Apple/Signer_12_A213.mov,12,known_validation
Signer_12_A214.mov,Apple,val,Apple/Signer_12_A214.mov,12,known_validation
Signer_12_A215.mov,Apple,val,Apple/Signer_12_A215.mov,12,known_validation
Signer_11_A016.mov,Colour,val,Colour/Signer_11_A016.mov,11,known_validation
Signer_11_A017.mov,Colour,val,Colour/Signer_11_A017.mov,11,known_validation
Signer_11_A018.mov,Colour,val,Colour/Signer_11_A018.mov,11,known_validation
Signer_11_A019.mov,Colour,val,Colour/Signer_11_A019.mov,11,known_validation
Signer_11_A020.mov,Colour,val,Colour/Signer_11_A020.mov,11,known_validation
Signer_12_A166.mov,Colour,val,Colour/Signer_12_A166.mov,12,known_validation
Signer_12_A167.mov,Colour,val,Colour/Signer_12_A167.mov,12,known_validation
Signer_12_A168.mov,Colour,val,Colour/Signer_12_A168.mov,12,known_validation
Signer_12_A169.mov,Colour,val,Colour/Signer_12_A169.mov,12,known_validation
Signer_12_A170.mov,Colour,val,Colour/Signer_12_A170.mov,12,known_validation
Signer_11_A001.mov,Friend,val,Friend/Signer_11_A001.mov,11,known_validation
Signer_11_A002.mov,Friend,val,Friend/Signer_11_A002.mov,11,known_validation
Signer_11_A003.mov,Friend,val,Friend/Signer_11_A003.mov,11,known_validation
Signer_11_A004.mov,Friend,val,Friend/Signer_11_A004.mov,11,known_validation
Signer_11_A005.mov,Friend,val,Friend/Signer_11_A005.mov,11,known_validation
Signer_12_A151.mov,Friend,val,Friend/Signer_12_A151.mov,12,known_validation
Signer_12_A152.mov,Friend,val,Friend/Signer_12_A152.mov,12,known_validation
Signer_12_A153.mov,Friend,val,Friend/Signer_12_A153.mov,12,known_validation
Signer_12_A154.mov,Friend,val,Friend/Signer_12_A154.mov,12,known_validation
Signer_12_A155.mov,Friend,val,Friend/Signer_12_A155.mov,12,known_validation
Signer_11_A071.mov,Gift,val,Gift/Signer_11_A071.mov,11,known_validation
Signer_11_A072.mov,Gift,val,Gift/Signer_11_A072.mov,11,known_validation
Signer_11_A073.mov,Gift,val,Gift/Signer_11_A073.mov,11,known_validation
Signer_11_A074.mov,Gift,val,Gift/Signer_11_A074.mov,11,known_validation
Signer_11_A075.mov,Gift,val,Gift/Signer_11_A075.mov,11,known_validation
Signer_12_A221.mov,Gift,val,Gift/Signer_12_A221.mov,12,known_validation
Signer_12_A222.mov,Gift,val,Gift/Signer_12_A222.mov,12,known_validation
Signer_12_A223.mov,Gift,val,Gift/Signer_12_A223.mov,12,known_validation
Signer_12_A224.mov,Gift,val,Gift/Signer_12_A224.mov,12,known_validation
Signer_12_A225.mov,Gift,val,Gift/Signer_12_A225.mov,12,known_validation
Signer_11_A006.mov,Market,val,Market/Signer_11_A006.mov,11,known_validation
Signer_11_A007.mov,Market,val,Market/Signer_11_A007.mov,11,known_validation
Signer_11_A008.mov,Market,val,Market/Signer_11_A008.mov,11,known_validation
Signer_11_A009.mov,Market,val,Market/Signer_11_A009.mov,11,known_validation
Signer_11_A010.mov,Market,val,Market/Signer_11_A010.mov,11,known_validation
Signer_12_A156.mov,Market,val,Market/Signer_12_A156.mov,12,known_validation
Signer_12_A157.mov,Market,val,Market/Signer_12_A157.mov,12,known_validation
Signer_12_A158.mov,Market,val,Market/Signer_12_A158.mov,12,known_validation
Signer_12_A159.mov,Market,val,Market/Signer_12_A159.mov,12,known_validation
Signer_12_A160.mov,Market,val,Market/Signer_12_A160.mov,12,known_validation
Signer_11_A036.mov,Monday,val,Monday/Signer_11_A036.mov,11,unused
Signer_11_A037.mov,Monday,val,Monday/Signer_11_A037.mov,11,unused
Signer_11_A038.mov,Monday,val,Monday/Signer_11_A038.mov,11,unused
Signer_11_A039.mov,Monday,val,Monday/Signer_11_A039.mov,11,unused
Signer_11_A040.mov,Monday,val,Monday/Signer_11_A040.mov,11,unused
Signer_12_A186.mov,Monday,val,Monday/Signer_12_A186.mov,12,unused
Signer_12_A187.mov,Monday,val,Monday/Signer_12_A187.mov,12,unused
Signer_12_A188.mov,Monday,val,Monday/Signer_12_A188.mov,12,unused
Signer_12_A189.mov,Monday,val,Monday/Signer_12_A189.mov,12,unused
Signer_12_A190.mov,Monday,val,Monday/Signer_12_A190.mov,12,unused
Signer_11_A126.mov,No_100,val,No_100/Signer_11_A126.mov,11,unused
Signer_11_A127.mov,No_100,val,No_100/Signer_11_A127.mov,11,unused
Signer_11_A128.mov,No_100,val,No_100/Signer_11_A128.mov,11,unused
Signer_11_A129.mov,No_100,val,No_100/Signer_11_A129.mov,11,unused
Signer_11_A130.mov,No_100,val,No_100/Signer_11_A130.mov,11,unused
Signer_12_A276.mov,No_100,val,No_100/Signer_12_A276.mov,12,unused
Signer_12_A277.mov,No_100,val,No_100/Signer_12_A277.mov,12,unused
Signer_12_A278.mov,No_100,val,No_100/Signer_12_A278.mov,12,unused
Signer_12_A279.mov,No_100,val,No_100/Signer_12_A279.mov,12,unused
Signer_12_A280.mov,No_100,val,No_100/Signer_12_A280.mov,12,unused
Signer_11_A131.mov,No_125,val,No_125/Signer_11_A131.mov,11,known_validation
Signer_11_A132.mov,No_125,val,No_125/Signer_11_A132.mov,11,known_validation
Signer_11_A133.mov,No_125,val,No_125/Signer_11_A133.mov,11,known_validation
Signer_11_A134.mov,No_125,val,No_125/Signer_11_A134.mov,11,known_validation
Signer_11_A135.mov,No_125,val,No_125/Signer_11_A135.mov,11,known_validation
Signer_12_A281.mov,No_125,val,No_125/Signer_12_A281.mov,12,known_validation
Signer_12_A282.mov,No_125,val,No_125/Signer_12_A282.mov,12,known_validation
Signer_12_A283.mov,No_125,val,No_125/Signer_12_A283.mov,12,known_validation
Signer_12_A284.mov,No_125,val,No_125/Signer_12_A284.mov,12,known_validation
Signer_12_A285.mov,No_125,val,No_125/Signer_12_A285.mov,12,known_validation
Signer_11_A081.mov,No_17,val,No_17/Signer_11_A081.mov,11,known_validation
Signer_11_A082.mov,No_17,val,No_17/Signer_11_A082.mov,11,known_validation
Signer_11_A083.mov,No_17,val,No_17/Signer_11_A083.mov,11,known_validation
Signer_11_A084.mov,No_17,val,No_17/Signer_11_A084.mov,11,known_validation
Signer_11_A085.mov,No_17,val,No_17/Signer_11_A085.mov,11,known_validation
Signer_12_A231.mov,No_17,val,No_17/Signer_12_A231.mov,12,known_validation
Signer_12_A232.mov,No_17,val,No_17/Signer_12_A232.mov,12,known_validation
Signer_12_A233.mov,No_17,val,No_17/Signer_12_A233.mov,12,known_validation
Signer_12_A234.mov,No_17,val,No_17/Signer_12_A234.mov,12,known_validation
Signer_12_A235.mov,No_17,val,No_17/Signer_12_A235.mov,12,known_validation
Signer_11_A086.mov,No_22,val,No_22/Signer_11_A086.mov,11,unused
Signer_11_A087.mov,No_22,val,No_22/Signer_11_A087.mov,11,unused
Signer_11_A088.mov,No_22,val,No_22/Signer_11_A088.mov,11,unused
Signer_11_A089.mov,No_22,val,No_22/Signer_11_A089.mov,11,unused
Signer_11_A090.mov,No_22,val,No_22/Signer_11_A090.mov,11,unused
Signer_12_A236.mov,No_22,val,No_22/Signer_12_A236.mov,12,unused
Signer_12_A237.mov,No_22,val,No_22/Signer_12_A237.mov,12,unused
Signer_12_A238.mov,No_22,val,No_22/Signer_12_A238.mov,12,unused
Signer_12_A239.mov,No_22,val,No_22/Signer_12_A239.mov,12,unused
Signer_12_A240.mov,No_22,val,No_22/Signer_12_A240.mov,12,unused
Signer_11_A136.mov,No_268,val,No_268/Signer_11_A136.mov,11,known_validation
Signer_11_A137.mov,No_268,val,No_268/Signer_11_A137.mov,11,known_validation
Signer_11_A138.mov,No_268,val,No_268/Signer_11_A138.mov,11,known_validation
Signer_11_A139.mov,No_268,val,No_268/Signer_11_A139.mov,11,known_validation
Signer_11_A140.mov,No_268,val,No_268/Signer_11_A140.mov,11,known_validation
Signer_12_A286.mov,No_268,val,No_268/Signer_12_A286.mov,12,known_validation
Signer_12_A287.mov,No_268,val,No_268/Signer_12_A287.mov,12,known_validation
Signer_12_A288.mov,No_268,val,No_268/Signer_12_A288.mov,12,known_validation
Signer_12_A289.mov,No_268,val,No_268/Signer_12_A289.mov,12,known_validation
Signer_12_A290.mov,No_268,val,No_268/Signer_12_A290.mov,12,known_validation
Signer_11_A091.mov,No_35,val,No_35/Signer_11_A091.mov,11,known_validation
Signer_11_A092.mov,No_35,val,No_35/Signer_11_A092.mov,11,known_validation
Signer_11_A093.mov,No_35,val,No_35/Signer_11_A093.mov,11,known_validation
Signer_11_A094.mov,No_35,val,No_35/Signer_11_A094.mov,11,known_validation
Signer_11_A095.mov,No_35,val,No_35/Signer_11_A095.mov,11,known_validation
Signer_12_A241.mov,No_35,val,No_35/Signer_12_A241.mov,12,known_validation
Signer_12_A242.mov,No_35,val,No_35/Signer_12_A242.mov,12,known_validation
Signer_12_A243.mov,No_35,val,No_35/Signer_12_A243.mov,12,known_validation
Signer_12_A244.mov,No_35,val,No_35/Signer_12_A244.mov,12,known_validation
Signer_12_A245.mov,No_35,val,No_35/Signer_12_A245.mov,12,known_validation
Signer_11_A141.mov,No_388,val,No_388/Signer_11_A141.mov,11,known_validation
Signer_11_A142.mov,No_388,val,No_388/Signer_11_A142.mov,11,known_validation
Signer_11_A143.mov,No_388,val,No_388/Signer_11_A143.mov,11,known_validation
Signer_11_A144.mov,No_388,val,No_388/Signer_11_A144.mov,11,known_validation
Signer_11_A145.mov,No_388,val,No_388/Signer_11_A145.mov,11,known_validation
Signer_12_A291.mov,No_388,val,No_388/Signer_12_A291.mov,12,known_validation
Signer_12_A292.mov,No_388,val,No_388/Signer_12_A292.mov,12,known_validation
Signer_12_A293.mov,No_388,val,No_388/Signer_12_A293.mov,12,known_validation
Signer_12_A294.mov,No_388,val,No_388/Signer_12_A294.mov,12,known_validation
Signer_12_A295.mov,No_388,val,No_388/Signer_12_A295.mov,12,known_validation
Signer_11_A146.mov,No_444,val,No_444/Signer_11_A146.mov,11,unused
Signer_11_A147.mov,No_444,val,No_444/Signer_11_A147.mov,11,unused
Signer_11_A148.mov,No_444,val,No_444/Signer_11_A148.mov,11,unused
Signer_11_A149.mov,No_444,val,No_444/Signer_11_A149.mov,11,unused
Signer_11_A150.mov,No_444,val,No_444/Signer_11_A150.mov,11,unused
Signer_12_A296.mov,No_444,val,No_444/Signer_12_A296.mov,12,unused
Signer_12_A297.mov,No_444,val,No_444/Signer_12_A297.mov,12,unused
Signer_12_A298.mov,No_444,val,No_444/Signer_12_A298.mov,12,unused
Signer_12_A299.mov,No_444,val,No_444/Signer_12_A299.mov,12,unused
Signer_12_A300.mov,No_444,val,No_444/Signer_12_A300.mov,12,unused
Signer_11_A096.mov,No_48,val,No_48/Signer_11_A096.mov,11,known_validation
Signer_11_A097.mov,No_48,val,No_48/Signer_11_A097.mov,11,known_validation
Signer_11_A098.mov,No_48,val,No_48/Signer_11_A098.mov,11,known_validation
Signer_11_A099.mov,No_48,val,No_48/Signer_11_A099.mov,11,known_validation
Signer_11_A100.mov,No_48,val,No_48/Signer_11_A100.mov,11,known_validation
Signer_12_A246.mov,No_48,val,No_48/Signer_12_A246.mov,12,known_validation
Signer_12_A247.mov,No_48,val,No_48/Signer_12_A247.mov,12,known_validation
Signer_12_A248.mov,No_48,val,No_48/Signer_12_A248.mov,12,known_validation
Signer_12_A249.mov,No_48,val,No_48/Signer_12_A249.mov,12,known_validation
Signer_12_A250.mov,No_48,val,No_48/Signer_12_A250.mov,12,known_validation
Signer_11_A101.mov,No_54,val,No_54/Signer_11_A101.mov,11,known_validation
Signer_11_A102.mov,No_54,val,No_54/Signer_11_A102.mov,11,known_validation
Signer_11_A103.mov,No_54,val,No_54/Signer_11_A103.mov,11,known_validation
Signer_11_A104.mov,No_54,val,No_54/Signer_11_A104.mov,11,known_validation
Signer_11_A105.mov,No_54,val,No_54/Signer_11_A105.mov,11,known_validation
Signer_12_A251.mov,No_54,val,No_54/Signer_12_A251.mov,12,known_validation
Signer_12_A252.mov,No_54,val,No_54/Signer_12_A252.mov,12,known_validation
Signer_12_A253.mov,No_54,val,No_54/Signer_12_A253.mov,12,known_validation
Signer_12_A254.mov,No_54,val,No_54/Signer_12_A254.mov,12,known_validation
Signer_12_A255.mov,No_54,val,No_54/Signer_12_A255.mov,12,known_validation
Signer_11_A106.mov,No_66,val,No_66/Signer_11_A106.mov,11,known_validation
Signer_11_A107.mov,No_66,val,No_66/Signer_11_A107.mov,11,known_validation
Signer_11_A108.mov,No_66,val,No_66/Signer_11_A108.mov,11,known_validation
Signer_11_A109.mov,No_66,val,No_66/Signer_11_A109.mov,11,known_validation
Signer_11_A110.mov,No_66,val,No_66/Signer_11_A110.mov,11,known_validation
Signer_12_A256.mov,No_66,val,No_66/Signer_12_A256.mov,12,known_validation
Signer_12_A257.mov,No_66,val,No_66/Signer_12_A257.mov,12,known_validation
Signer_12_A258.mov,No_66,val,No_66/Signer_12_A258.mov,12,known_validation
Signer_12_A259.mov,No_66,val,No_66/Signer_12_A259.mov,12,known_validation
Signer_12_A260.mov,No_66,val,No_66/Signer_12_A260.mov,12,known_validation
Signer_11_A111.mov,No_73,val,No_73/Signer_11_A111.mov,11,unused
Signer_11_A112.mov,No_73,val,No_73/Signer_11_A112.mov,11,unused
Signer_11_A113.mov,No_73,val,No_73/Signer_11_A113.mov,11,unused
Signer_11_A114.mov,No_73,val,No_73/Signer_11_A114.mov,11,unused
Signer_11_A115.mov,No_73,val,No_73/Signer_11_A115.mov,11,unused
Signer_12_A261.mov,No_73,val,No_73/Signer_12_A261.mov,12,unused
Signer_12_A262.mov,No_73,val,No_73/Signer_12_A262.mov,12,unused
Signer_12_A263.mov,No_73,val,No_73/Signer_12_A263.mov,12,unused
Signer_12_A264.mov,No_73,val,No_73/Signer_12_A264.mov,12,unused
Signer_12_A265.mov,No_73,val,No_73/Signer_12_A265.mov,12,unused
Signer_11_A116.mov,No_89,val,No_89/Signer_11_A116.mov,11,unused
Signer_11_A117.mov,No_89,val,No_89/Signer_11_A117.mov,11,unused
Signer_11_A118.mov,No_89,val,No_89/Signer_11_A118.mov,11,unused
Signer_11_A119.mov,No_89,val,No_89/Signer_11_A119.mov,11,unused
Signer_11_A120.mov,No_89,val,No_89/Signer_11_A120.mov,11,unused
Signer_12_A266.mov,No_89,val,No_89/Signer_12_A266.mov,12,unused
Signer_12_A267.mov,No_89,val,No_89/Signer_12_A267.mov,12,unused
Signer_12_A268.mov,No_89,val,No_89/Signer_12_A268.mov,12,unused
Signer_12_A269.mov,No_89,val,No_89/Signer_12_A269.mov,12,unused
Signer_12_A270.mov,No_89,val,No_89/Signer_12_A270.mov,12,unused
Signer_11_A076.mov,No_9,val,No_9/Signer_11_A076.mov,11,unused
Signer_11_A077.mov,No_9,val,No_9/Signer_11_A077.mov,11,unused
Signer_11_A078.mov,No_9,val,No_9/Signer_11_A078.mov,11,unused
Signer_11_A079.mov,No_9,val,No_9/Signer_11_A079.mov,11,unused
Signer_11_A080.mov,No_9,val,No_9/Signer_11_A080.mov,11,unused
Signer_12_A226.mov,No_9,val,No_9/Signer_12_A226.mov,12,unused
Signer_12_A227.mov,No_9,val,No_9/Signer_12_A227.mov,12,unused
Signer_12_A228.mov,No_9,val,No_9/Signer_12_A228.mov,12,unused
Signer_12_A229.mov,No_9,val,No_9/Signer_12_A229.mov,12,unused
Signer_12_A230.mov,No_9,val,No_9/Signer_12_A230.mov,12,unused
Signer_11_A121.mov,No_91,val,No_91/Signer_11_A121.mov,11,unused
Signer_11_A122.mov,No_91,val,No_91/Signer_11_A122.mov,11,unused
Signer_11_A123.mov,No_91,val,No_91/Signer_11_A123.mov,11,unused
Signer_11_A124.mov,No_91,val,No_91/Signer_11_A124.mov,11,unused
Signer_11_A125.mov,No_91,val,No_91/Signer_11_A125.mov,11,unused
Signer_12_A271.mov,No_91,val,No_91/Signer_12_A271.mov,12,unused
Signer_12_A272.mov,No_91,val,No_91/Signer_12_A272.mov,12,unused
Signer_12_A273.mov,No_91,val,No_91/Signer_12_A273.mov,12,unused
Signer_12_A274.mov,No_91,val,No_91/Signer_12_A274.mov,12,unused
Signer_12_A275.mov,No_91,val,No_91/Signer_12_A275.mov,12,unused
Signer_11_A051.mov,Picture,val,Picture/Signer_11_A051.mov,11,known_validation
Signer_11_A052.mov,Picture,val,Picture/Signer_11_A052.mov,11,known_validation
Signer_11_A053.mov,Picture,val,Picture/Signer_11_A053.mov,11,known_validation
Signer_11_A054.mov,Picture,val,Picture/Signer_11_A054.mov,11,known_validation
Signer_11_A055.mov,Picture,val,Picture/Signer_11_A055.mov,11,known_validation
Signer_12_A201.mov,Picture,val,Picture/Signer_12_A201.mov,12,known_validation
Signer_12_A202.mov,Picture,val,Picture/Signer_12_A202.mov,12,known_validation
Signer_12_A203.mov,Picture,val,Picture/Signer_12_A203.mov,12,known_validation
Signer_12_A204.mov,Picture,val,Picture/Signer_12_A204.mov,12,known_validation
Signer_12_A205.mov,Picture,val,Picture/Signer_12_A205.mov,12,known_validation
Signer_11_A046.mov,Proud,val,Proud/Signer_11_A046.mov,11,known_validation
Signer_11_A047.mov,Proud,val,Proud/Signer_11_A047.mov,11,known_validation
Signer_11_A048.mov,Proud,val,Proud/Signer_11_A048.mov,11,known_validation
Signer_11_A049.mov,Proud,val,Proud/Signer_11_A049.mov,11,known_validation
Signer_11_A050.mov,Proud,val,Proud/Signer_11_A050.mov,11,known_validation
Signer_12_A196.mov,Proud,val,Proud/Signer_12_A196.mov,12,known_validation
Signer_12_A197.mov,Proud,val,Proud/Signer_12_A197.mov,12,known_validation
Signer_12_A198.mov,Proud,val,Proud/Signer_12_A198.mov,12,known_validation
Signer_12_A199.mov,Proud,val,Proud/Signer_12_A199.mov,12,known_validation
Signer_12_A200.mov,Proud,val,Proud/Signer_12_A200.mov,12,known_validation
Signer_11_A026.mov,Sweater,val,Sweater/Signer_11_A026.mov,11,known_validation
Signer_11_A027.mov,Sweater,val,Sweater/Signer_11_A027.mov,11,known_validation
Signer_11_A028.mov,Sweater,val,Sweater/Signer_11_A028.mov,11,known_validation
Signer_11_A029.mov,Sweater,val,Sweater/Signer_11_A029.mov,11,known_validation
Signer_11_A030.mov,Sweater,val,Sweater/Signer_11_A030.mov,11,known_validation
Signer_12_A176.mov,Sweater,val,Sweater/Signer_12_A176.mov,12,known_validation
Signer_12_A177.mov,Sweater,val,Sweater/Signer_12_A177.mov,12,known_validation
Signer_12_A178.mov,Sweater,val,Sweater/Signer_12_A178.mov,12,known_validation
Signer_12_A179.mov,Sweater,val,Sweater/Signer_12_A179.mov,12,known_validation
Signer_12_A180.mov,Sweater,val,Sweater/Signer_12_A180.mov,12,known_validation
Signer_11_A011.mov,Teach,val,Teach/Signer_11_A011.mov,11,known_validation
Signer_11_A012.mov,Teach,val,Teach/Signer_11_A012.mov,11,known_validation
Signer_11_A013.mov,Teach,val,Teach/Signer_11_A013.mov,11,known_validation
Signer_11_A014.mov,Teach,val,Teach/Signer_11_A014.mov,11,known_validation
Signer_11_A015.mov,Teach,val,Teach/Signer_11_A015.mov,11,known_validation
Signer_12_A161.mov,Teach,val,Teach/Signer_12_A161.mov,12,known_validation
Signer_12_A162.mov,Teach,val,Teach/Signer_12_A162.mov,12,known_validation
Signer_12_A163.mov,Teach,val,Teach/Signer_12_A163.mov,12,known_validation
Signer_12_A164.mov,Teach,val,Teach/Signer_12_A164.mov,12,known_validation
Signer_12_A165.mov,Teach,val,Teach/Signer_12_A165.mov,12,known_validation
Signer_11_A021.mov,Tomatoes,val,Tomatoes/Signer_11_A021.mov,11,unused
Signer_11_A022.mov,Tomatoes,val,Tomatoes/Signer_11_A022.mov,11,unused
Signer_11_A023.mov,Tomatoes,val,Tomatoes/Signer_11_A023.mov,11,unused
Signer_11_A024.mov,Tomatoes,val,Tomatoes/Signer_11_A024.mov,11,unused
Signer_11_A025.mov,Tomatoes,val,Tomatoes/Signer_11_A025.mov,11,unused
Signer_12_A171.mov,Tomatoes,val,Tomatoes/Signer_12_A171.mov,12,unused
Signer_12_A172.mov,Tomatoes,val,Tomatoes/Signer_12_A172.mov,12,unused
Signer_12_A173.mov,Tomatoes,val,Tomatoes/Signer_12_A173.mov,12,unused
Signer_12_A174.mov,Tomatoes,val,Tomatoes/Signer_12_A174.mov,12,unused
Signer_12_A175.mov,Tomatoes,val,Tomatoes/Signer_12_A175.mov,12,unused
Signer_11_A041.mov,Tortoise,val,Tortoise/Signer_11_A041.mov,11,known_validation
Signer_11_A042.mov,Tortoise,val,Tortoise/Signer_11_A042.mov,11,known_validation
Signer_11_A043.mov,Tortoise,val,Tortoise/Signer_11_A043.mov,11,known_validation
Signer_11_A044.mov,Tortoise,val,Tortoise/Signer_11_A044.mov,11,known_validation
Signer_11_A045.mov,Tortoise,val,Tortoise/Signer_11_A045.mov,11,known_validation
Signer_12_A191.mov,Tortoise,val,Tortoise/Signer_12_A191.mov,12,known_validation
Signer_12_A192.mov,Tortoise,val,Tortoise/Signer_12_A192.mov,12,known_validation
Signer_12_A193.mov,Tortoise,val,Tortoise/Signer_12_A193.mov,12,known_validation
Signer_12_A194.mov,Tortoise,val,Tortoise/Signer_12_A194.mov,12,known_validation
Signer_12_A195.mov,Tortoise,val,Tortoise/Signer_12_A195.mov,12,known_validation
Signer_11_A066.mov,Twin,val,Twin/Signer_11_A066.mov,11,known_validation
Signer_11_A067.mov,Twin,val,Twin/Signer_11_A067.mov,11,known_validation
Signer_11_A068.mov,Twin,val,Twin/Signer_11_A068.mov,11,known_validation
Signer_11_A069.mov,Twin,val,Twin/Signer_11_A069.mov,11,known_validation
Signer_11_A070.mov,Twin,val,Twin/Signer_11_A070.mov,11,known_validation
Signer_12_A216.mov,Twin,val,Twin/Signer_12_A216.mov,12,known_validation
Signer_12_A217.mov,Twin,val,Twin/Signer_12_A217.mov,12,known_validation
Signer_12_A218.mov,Twin,val,Twin/Signer_12_A218.mov,12,known_validation
Signer_12_A219.mov,Twin,val,Twin/Signer_12_A219.mov,12,known_validation
Signer_12_A220.mov,Twin,val,Twin/Signer_12_A220.mov,12,known_validation
Signer_11_A031.mov,Ugali,val,Ugali/Signer_11_A031.mov,11,unused
Signer_11_A032.mov,Ugali,val,Ugali/Signer_11_A032.mov,11,unused
Signer_11_A033.mov,Ugali,val,Ugali/Signer_11_A033.mov,11,unused
Signer_11_A034.mov,Ugali,val,Ugali/Signer_11_A034.mov,11,unused
Signer_11_A035.mov,Ugali,val,Ugali/Signer_11_A035.mov,11,unused
Signer_12_A181.mov,Ugali,val,Ugali/Signer_12_A181.mov,12,unused
Signer_12_A182.mov,Ugali,val,Ugali/Signer_12_A182.mov,12,unused
Signer_12_A183.mov,Ugali,val,Ugali/Signer_12_A183.mov,12,unused
Signer_12_A184.mov,Ugali,val,Ugali/Signer_12_A184.mov,12,unused
Signer_12_A185.mov,Ugali,val,Ugali/Signer_12_A185.mov,12,unused
