sample,true_label,clean_prediction,clean_true_probability,ablation_type,feature_name,feature_index,true_probability_drop
fatherr_10.npy,father,father,0.4198184311389923,joint,joint_00,0,0.0023128092288970947
fatherr_10.npy,father,father,0.4198184311389923,joint,joint_01,1,0.002585470676422119
fatherr_10.npy,father,father,0.4198184311389923,joint,joint_02,2,0.0026144087314605713
fatherr_10.npy,father,father,0.4198184311389923,joint,joint_03,3,0.0024875104427337646
fatherr_10.npy,father,father,0.4198184311389923,joint,joint_04,4,0.0016751587390899658
fatherr_10.npy,father,father,0.4198184311389923,joint,joint_05,5,-0.0003915131092071533
fatherr_10.npy,father,father,0.4198184311389923,joint,joint_06,6,0.001717597246170044
fatherr_10.npy,father,father,0.4198184311389923,joint,joint_07,7,0.003576904535293579
fatherr_10.npy,father,father,0.4198184311389923,joint,joint_08,8,0.0007108151912689209
fatherr_10.npy,father,father,0.4198184311389923,joint,joint_09,9,0.0003381073474884033
fatherr_10.npy,father,father,0.4198184311389923,joint,joint_10,10,0.0005615651607513428
fatherr_10.npy,father,father,0.4198184311389923,joint,joint_11,11,-0.00011026859283447266
fatherr_10.npy,father,father,0.4198184311389923,joint,joint_12,12,0.0014888644218444824
fatherr_10.npy,father,father,0.4198184311389923,joint,joint_13,13,0.0023241639137268066
fatherr_10.npy,father,father,0.4198184311389923,joint,joint_14,14,-0.0005334615707397461
fatherr_10.npy,father,father,0.4198184311389923,joint,joint_15,15,0.0020465850830078125
fatherr_10.npy,father,father,0.4198184311389923,joint,joint_16,16,0.00034630298614501953
fatherr_10.npy,father,father,0.4198184311389923,joint,joint_17,17,0.0012402236461639404
fatherr_10.npy,father,father,0.4198184311389923,joint,joint_18,18,0.0009298324584960938
fatherr_10.npy,father,father,0.4198184311389923,joint,joint_19,19,0.00036638975143432617
fatherr_10.npy,father,father,0.4198184311389923,joint,joint_20,20,0.002812594175338745
fatherr_10.npy,father,father,0.4198184311389923,joint,joint_21,21,4.175305366516113e-05
fatherr_10.npy,father,father,0.4198184311389923,joint,joint_22,22,4.273653030395508e-05
fatherr_10.npy,father,father,0.4198184311389923,joint,joint_23,23,-1.0341405868530273e-05
fatherr_10.npy,father,father,0.4198184311389923,joint,joint_24,24,5.781650543212891e-06
fatherr_10.npy,father,father,0.4198184311389923,joint,joint_25,25,0.00012689828872680664
fatherr_10.npy,father,father,0.4198184311389923,joint,joint_26,26,3.0994415283203125e-06
fatherr_10.npy,father,father,0.4198184311389923,joint,joint_27,27,1.055002212524414e-05
fatherr_10.npy,father,father,0.4198184311389923,joint,joint_28,28,1.1473894119262695e-05
fatherr_10.npy,father,father,0.4198184311389923,joint,joint_29,29,-1.5437602996826172e-05
fatherr_10.npy,father,father,0.4198184311389923,joint,joint_30,30,0.0001221001148223877
fatherr_10.npy,father,father,0.4198184311389923,joint,joint_31,31,-9.116530418395996e-05
fatherr_10.npy,father,father,0.4198184311389923,joint,joint_32,32,6.154179573059082e-05
fatherr_10.npy,father,father,0.4198184311389923,joint,joint_33,33,8.043646812438965e-05
fatherr_10.npy,father,father,0.4198184311389923,joint,joint_34,34,5.9276819229125977e-05
fatherr_10.npy,father,father,0.4198184311389923,joint,joint_35,35,-8.553266525268555e-05
fatherr_10.npy,father,father,0.4198184311389923,joint,joint_36,36,1.4066696166992188e-05
fatherr_10.npy,father,father,0.4198184311389923,joint,joint_37,37,-2.753734588623047e-05
fatherr_10.npy,father,father,0.4198184311389923,joint,joint_38,38,6.389617919921875e-05
fatherr_10.npy,father,father,0.4198184311389923,joint,joint_39,39,-2.905726432800293e-05
fatherr_10.npy,father,father,0.4198184311389923,joint,joint_40,40,0.00010195374488830566
fatherr_10.npy,father,father,0.4198184311389923,joint,joint_41,41,-3.7103891372680664e-05
fatherr_10.npy,father,father,0.4198184311389923,coordinate_axis,x,0,0.002180129289627075
fatherr_10.npy,father,father,0.4198184311389923,coordinate_axis,y,1,0.027331918478012085
fatherr_10.npy,father,father,0.4198184311389923,coordinate_axis,z,2,-0.0001226961612701416
fatherr_105.npy,father,father,0.42359673976898193,joint,joint_00,0,0.002884209156036377
fatherr_105.npy,father,father,0.42359673976898193,joint,joint_01,1,0.0031557977199554443
fatherr_105.npy,father,father,0.42359673976898193,joint,joint_02,2,0.0034608542919158936
fatherr_105.npy,father,father,0.42359673976898193,joint,joint_03,3,0.0034416019916534424
fatherr_105.npy,father,father,0.42359673976898193,joint,joint_04,4,0.002113252878189087
fatherr_105.npy,father,father,0.42359673976898193,joint,joint_05,5,-0.0006096363067626953
fatherr_105.npy,father,father,0.42359673976898193,joint,joint_06,6,0.002001434564590454
fatherr_105.npy,father,father,0.42359673976898193,joint,joint_07,7,0.004386812448501587
fatherr_105.npy,father,father,0.42359673976898193,joint,joint_08,8,0.00025209784507751465
fatherr_105.npy,father,father,0.42359673976898193,joint,joint_09,9,3.355741500854492e-05
fatherr_105.npy,father,father,0.42359673976898193,joint,joint_10,10,0.0011253058910369873
fatherr_105.npy,father,father,0.42359673976898193,joint,joint_11,11,-0.0009764730930328369
fatherr_105.npy,father,father,0.42359673976898193,joint,joint_12,12,0.0012443363666534424
fatherr_105.npy,father,father,0.42359673976898193,joint,joint_13,13,0.0027888119220733643
fatherr_105.npy,father,father,0.42359673976898193,joint,joint_14,14,-0.0009365379810333252
fatherr_105.npy,father,father,0.42359673976898193,joint,joint_15,15,0.002264946699142456
fatherr_105.npy,father,father,0.42359673976898193,joint,joint_16,16,-0.000402301549911499
fatherr_105.npy,father,father,0.42359673976898193,joint,joint_17,17,0.0013950169086456299
fatherr_105.npy,father,father,0.42359673976898193,joint,joint_18,18,0.0009707808494567871
fatherr_105.npy,father,father,0.42359673976898193,joint,joint_19,19,0.00058022141456604
fatherr_105.npy,father,father,0.42359673976898193,joint,joint_20,20,0.0028604865074157715
fatherr_105.npy,father,father,0.42359673976898193,joint,joint_21,21,4.2498111724853516e-05
fatherr_105.npy,father,father,0.42359673976898193,joint,joint_22,22,4.202127456665039e-05
fatherr_105.npy,father,father,0.42359673976898193,joint,joint_23,23,-9.5367431640625e-06
fatherr_105.npy,father,father,0.42359673976898193,joint,joint_24,24,4.082918167114258e-06
fatherr_105.npy,father,father,0.42359673976898193,joint,joint_25,25,0.00012567639350891113
fatherr_105.npy,father,father,0.42359673976898193,joint,joint_26,26,3.7848949432373047e-06
fatherr_105.npy,father,father,0.42359673976898193,joint,joint_27,27,8.881092071533203e-06
fatherr_105.npy,father,father,0.42359673976898193,joint,joint_28,28,1.2516975402832031e-05
fatherr_105.npy,father,father,0.42359673976898193,joint,joint_29,29,-1.7315149307250977e-05
fatherr_105.npy,father,father,0.42359673976898193,joint,joint_30,30,0.00011894106864929199
fatherr_105.npy,father,father,0.42359673976898193,joint,joint_31,31,-9.009242057800293e-05
fatherr_105.npy,father,father,0.42359673976898193,joint,joint_32,32,5.942583084106445e-05
fatherr_105.npy,father,father,0.42359673976898193,joint,joint_33,33,8.07642936706543e-05
fatherr_105.npy,father,father,0.42359673976898193,joint,joint_34,34,5.874037742614746e-05
fatherr_105.npy,father,father,0.42359673976898193,joint,joint_35,35,-8.553266525268555e-05
fatherr_105.npy,father,father,0.42359673976898193,joint,joint_36,36,1.6868114471435547e-05
fatherr_105.npy,father,father,0.42359673976898193,joint,joint_37,37,-2.518296241760254e-05
fatherr_105.npy,father,father,0.42359673976898193,joint,joint_38,38,6.777048110961914e-05
fatherr_105.npy,father,father,0.42359673976898193,joint,joint_39,39,-3.096461296081543e-05
fatherr_105.npy,father,father,0.42359673976898193,joint,joint_40,40,0.00010010600090026855
fatherr_105.npy,father,father,0.42359673976898193,joint,joint_41,41,-3.382563591003418e-05
fatherr_105.npy,father,father,0.42359673976898193,coordinate_axis,x,0,-0.0021528899669647217
fatherr_105.npy,father,father,0.42359673976898193,coordinate_axis,y,1,0.03512394428253174
fatherr_105.npy,father,father,0.42359673976898193,coordinate_axis,z,2,-0.00022140145301818848
fatherr_108.npy,father,father,0.4245219826698303,joint,joint_00,0,0.00282248854637146
fatherr_108.npy,father,father,0.4245219826698303,joint,joint_01,1,0.0031709671020507812
fatherr_108.npy,father,father,0.4245219826698303,joint,joint_02,2,0.003371685743331909
fatherr_108.npy,father,father,0.4245219826698303,joint,joint_03,3,0.003356337547302246
fatherr_108.npy,father,father,0.4245219826698303,joint,joint_04,4,0.0020518600940704346
fatherr_108.npy,father,father,0.4245219826698303,joint,joint_05,5,-0.000615537166595459
fatherr_108.npy,father,father,0.4245219826698303,joint,joint_06,6,0.0018470585346221924
fatherr_108.npy,father,father,0.4245219826698303,joint,joint_07,7,0.0038028359413146973
fatherr_108.npy,father,father,0.4245219826698303,joint,joint_08,8,0.0011273324489593506
fatherr_108.npy,father,father,0.4245219826698303,joint,joint_09,9,-7.06017017364502e-05
fatherr_108.npy,father,father,0.4245219826698303,joint,joint_10,10,0.0008912980556488037
fatherr_108.npy,father,father,0.4245219826698303,joint,joint_11,11,-0.0002651214599609375
fatherr_108.npy,father,father,0.4245219826698303,joint,joint_12,12,0.0016345977783203125
fatherr_108.npy,father,father,0.4245219826698303,joint,joint_13,13,0.002507925033569336
fatherr_108.npy,father,father,0.4245219826698303,joint,joint_14,14,-0.0007734596729278564
fatherr_108.npy,father,father,0.4245219826698303,joint,joint_15,15,0.00231093168258667
fatherr_108.npy,father,father,0.4245219826698303,joint,joint_16,16,0.00024771690368652344
fatherr_108.npy,father,father,0.4245219826698303,joint,joint_17,17,0.0012040436267852783
fatherr_108.npy,father,father,0.4245219826698303,joint,joint_18,18,0.0008810162544250488
fatherr_108.npy,father,father,0.4245219826698303,joint,joint_19,19,0.0004958212375640869
fatherr_108.npy,father,father,0.4245219826698303,joint,joint_20,20,0.002945512533187866
fatherr_108.npy,father,father,0.4245219826698303,joint,joint_21,21,4.2319297790527344e-05
fatherr_108.npy,father,father,0.4245219826698303,joint,joint_22,22,4.234910011291504e-05
fatherr_108.npy,father,father,0.4245219826698303,joint,joint_23,23,-1.0609626770019531e-05
fatherr_108.npy,father,father,0.4245219826698303,joint,joint_24,24,5.930662155151367e-06
fatherr_108.npy,father,father,0.4245219826698303,joint,joint_25,25,0.00012683868408203125
fatherr_108.npy,father,father,0.4245219826698303,joint,joint_26,26,3.993511199951172e-06
fatherr_108.npy,father,father,0.4245219826698303,joint,joint_27,27,1.0132789611816406e-05
fatherr_108.npy,father,father,0.4245219826698303,joint,joint_28,28,1.0788440704345703e-05
fatherr_108.npy,father,father,0.4245219826698303,joint,joint_29,29,-1.5169382095336914e-05
fatherr_108.npy,father,father,0.4245219826698303,joint,joint_30,30,0.00012069940567016602
fatherr_108.npy,father,father,0.4245219826698303,joint,joint_31,31,-9.185075759887695e-05
fatherr_108.npy,father,father,0.4245219826698303,joint,joint_32,32,6.198883056640625e-05
fatherr_108.npy,father,father,0.4245219826698303,joint,joint_33,33,8.079409599304199e-05
fatherr_108.npy,father,father,0.4245219826698303,joint,joint_34,34,5.894899368286133e-05
fatherr_108.npy,father,father,0.4245219826698303,joint,joint_35,35,-8.514523506164551e-05
fatherr_108.npy,father,father,0.4245219826698303,joint,joint_36,36,1.52587890625e-05
fatherr_108.npy,father,father,0.4245219826698303,joint,joint_37,37,-2.7686357498168945e-05
fatherr_108.npy,father,father,0.4245219826698303,joint,joint_38,38,6.601214408874512e-05
fatherr_108.npy,father,father,0.4245219826698303,joint,joint_39,39,-3.0517578125e-05
fatherr_108.npy,father,father,0.4245219826698303,joint,joint_40,40,9.98377799987793e-05
fatherr_108.npy,father,father,0.4245219826698303,joint,joint_41,41,-3.6716461181640625e-05
fatherr_108.npy,father,father,0.4245219826698303,coordinate_axis,x,0,0.0007684826850891113
fatherr_108.npy,father,father,0.4245219826698303,coordinate_axis,y,1,0.032430946826934814
fatherr_108.npy,father,father,0.4245219826698303,coordinate_axis,z,2,0.000713646411895752
fatherr_11.npy,father,father,0.41971316933631897,joint,joint_00,0,0.002354443073272705
fatherr_11.npy,father,father,0.41971316933631897,joint,joint_01,1,0.002576112747192383
fatherr_11.npy,father,father,0.41971316933631897,joint,joint_02,2,0.0026502609252929688
fatherr_11.npy,father,father,0.41971316933631897,joint,joint_03,3,0.0024683475494384766
fatherr_11.npy,father,father,0.41971316933631897,joint,joint_04,4,0.0016926825046539307
fatherr_11.npy,father,father,0.41971316933631897,joint,joint_05,5,-0.0004329383373260498
fatherr_11.npy,father,father,0.41971316933631897,joint,joint_06,6,0.001788794994354248
fatherr_11.npy,father,father,0.41971316933631897,joint,joint_07,7,0.0036692917346954346
fatherr_11.npy,father,father,0.41971316933631897,joint,joint_08,8,0.0005925893783569336
fatherr_11.npy,father,father,0.41971316933631897,joint,joint_09,9,0.0002690255641937256
fatherr_11.npy,father,father,0.41971316933631897,joint,joint_10,10,0.0005977749824523926
fatherr_11.npy,father,father,0.41971316933631897,joint,joint_11,11,-0.00018832087516784668
fatherr_11.npy,father,father,0.41971316933631897,joint,joint_12,12,0.001474827527999878
fatherr_11.npy,father,father,0.41971316933631897,joint,joint_13,13,0.0023239552974700928
fatherr_11.npy,father,father,0.41971316933631897,joint,joint_14,14,-0.0005720853805541992
fatherr_11.npy,father,father,0.41971316933631897,joint,joint_15,15,0.00206795334815979
fatherr_11.npy,father,father,0.41971316933631897,joint,joint_16,16,0.0002757608890533447
fatherr_11.npy,father,father,0.41971316933631897,joint,joint_17,17,0.0012009143829345703
fatherr_11.npy,father,father,0.41971316933631897,joint,joint_18,18,0.0008928775787353516
fatherr_11.npy,father,father,0.41971316933631897,joint,joint_19,19,0.0004228055477142334
fatherr_11.npy,father,father,0.41971316933631897,joint,joint_20,20,0.002697587013244629
fatherr_11.npy,father,father,0.41971316933631897,joint,joint_21,21,4.157423973083496e-05
fatherr_11.npy,father,father,0.41971316933631897,joint,joint_22,22,4.267692565917969e-05
fatherr_11.npy,father,father,0.41971316933631897,joint,joint_23,23,-1.0073184967041016e-05
fatherr_11.npy,father,father,0.41971316933631897,joint,joint_24,24,6.139278411865234e-06
fatherr_11.npy,father,father,0.41971316933631897,joint,joint_25,25,0.00012701749801635742
fatherr_11.npy,father,father,0.41971316933631897,joint,joint_26,26,3.3974647521972656e-06
fatherr_11.npy,father,father,0.41971316933631897,joint,joint_27,27,1.0788440704345703e-05
fatherr_11.npy,father,father,0.41971316933631897,joint,joint_28,28,1.1712312698364258e-05
fatherr_11.npy,father,father,0.41971316933631897,joint,joint_29,29,-1.5288591384887695e-05
fatherr_11.npy,father,father,0.41971316933631897,joint,joint_30,30,0.00012248754501342773
fatherr_11.npy,father,father,0.41971316933631897,joint,joint_31,31,-9.09268856048584e-05
fatherr_11.npy,father,father,0.41971316933631897,joint,joint_32,32,6.115436553955078e-05
fatherr_11.npy,father,father,0.41971316933631897,joint,joint_33,33,8.058547973632812e-05
fatherr_11.npy,father,father,0.41971316933631897,joint,joint_34,34,5.97536563873291e-05
fatherr_11.npy,father,father,0.41971316933631897,joint,joint_35,35,-8.538365364074707e-05
fatherr_11.npy,father,father,0.41971316933631897,joint,joint_36,36,1.3917684555053711e-05
fatherr_11.npy,father,father,0.41971316933631897,joint,joint_37,37,-2.765655517578125e-05
fatherr_11.npy,father,father,0.41971316933631897,joint,joint_38,38,6.443262100219727e-05
fatherr_11.npy,father,father,0.41971316933631897,joint,joint_39,39,-2.9355287551879883e-05
fatherr_11.npy,father,father,0.41971316933631897,joint,joint_40,40,0.00010192394256591797
fatherr_11.npy,father,father,0.41971316933631897,joint,joint_41,41,-3.6835670471191406e-05
fatherr_11.npy,father,father,0.41971316933631897,coordinate_axis,x,0,0.0014652013778686523
fatherr_11.npy,father,father,0.41971316933631897,coordinate_axis,y,1,0.02786692976951599
fatherr_11.npy,father,father,0.41971316933631897,coordinate_axis,z,2,-0.00010186433792114258
fatherr_12.npy,father,father,0.41880473494529724,joint,joint_00,0,0.002291440963745117
fatherr_12.npy,father,father,0.41880473494529724,joint,joint_01,1,0.0025929808616638184
fatherr_12.npy,father,father,0.41880473494529724,joint,joint_02,2,0.002644568681716919
fatherr_12.npy,father,father,0.41880473494529724,joint,joint_03,3,0.002452373504638672
fatherr_12.npy,father,father,0.41880473494529724,joint,joint_04,4,0.0017126798629760742
fatherr_12.npy,father,father,0.41880473494529724,joint,joint_05,5,-0.00041353702545166016
fatherr_12.npy,father,father,0.41880473494529724,joint,joint_06,6,0.001682192087173462
fatherr_12.npy,father,father,0.41880473494529724,joint,joint_07,7,0.003510594367980957
fatherr_12.npy,father,father,0.41880473494529724,joint,joint_08,8,0.0005207955837249756
fatherr_12.npy,father,father,0.41880473494529724,joint,joint_09,9,0.00030094385147094727
fatherr_12.npy,father,father,0.41880473494529724,joint,joint_10,10,0.0006097555160522461
fatherr_12.npy,father,father,0.41880473494529724,joint,joint_11,11,-0.00021335482597351074
fatherr_12.npy,father,father,0.41880473494529724,joint,joint_12,12,0.0013063549995422363
fatherr_12.npy,father,father,0.41880473494529724,joint,joint_13,13,0.002286970615386963
fatherr_12.npy,father,father,0.41880473494529724,joint,joint_14,14,-0.0005329549312591553
fatherr_12.npy,father,father,0.41880473494529724,joint,joint_15,15,0.00198480486869812
fatherr_12.npy,father,father,0.41880473494529724,joint,joint_16,16,0.00020369887351989746
fatherr_12.npy,father,father,0.41880473494529724,joint,joint_17,17,0.0012188851833343506
fatherr_12.npy,father,father,0.41880473494529724,joint,joint_18,18,0.0009096264839172363
fatherr_12.npy,father,father,0.41880473494529724,joint,joint_19,19,0.0003667771816253662
fatherr_12.npy,father,father,0.41880473494529724,joint,joint_20,20,0.0025634169578552246
fatherr_12.npy,father,father,0.41880473494529724,joint,joint_21,21,4.267692565917969e-05
fatherr_12.npy,father,father,0.41880473494529724,joint,joint_22,22,4.1872262954711914e-05
fatherr_12.npy,father,father,0.41880473494529724,joint,joint_23,23,-1.0639429092407227e-05
fatherr_12.npy,father,father,0.41880473494529724,joint,joint_24,24,5.602836608886719e-06
fatherr_12.npy,father,father,0.41880473494529724,joint,joint_25,25,0.00012704730033874512
fatherr_12.npy,father,father,0.41880473494529724,joint,joint_26,26,2.7120113372802734e-06
fatherr_12.npy,father,father,0.41880473494529724,joint,joint_27,27,1.0520219802856445e-05
fatherr_12.npy,father,father,0.41880473494529724,joint,joint_28,28,1.0579824447631836e-05
fatherr_12.npy,father,father,0.41880473494529724,joint,joint_29,29,-1.582503318786621e-05
fatherr_12.npy,father,father,0.41880473494529724,joint,joint_30,30,0.0001214444637298584
fatherr_12.npy,father,father,0.41880473494529724,joint,joint_31,31,-9.128451347351074e-05
fatherr_12.npy,father,father,0.41880473494529724,joint,joint_32,32,6.246566772460938e-05
fatherr_12.npy,father,father,0.41880473494529724,joint,joint_33,33,8.109211921691895e-05
fatherr_12.npy,father,father,0.41880473494529724,joint,joint_34,34,5.9098005294799805e-05
fatherr_12.npy,father,father,0.41880473494529724,joint,joint_35,35,-8.58008861541748e-05
fatherr_12.npy,father,father,0.41880473494529724,joint,joint_36,36,1.4483928680419922e-05
fatherr_12.npy,father,father,0.41880473494529724,joint,joint_37,37,-2.7358531951904297e-05
fatherr_12.npy,father,father,0.41880473494529724,joint,joint_38,38,6.434321403503418e-05
fatherr_12.npy,father,father,0.41880473494529724,joint,joint_39,39,-2.950429916381836e-05
fatherr_12.npy,father,father,0.41880473494529724,joint,joint_40,40,0.00010213255882263184
fatherr_12.npy,father,father,0.41880473494529724,joint,joint_41,41,-3.68952751159668e-05
fatherr_12.npy,father,father,0.41880473494529724,coordinate_axis,x,0,0.001619786024093628
fatherr_12.npy,father,father,0.41880473494529724,coordinate_axis,y,1,0.02690872550010681
fatherr_12.npy,father,father,0.41880473494529724,coordinate_axis,z,2,-0.00019678473472595215
fatherr_125.npy,father,father,0.4095509350299835,joint,joint_00,0,0.0016820728778839111
fatherr_125.npy,father,father,0.4095509350299835,joint,joint_01,1,0.0013467371463775635
fatherr_125.npy,father,father,0.4095509350299835,joint,joint_02,2,0.002485305070877075
fatherr_125.npy,father,father,0.4095509350299835,joint,joint_03,3,0.0026369690895080566
fatherr_125.npy,father,father,0.4095509350299835,joint,joint_04,4,0.001265108585357666
fatherr_125.npy,father,father,0.4095509350299835,joint,joint_05,5,-0.000629723072052002
fatherr_125.npy,father,father,0.4095509350299835,joint,joint_06,6,0.0012964606285095215
fatherr_125.npy,father,father,0.4095509350299835,joint,joint_07,7,0.003355681896209717
fatherr_125.npy,father,father,0.4095509350299835,joint,joint_08,8,9.083747863769531e-05
fatherr_125.npy,father,father,0.4095509350299835,joint,joint_09,9,-0.00033661723136901855
fatherr_125.npy,father,father,0.4095509350299835,joint,joint_10,10,0.0012783706188201904
fatherr_125.npy,father,father,0.4095509350299835,joint,joint_11,11,-0.0011358559131622314
fatherr_125.npy,father,father,0.4095509350299835,joint,joint_12,12,0.0008020401000976562
fatherr_125.npy,father,father,0.4095509350299835,joint,joint_13,13,0.001835942268371582
fatherr_125.npy,father,father,0.4095509350299835,joint,joint_14,14,-0.0007572472095489502
fatherr_125.npy,father,father,0.4095509350299835,joint,joint_15,15,0.0013765990734100342
fatherr_125.npy,father,father,0.4095509350299835,joint,joint_16,16,-0.0006643533706665039
fatherr_125.npy,father,father,0.4095509350299835,joint,joint_17,17,5.862116813659668e-05
fatherr_125.npy,father,father,0.4095509350299835,joint,joint_18,18,-7.787346839904785e-05
fatherr_125.npy,father,father,0.4095509350299835,joint,joint_19,19,0.0007625222206115723
fatherr_125.npy,father,father,0.4095509350299835,joint,joint_20,20,0.0016166865825653076
fatherr_125.npy,father,father,0.4095509350299835,joint,joint_21,21,4.076957702636719e-05
fatherr_125.npy,father,father,0.4095509350299835,joint,joint_22,22,4.1991472244262695e-05
fatherr_125.npy,father,father,0.4095509350299835,joint,joint_23,23,-7.867813110351562e-06
fatherr_125.npy,father,father,0.4095509350299835,joint,joint_24,24,2.4437904357910156e-06
fatherr_125.npy,father,father,0.4095509350299835,joint,joint_25,25,0.00012487173080444336
fatherr_125.npy,father,father,0.4095509350299835,joint,joint_26,26,1.9371509552001953e-06
fatherr_125.npy,father,father,0.4095509350299835,joint,joint_27,27,7.3015689849853516e-06
fatherr_125.npy,father,father,0.4095509350299835,joint,joint_28,28,9.566545486450195e-06
fatherr_125.npy,father,father,0.4095509350299835,joint,joint_29,29,-1.7881393432617188e-05
fatherr_125.npy,father,father,0.4095509350299835,joint,joint_30,30,0.00011906027793884277
fatherr_125.npy,father,father,0.4095509350299835,joint,joint_31,31,-8.890032768249512e-05
fatherr_125.npy,father,father,0.4095509350299835,joint,joint_32,32,5.754828453063965e-05
fatherr_125.npy,father,father,0.4095509350299835,joint,joint_33,33,8.094310760498047e-05
fatherr_125.npy,father,father,0.4095509350299835,joint,joint_34,34,5.745887756347656e-05
fatherr_125.npy,father,father,0.4095509350299835,joint,joint_35,35,-8.52346420288086e-05
fatherr_125.npy,father,father,0.4095509350299835,joint,joint_36,36,1.671910285949707e-05
fatherr_125.npy,father,father,0.4095509350299835,joint,joint_37,37,-2.5540590286254883e-05
fatherr_125.npy,father,father,0.4095509350299835,joint,joint_38,38,6.446242332458496e-05
fatherr_125.npy,father,father,0.4095509350299835,joint,joint_39,39,-2.962350845336914e-05
fatherr_125.npy,father,father,0.4095509350299835,joint,joint_40,40,0.00010251998901367188
fatherr_125.npy,father,father,0.4095509350299835,joint,joint_41,41,-3.331899642944336e-05
fatherr_125.npy,father,father,0.4095509350299835,coordinate_axis,x,0,-0.006915956735610962
fatherr_125.npy,father,father,0.4095509350299835,coordinate_axis,y,1,0.02495032548904419
fatherr_125.npy,father,father,0.4095509350299835,coordinate_axis,z,2,0.0006849467754364014
fatherr_139.npy,father,father,0.4092949330806732,joint,joint_00,0,0.001370459794998169
fatherr_139.npy,father,father,0.4092949330806732,joint,joint_01,1,0.0013675093650817871
fatherr_139.npy,father,father,0.4092949330806732,joint,joint_02,2,0.0016203522682189941
fatherr_139.npy,father,father,0.4092949330806732,joint,joint_03,3,0.001881033182144165
fatherr_139.npy,father,father,0.4092949330806732,joint,joint_04,4,0.0010540485382080078
fatherr_139.npy,father,father,0.4092949330806732,joint,joint_05,5,-0.0003432333469390869
fatherr_139.npy,father,father,0.4092949330806732,joint,joint_06,6,0.0011060237884521484
fatherr_139.npy,father,father,0.4092949330806732,joint,joint_07,7,0.0029299259185791016
fatherr_139.npy,father,father,0.4092949330806732,joint,joint_08,8,0.0002574324607849121
fatherr_139.npy,father,father,0.4092949330806732,joint,joint_09,9,8.779764175415039e-05
fatherr_139.npy,father,father,0.4092949330806732,joint,joint_10,10,0.0007644891738891602
fatherr_139.npy,father,father,0.4092949330806732,joint,joint_11,11,-0.0006721019744873047
fatherr_139.npy,father,father,0.4092949330806732,joint,joint_12,12,0.0010214149951934814
fatherr_139.npy,father,father,0.4092949330806732,joint,joint_13,13,0.0016952753067016602
fatherr_139.npy,father,father,0.4092949330806732,joint,joint_14,14,-0.0005695521831512451
fatherr_139.npy,father,father,0.4092949330806732,joint,joint_15,15,0.001513153314590454
fatherr_139.npy,father,father,0.4092949330806732,joint,joint_16,16,-0.0002522468566894531
fatherr_139.npy,father,father,0.4092949330806732,joint,joint_17,17,0.0005517005920410156
fatherr_139.npy,father,father,0.4092949330806732,joint,joint_18,18,0.00038102269172668457
fatherr_139.npy,father,father,0.4092949330806732,joint,joint_19,19,0.0005856454372406006
fatherr_139.npy,father,father,0.4092949330806732,joint,joint_20,20,0.0017729401588439941
fatherr_139.npy,father,father,0.4092949330806732,joint,joint_21,21,4.169344902038574e-05
fatherr_139.npy,father,father,0.4092949330806732,joint,joint_22,22,4.252791404724121e-05
fatherr_139.npy,father,father,0.4092949330806732,joint,joint_23,23,-1.0848045349121094e-05
fatherr_139.npy,father,father,0.4092949330806732,joint,joint_24,24,5.245208740234375e-06
fatherr_139.npy,father,father,0.4092949330806732,joint,joint_25,25,0.00012475252151489258
fatherr_139.npy,father,father,0.4092949330806732,joint,joint_26,26,2.473592758178711e-06
fatherr_139.npy,father,father,0.4092949330806732,joint,joint_27,27,6.496906280517578e-06
fatherr_139.npy,father,father,0.4092949330806732,joint,joint_28,28,8.732080459594727e-06
fatherr_139.npy,father,father,0.4092949330806732,joint,joint_29,29,-1.7821788787841797e-05
fatherr_139.npy,father,father,0.4092949330806732,joint,joint_30,30,0.00011810660362243652
fatherr_139.npy,father,father,0.4092949330806732,joint,joint_31,31,-9.116530418395996e-05
fatherr_139.npy,father,father,0.4092949330806732,joint,joint_32,32,6.0558319091796875e-05
fatherr_139.npy,father,father,0.4092949330806732,joint,joint_33,33,8.031725883483887e-05
fatherr_139.npy,father,father,0.4092949330806732,joint,joint_34,34,5.698204040527344e-05
fatherr_139.npy,father,father,0.4092949330806732,joint,joint_35,35,-8.764863014221191e-05
fatherr_139.npy,father,father,0.4092949330806732,joint,joint_36,36,1.7315149307250977e-05
fatherr_139.npy,father,father,0.4092949330806732,joint,joint_37,37,-2.3931264877319336e-05
fatherr_139.npy,father,father,0.4092949330806732,joint,joint_38,38,6.29723072052002e-05
fatherr_139.npy,father,father,0.4092949330806732,joint,joint_39,39,-2.968311309814453e-05
fatherr_139.npy,father,father,0.4092949330806732,joint,joint_40,40,0.00010436773300170898
fatherr_139.npy,father,father,0.4092949330806732,joint,joint_41,41,-3.471970558166504e-05
fatherr_139.npy,father,father,0.4092949330806732,coordinate_axis,x,0,-0.002448141574859619
fatherr_139.npy,father,father,0.4092949330806732,coordinate_axis,y,1,0.020888417959213257
fatherr_139.npy,father,father,0.4092949330806732,coordinate_axis,z,2,0.00021073222160339355
fatherr_144.npy,father,father,0.41220101714134216,joint,joint_00,0,0.0014542937278747559
fatherr_144.npy,father,father,0.41220101714134216,joint,joint_01,1,0.001343458890914917
fatherr_144.npy,father,father,0.41220101714134216,joint,joint_02,2,0.0017365515232086182
fatherr_144.npy,father,father,0.41220101714134216,joint,joint_03,3,0.002068638801574707
fatherr_144.npy,father,father,0.41220101714134216,joint,joint_04,4,0.0009888708591461182
fatherr_144.npy,father,father,0.41220101714134216,joint,joint_05,5,-0.0004953444004058838
fatherr_144.npy,father,father,0.41220101714134216,joint,joint_06,6,0.0013918280601501465
fatherr_144.npy,father,father,0.41220101714134216,joint,joint_07,7,0.0034501850605010986
fatherr_144.npy,father,father,0.41220101714134216,joint,joint_08,8,0.00034174323081970215
fatherr_144.npy,father,father,0.41220101714134216,joint,joint_09,9,-0.0002364516258239746
fatherr_144.npy,father,father,0.41220101714134216,joint,joint_10,10,0.0011203289031982422
fatherr_144.npy,father,father,0.41220101714134216,joint,joint_11,11,-0.0006499290466308594
fatherr_144.npy,father,father,0.41220101714134216,joint,joint_12,12,0.0011942684650421143
fatherr_144.npy,father,father,0.41220101714134216,joint,joint_13,13,0.001681685447692871
fatherr_144.npy,father,father,0.41220101714134216,joint,joint_14,14,-0.0007261037826538086
fatherr_144.npy,father,father,0.41220101714134216,joint,joint_15,15,0.002046942710876465
fatherr_144.npy,father,father,0.41220101714134216,joint,joint_16,16,5.3316354751586914e-05
fatherr_144.npy,father,father,0.41220101714134216,joint,joint_17,17,0.0004954636096954346
fatherr_144.npy,father,father,0.41220101714134216,joint,joint_18,18,0.0004999041557312012
fatherr_144.npy,father,father,0.41220101714134216,joint,joint_19,19,0.0005846619606018066
fatherr_144.npy,father,father,0.41220101714134216,joint,joint_20,20,0.002603471279144287
fatherr_144.npy,father,father,0.41220101714134216,joint,joint_21,21,4.088878631591797e-05
fatherr_144.npy,father,father,0.41220101714134216,joint,joint_22,22,4.3958425521850586e-05
fatherr_144.npy,father,father,0.41220101714134216,joint,joint_23,23,-1.1771917343139648e-05
fatherr_144.npy,father,father,0.41220101714134216,joint,joint_24,24,4.500150680541992e-06
fatherr_144.npy,father,father,0.41220101714134216,joint,joint_25,25,0.00012573599815368652
fatherr_144.npy,father,father,0.41220101714134216,joint,joint_26,26,2.384185791015625e-06
fatherr_144.npy,father,father,0.41220101714134216,joint,joint_27,27,7.3015689849853516e-06
fatherr_144.npy,father,father,0.41220101714134216,joint,joint_28,28,8.07642936706543e-06
fatherr_144.npy,father,father,0.41220101714134216,joint,joint_29,29,-1.773238182067871e-05
fatherr_144.npy,father,father,0.41220101714134216,joint,joint_30,30,0.00012037158012390137
fatherr_144.npy,father,father,0.41220101714134216,joint,joint_31,31,-9.107589721679688e-05
fatherr_144.npy,father,father,0.41220101714134216,joint,joint_32,32,6.240606307983398e-05
fatherr_144.npy,father,father,0.41220101714134216,joint,joint_33,33,8.052587509155273e-05
fatherr_144.npy,father,father,0.41220101714134216,joint,joint_34,34,5.5164098739624023e-05
fatherr_144.npy,father,father,0.41220101714134216,joint,joint_35,35,-8.407235145568848e-05
fatherr_144.npy,father,father,0.41220101714134216,joint,joint_36,36,1.7374753952026367e-05
fatherr_144.npy,father,father,0.41220101714134216,joint,joint_37,37,-2.2023916244506836e-05
fatherr_144.npy,father,father,0.41220101714134216,joint,joint_38,38,6.493926048278809e-05
fatherr_144.npy,father,father,0.41220101714134216,joint,joint_39,39,-2.9534101486206055e-05
fatherr_144.npy,father,father,0.41220101714134216,joint,joint_40,40,0.00010341405868530273
fatherr_144.npy,father,father,0.41220101714134216,joint,joint_41,41,-3.585219383239746e-05
fatherr_144.npy,father,father,0.41220101714134216,coordinate_axis,x,0,-0.003181636333465576
fatherr_144.npy,father,father,0.41220101714134216,coordinate_axis,y,1,0.02298140525817871
fatherr_144.npy,father,father,0.41220101714134216,coordinate_axis,z,2,0.0017360448837280273
fatherr_148.npy,father,father,0.40963608026504517,joint,joint_00,0,0.0018443167209625244
fatherr_148.npy,father,father,0.40963608026504517,joint,joint_01,1,0.0012488067150115967
fatherr_148.npy,father,father,0.40963608026504517,joint,joint_02,2,0.0028601884841918945
fatherr_148.npy,father,father,0.40963608026504517,joint,joint_03,3,0.0028282105922698975
fatherr_148.npy,father,father,0.40963608026504517,joint,joint_04,4,0.0013144314289093018
fatherr_148.npy,father,father,0.40963608026504517,joint,joint_05,5,-0.0008864998817443848
fatherr_148.npy,father,father,0.40963608026504517,joint,joint_06,6,0.0014413893222808838
fatherr_148.npy,father,father,0.40963608026504517,joint,joint_07,7,0.003702402114868164
fatherr_148.npy,father,father,0.40963608026504517,joint,joint_08,8,-0.00016233325004577637
fatherr_148.npy,father,father,0.40963608026504517,joint,joint_09,9,-0.0007443726062774658
fatherr_148.npy,father,father,0.40963608026504517,joint,joint_10,10,0.0017074048519134521
fatherr_148.npy,father,father,0.40963608026504517,joint,joint_11,11,-0.0014005303382873535
fatherr_148.npy,father,father,0.40963608026504517,joint,joint_12,12,0.0008501410484313965
fatherr_148.npy,father,father,0.40963608026504517,joint,joint_13,13,0.001843273639678955
fatherr_148.npy,father,father,0.40963608026504517,joint,joint_14,14,-0.0009245574474334717
fatherr_148.npy,father,father,0.40963608026504517,joint,joint_15,15,0.001519918441772461
fatherr_148.npy,father,father,0.40963608026504517,joint,joint_16,16,-0.0007908940315246582
fatherr_148.npy,father,father,0.40963608026504517,joint,joint_17,17,-0.0002796351909637451
fatherr_148.npy,father,father,0.40963608026504517,joint,joint_18,18,-0.0002945363521575928
fatherr_148.npy,father,father,0.40963608026504517,joint,joint_19,19,0.0008429288864135742
fatherr_148.npy,father,father,0.40963608026504517,joint,joint_20,20,0.0016893744468688965
fatherr_148.npy,father,father,0.40963608026504517,joint,joint_21,21,3.832578659057617e-05
fatherr_148.npy,father,father,0.40963608026504517,joint,joint_22,22,4.5239925384521484e-05
fatherr_148.npy,father,father,0.40963608026504517,joint,joint_23,23,-8.761882781982422e-06
fatherr_148.npy,father,father,0.40963608026504517,joint,joint_24,24,4.351139068603516e-06
fatherr_148.npy,father,father,0.40963608026504517,joint,joint_25,25,0.0001252591609954834
fatherr_148.npy,father,father,0.40963608026504517,joint,joint_26,26,2.9206275939941406e-06
fatherr_148.npy,father,father,0.40963608026504517,joint,joint_27,27,6.556510925292969e-06
fatherr_148.npy,father,father,0.40963608026504517,joint,joint_28,28,9.328126907348633e-06
fatherr_148.npy,father,father,0.40963608026504517,joint,joint_29,29,-1.576542854309082e-05
fatherr_148.npy,father,father,0.40963608026504517,joint,joint_30,30,0.00012257695198059082
fatherr_148.npy,father,father,0.40963608026504517,joint,joint_31,31,-8.729100227355957e-05
fatherr_148.npy,father,father,0.40963608026504517,joint,joint_32,32,5.647540092468262e-05
fatherr_148.npy,father,father,0.40963608026504517,joint,joint_33,33,8.079409599304199e-05
fatherr_148.npy,father,father,0.40963608026504517,joint,joint_34,34,5.638599395751953e-05
fatherr_148.npy,father,father,0.40963608026504517,joint,joint_35,35,-8.118152618408203e-05
fatherr_148.npy,father,father,0.40963608026504517,joint,joint_36,36,1.5914440155029297e-05
fatherr_148.npy,father,father,0.40963608026504517,joint,joint_37,37,-2.250075340270996e-05
fatherr_148.npy,father,father,0.40963608026504517,joint,joint_38,38,6.73532485961914e-05
fatherr_148.npy,father,father,0.40963608026504517,joint,joint_39,39,-2.917647361755371e-05
fatherr_148.npy,father,father,0.40963608026504517,joint,joint_40,40,0.00010347366333007812
fatherr_148.npy,father,father,0.40963608026504517,joint,joint_41,41,-3.49581241607666e-05
fatherr_148.npy,father,father,0.40963608026504517,coordinate_axis,x,0,-0.009980082511901855
fatherr_148.npy,father,father,0.40963608026504517,coordinate_axis,y,1,0.027206361293792725
fatherr_148.npy,father,father,0.40963608026504517,coordinate_axis,z,2,0.0014178752899169922
fatherr_154.npy,father,father,0.3963482677936554,joint,joint_00,0,0.0015933215618133545
fatherr_154.npy,father,father,0.3963482677936554,joint,joint_01,1,0.0003190338611602783
fatherr_154.npy,father,father,0.3963482677936554,joint,joint_02,2,0.003010004758834839
fatherr_154.npy,father,father,0.3963482677936554,joint,joint_03,3,0.002259373664855957
fatherr_154.npy,father,father,0.3963482677936554,joint,joint_04,4,0.00029775500297546387
fatherr_154.npy,father,father,0.3963482677936554,joint,joint_05,5,-0.0012720227241516113
fatherr_154.npy,father,father,0.3963482677936554,joint,joint_06,6,0.001318424940109253
fatherr_154.npy,father,father,0.3963482677936554,joint,joint_07,7,0.003614068031311035
fatherr_154.npy,father,father,0.3963482677936554,joint,joint_08,8,-0.001909017562866211
fatherr_154.npy,father,father,0.3963482677936554,joint,joint_09,9,-0.0012811124324798584
fatherr_154.npy,father,father,0.3963482677936554,joint,joint_10,10,0.0022759735584259033
fatherr_154.npy,father,father,0.3963482677936554,joint,joint_11,11,-0.0027647316455841064
fatherr_154.npy,father,father,0.3963482677936554,joint,joint_12,12,-0.0007750093936920166
fatherr_154.npy,father,father,0.3963482677936554,joint,joint_13,13,0.0018877089023590088
fatherr_154.npy,father,father,0.3963482677936554,joint,joint_14,14,-0.001182258129119873
fatherr_154.npy,father,father,0.3963482677936554,joint,joint_15,15,0.00038999319076538086
fatherr_154.npy,father,father,0.3963482677936554,joint,joint_16,16,-0.002080082893371582
fatherr_154.npy,father,father,0.3963482677936554,joint,joint_17,17,-0.0009956955909729004
fatherr_154.npy,father,father,0.3963482677936554,joint,joint_18,18,-0.001347362995147705
fatherr_154.npy,father,father,0.3963482677936554,joint,joint_19,19,0.001031339168548584
fatherr_154.npy,father,father,0.3963482677936554,joint,joint_20,20,-0.00035956501960754395
fatherr_154.npy,father,father,0.3963482677936554,joint,joint_21,21,3.835558891296387e-05
fatherr_154.npy,father,father,0.3963482677936554,joint,joint_22,22,4.509091377258301e-05
fatherr_154.npy,father,father,0.3963482677936554,joint,joint_23,23,-8.434057235717773e-06
fatherr_154.npy,father,father,0.3963482677936554,joint,joint_24,24,3.904104232788086e-06
fatherr_154.npy,father,father,0.3963482677936554,joint,joint_25,25,0.00012257695198059082
fatherr_154.npy,father,father,0.3963482677936554,joint,joint_26,26,4.26173210144043e-06
fatherr_154.npy,father,father,0.3963482677936554,joint,joint_27,27,4.9173831939697266e-06
fatherr_154.npy,father,father,0.3963482677936554,joint,joint_28,28,7.4803829193115234e-06
fatherr_154.npy,father,father,0.3963482677936554,joint,joint_29,29,-1.6629695892333984e-05
fatherr_154.npy,father,father,0.3963482677936554,joint,joint_30,30,0.00012049078941345215
fatherr_154.npy,father,father,0.3963482677936554,joint,joint_31,31,-8.594989776611328e-05
fatherr_154.npy,father,father,0.3963482677936554,joint,joint_32,32,5.3316354751586914e-05
fatherr_154.npy,father,father,0.3963482677936554,joint,joint_33,33,8.165836334228516e-05
fatherr_154.npy,father,father,0.3963482677936554,joint,joint_34,34,5.602836608886719e-05
fatherr_154.npy,father,father,0.3963482677936554,joint,joint_35,35,-8.100271224975586e-05
fatherr_154.npy,father,father,0.3963482677936554,joint,joint_36,36,1.7404556274414062e-05
fatherr_154.npy,father,father,0.3963482677936554,joint,joint_37,37,-2.1457672119140625e-05
fatherr_154.npy,father,father,0.3963482677936554,joint,joint_38,38,6.845593452453613e-05
fatherr_154.npy,father,father,0.3963482677936554,joint,joint_39,39,-2.771615982055664e-05
fatherr_154.npy,father,father,0.3963482677936554,joint,joint_40,40,0.00010162591934204102
fatherr_154.npy,father,father,0.3963482677936554,joint,joint_41,41,-3.319978713989258e-05
fatherr_154.npy,father,father,0.3963482677936554,coordinate_axis,x,0,-0.020215094089508057
fatherr_154.npy,father,father,0.3963482677936554,coordinate_axis,y,1,0.024274051189422607
fatherr_154.npy,father,father,0.3963482677936554,coordinate_axis,z,2,0.0007825195789337158
fatherr_156.npy,father,father,0.3949686586856842,joint,joint_00,0,0.0015468597412109375
fatherr_156.npy,father,father,0.3949686586856842,joint,joint_01,1,0.00013169646263122559
fatherr_156.npy,father,father,0.3949686586856842,joint,joint_02,2,0.003190666437149048
fatherr_156.npy,father,father,0.3949686586856842,joint,joint_03,3,0.002299368381500244
fatherr_156.npy,father,father,0.3949686586856842,joint,joint_04,4,0.0003326833248138428
fatherr_156.npy,father,father,0.3949686586856842,joint,joint_05,5,-0.0013892650604248047
fatherr_156.npy,father,father,0.3949686586856842,joint,joint_06,6,0.001341700553894043
fatherr_156.npy,father,father,0.3949686586856842,joint,joint_07,7,0.0037298202514648438
fatherr_156.npy,father,father,0.3949686586856842,joint,joint_08,8,-0.0019989311695098877
fatherr_156.npy,father,father,0.3949686586856842,joint,joint_09,9,-0.0014670491218566895
fatherr_156.npy,father,father,0.3949686586856842,joint,joint_10,10,0.0024232864379882812
fatherr_156.npy,father,father,0.3949686586856842,joint,joint_11,11,-0.002938985824584961
fatherr_156.npy,father,father,0.3949686586856842,joint,joint_12,12,-0.0008948743343353271
fatherr_156.npy,father,father,0.3949686586856842,joint,joint_13,13,0.0018662214279174805
fatherr_156.npy,father,father,0.3949686586856842,joint,joint_14,14,-0.0012254416942596436
fatherr_156.npy,father,father,0.3949686586856842,joint,joint_15,15,0.0002677738666534424
fatherr_156.npy,father,father,0.3949686586856842,joint,joint_16,16,-0.002231001853942871
fatherr_156.npy,father,father,0.3949686586856842,joint,joint_17,17,-0.0011932849884033203
fatherr_156.npy,father,father,0.3949686586856842,joint,joint_18,18,-0.0015451610088348389
fatherr_156.npy,father,father,0.3949686586856842,joint,joint_19,19,0.0010657012462615967
fatherr_156.npy,father,father,0.3949686586856842,joint,joint_20,20,-0.0007272064685821533
fatherr_156.npy,father,father,0.3949686586856842,joint,joint_21,21,3.7789344787597656e-05
fatherr_156.npy,father,father,0.3949686586856842,joint,joint_22,22,4.461407661437988e-05
fatherr_156.npy,father,father,0.3949686586856842,joint,joint_23,23,-8.016824722290039e-06
fatherr_156.npy,father,father,0.3949686586856842,joint,joint_24,24,3.5762786865234375e-06
fatherr_156.npy,father,father,0.3949686586856842,joint,joint_25,25,0.00012138485908508301
fatherr_156.npy,father,father,0.3949686586856842,joint,joint_26,26,3.874301910400391e-06
fatherr_156.npy,father,father,0.3949686586856842,joint,joint_27,27,5.453824996948242e-06
fatherr_156.npy,father,father,0.3949686586856842,joint,joint_28,28,7.897615432739258e-06
fatherr_156.npy,father,father,0.3949686586856842,joint,joint_29,29,-1.7255544662475586e-05
fatherr_156.npy,father,father,0.3949686586856842,joint,joint_30,30,0.00012022256851196289
fatherr_156.npy,father,father,0.3949686586856842,joint,joint_31,31,-8.606910705566406e-05
fatherr_156.npy,father,father,0.3949686586856842,joint,joint_32,32,5.245208740234375e-05
fatherr_156.npy,father,father,0.3949686586856842,joint,joint_33,33,8.150935173034668e-05
fatherr_156.npy,father,father,0.3949686586856842,joint,joint_34,34,5.608797073364258e-05
fatherr_156.npy,father,father,0.3949686586856842,joint,joint_35,35,-8.124113082885742e-05
fatherr_156.npy,father,father,0.3949686586856842,joint,joint_36,36,1.7076730728149414e-05
fatherr_156.npy,father,father,0.3949686586856842,joint,joint_37,37,-2.0891427993774414e-05
fatherr_156.npy,father,father,0.3949686586856842,joint,joint_38,38,6.818771362304688e-05
fatherr_156.npy,father,father,0.3949686586856842,joint,joint_39,39,-2.7745962142944336e-05
fatherr_156.npy,father,father,0.3949686586856842,joint,joint_40,40,0.00010132789611816406
fatherr_156.npy,father,father,0.3949686586856842,joint,joint_41,41,-3.275275230407715e-05
fatherr_156.npy,father,father,0.3949686586856842,coordinate_axis,x,0,-0.02174210548400879
fatherr_156.npy,father,father,0.3949686586856842,coordinate_axis,y,1,0.024530410766601562
fatherr_156.npy,father,father,0.3949686586856842,coordinate_axis,z,2,0.0006283223628997803
fatherr_159.npy,father,father,0.4080874025821686,joint,joint_00,0,0.0011284351348876953
fatherr_159.npy,father,father,0.4080874025821686,joint,joint_01,1,0.0010027885437011719
fatherr_159.npy,father,father,0.4080874025821686,joint,joint_02,2,0.0012212395668029785
fatherr_159.npy,father,father,0.4080874025821686,joint,joint_03,3,0.0017450451850891113
fatherr_159.npy,father,father,0.4080874025821686,joint,joint_04,4,0.0008870959281921387
fatherr_159.npy,father,father,0.4080874025821686,joint,joint_05,5,-0.0004107654094696045
fatherr_159.npy,father,father,0.4080874025821686,joint,joint_06,6,0.0010855793952941895
fatherr_159.npy,father,father,0.4080874025821686,joint,joint_07,7,0.0029417872428894043
fatherr_159.npy,father,father,0.4080874025821686,joint,joint_08,8,0.00032722949981689453
fatherr_159.npy,father,father,0.4080874025821686,joint,joint_09,9,-0.0004132688045501709
fatherr_159.npy,father,father,0.4080874025821686,joint,joint_10,10,0.0012599825859069824
fatherr_159.npy,father,father,0.4080874025821686,joint,joint_11,11,-0.0006675422191619873
fatherr_159.npy,father,father,0.4080874025821686,joint,joint_12,12,0.0010592341423034668
fatherr_159.npy,father,father,0.4080874025821686,joint,joint_13,13,0.0012555718421936035
fatherr_159.npy,father,father,0.4080874025821686,joint,joint_14,14,-0.0007132291793823242
fatherr_159.npy,father,father,0.4080874025821686,joint,joint_15,15,0.0019455254077911377
fatherr_159.npy,father,father,0.4080874025821686,joint,joint_16,16,6.225705146789551e-05
fatherr_159.npy,father,father,0.4080874025821686,joint,joint_17,17,0.00014132261276245117
fatherr_159.npy,father,father,0.4080874025821686,joint,joint_18,18,0.00024372339248657227
fatherr_159.npy,father,father,0.4080874025821686,joint,joint_19,19,0.0006435215473175049
fatherr_159.npy,father,father,0.4080874025821686,joint,joint_20,20,0.0022692084312438965
fatherr_159.npy,father,father,0.4080874025821686,joint,joint_21,21,4.00543212890625e-05
fatherr_159.npy,father,father,0.4080874025821686,joint,joint_22,22,4.336237907409668e-05
fatherr_159.npy,father,father,0.4080874025821686,joint,joint_23,23,-1.1295080184936523e-05
fatherr_159.npy,father,father,0.4080874025821686,joint,joint_24,24,5.304813385009766e-06
fatherr_159.npy,father,father,0.4080874025821686,joint,joint_25,25,0.00012513995170593262
fatherr_159.npy,father,father,0.4080874025821686,joint,joint_26,26,1.9371509552001953e-06
fatherr_159.npy,father,father,0.4080874025821686,joint,joint_27,27,6.4373016357421875e-06
fatherr_159.npy,father,father,0.4080874025821686,joint,joint_28,28,6.467103958129883e-06
fatherr_159.npy,father,father,0.4080874025821686,joint,joint_29,29,-1.755356788635254e-05
fatherr_159.npy,father,father,0.4080874025821686,joint,joint_30,30,0.0001195669174194336
fatherr_159.npy,father,father,0.4080874025821686,joint,joint_31,31,-9.036064147949219e-05
fatherr_159.npy,father,father,0.4080874025821686,joint,joint_32,32,6.0945749282836914e-05
fatherr_159.npy,father,father,0.4080874025821686,joint,joint_33,33,8.049607276916504e-05
fatherr_159.npy,father,father,0.4080874025821686,joint,joint_34,34,5.537271499633789e-05
fatherr_159.npy,father,father,0.4080874025821686,joint,joint_35,35,-8.33272933959961e-05
fatherr_159.npy,father,father,0.4080874025821686,joint,joint_36,36,1.749396324157715e-05
fatherr_159.npy,father,father,0.4080874025821686,joint,joint_37,37,-2.2411346435546875e-05
fatherr_159.npy,father,father,0.4080874025821686,joint,joint_38,38,6.437301635742188e-05
fatherr_159.npy,father,father,0.4080874025821686,joint,joint_39,39,-2.9265880584716797e-05
fatherr_159.npy,father,father,0.4080874025821686,joint,joint_40,40,0.00010377168655395508
fatherr_159.npy,father,father,0.4080874025821686,joint,joint_41,41,-3.507733345031738e-05
fatherr_159.npy,father,father,0.4080874025821686,coordinate_axis,x,0,-0.004068195819854736
fatherr_159.npy,father,father,0.4080874025821686,coordinate_axis,y,1,0.01887953281402588
fatherr_159.npy,father,father,0.4080874025821686,coordinate_axis,z,2,0.0026267170906066895
fatherr_168.npy,father,father,0.40689751505851746,joint,joint_00,0,0.0010671019554138184
fatherr_168.npy,father,father,0.40689751505851746,joint,joint_01,1,0.0008946359157562256
fatherr_168.npy,father,father,0.40689751505851746,joint,joint_02,2,0.001156836748123169
fatherr_168.npy,father,father,0.40689751505851746,joint,joint_03,3,0.0016662180423736572
fatherr_168.npy,father,father,0.40689751505851746,joint,joint_04,4,0.0007876157760620117
fatherr_168.npy,father,father,0.40689751505851746,joint,joint_05,5,-0.00039899349212646484
fatherr_168.npy,father,father,0.40689751505851746,joint,joint_06,6,0.000980377197265625
fatherr_168.npy,father,father,0.40689751505851746,joint,joint_07,7,0.002786010503768921
fatherr_168.npy,father,father,0.40689751505851746,joint,joint_08,8,0.00024005770683288574
fatherr_168.npy,father,father,0.40689751505851746,joint,joint_09,9,-0.0003260672092437744
fatherr_168.npy,father,father,0.40689751505851746,joint,joint_10,10,0.0011917054653167725
fatherr_168.npy,father,father,0.40689751505851746,joint,joint_11,11,-0.000736922025680542
fatherr_168.npy,father,father,0.40689751505851746,joint,joint_12,12,0.0010043680667877197
fatherr_168.npy,father,father,0.40689751505851746,joint,joint_13,13,0.0013113915920257568
fatherr_168.npy,father,father,0.40689751505851746,joint,joint_14,14,-0.0006901025772094727
fatherr_168.npy,father,father,0.40689751505851746,joint,joint_15,15,0.0017552375793457031
fatherr_168.npy,father,father,0.40689751505851746,joint,joint_16,16,1.3649463653564453e-05
fatherr_168.npy,father,father,0.40689751505851746,joint,joint_17,17,0.00013121962547302246
fatherr_168.npy,father,father,0.40689751505851746,joint,joint_18,18,8.687376976013184e-05
fatherr_168.npy,father,father,0.40689751505851746,joint,joint_19,19,0.0006441175937652588
fatherr_168.npy,father,father,0.40689751505851746,joint,joint_20,20,0.002197086811065674
fatherr_168.npy,father,father,0.40689751505851746,joint,joint_21,21,4.0650367736816406e-05
fatherr_168.npy,father,father,0.40689751505851746,joint,joint_22,22,4.3451786041259766e-05
fatherr_168.npy,father,father,0.40689751505851746,joint,joint_23,23,-1.1444091796875e-05
fatherr_168.npy,father,father,0.40689751505851746,joint,joint_24,24,5.841255187988281e-06
fatherr_168.npy,father,father,0.40689751505851746,joint,joint_25,25,0.00012478232383728027
fatherr_168.npy,father,father,0.40689751505851746,joint,joint_26,26,2.0265579223632812e-06
fatherr_168.npy,father,father,0.40689751505851746,joint,joint_27,27,6.22868537902832e-06
fatherr_168.npy,father,father,0.40689751505851746,joint,joint_28,28,6.0498714447021484e-06
fatherr_168.npy,father,father,0.40689751505851746,joint,joint_29,29,-1.749396324157715e-05
fatherr_168.npy,father,father,0.40689751505851746,joint,joint_30,30,0.00011926889419555664
fatherr_168.npy,father,father,0.40689751505851746,joint,joint_31,31,-9.122490882873535e-05
fatherr_168.npy,father,father,0.40689751505851746,joint,joint_32,32,6.130337715148926e-05
fatherr_168.npy,father,father,0.40689751505851746,joint,joint_33,33,8.058547973632812e-05
fatherr_168.npy,father,father,0.40689751505851746,joint,joint_34,34,5.5342912673950195e-05
fatherr_168.npy,father,father,0.40689751505851746,joint,joint_35,35,-8.428096771240234e-05
fatherr_168.npy,father,father,0.40689751505851746,joint,joint_36,36,1.7404556274414062e-05
fatherr_168.npy,father,father,0.40689751505851746,joint,joint_37,37,-2.244114875793457e-05
fatherr_168.npy,father,father,0.40689751505851746,joint,joint_38,38,6.374716758728027e-05
fatherr_168.npy,father,father,0.40689751505851746,joint,joint_39,39,-2.9921531677246094e-05
fatherr_168.npy,father,father,0.40689751505851746,joint,joint_40,40,0.0001043081283569336
fatherr_168.npy,father,father,0.40689751505851746,joint,joint_41,41,-3.5762786865234375e-05
fatherr_168.npy,father,father,0.40689751505851746,coordinate_axis,x,0,-0.004093527793884277
fatherr_168.npy,father,father,0.40689751505851746,coordinate_axis,y,1,0.018223583698272705
fatherr_168.npy,father,father,0.40689751505851746,coordinate_axis,z,2,0.0021004080772399902
fatherr_17.npy,father,father,0.4182490408420563,joint,joint_00,0,0.0027109384536743164
fatherr_17.npy,father,father,0.4182490408420563,joint,joint_01,1,0.002692967653274536
fatherr_17.npy,father,father,0.4182490408420563,joint,joint_02,2,0.0035400092601776123
fatherr_17.npy,father,father,0.4182490408420563,joint,joint_03,3,0.003146618604660034
fatherr_17.npy,father,father,0.4182490408420563,joint,joint_04,4,0.0019261538982391357
fatherr_17.npy,father,father,0.4182490408420563,joint,joint_05,5,-0.0007643699645996094
fatherr_17.npy,father,father,0.4182490408420563,joint,joint_06,6,0.0018945038318634033
fatherr_17.npy,father,father,0.4182490408420563,joint,joint_07,7,0.003759920597076416
fatherr_17.npy,father,father,0.4182490408420563,joint,joint_08,8,0.00016644597053527832
fatherr_17.npy,father,father,0.4182490408420563,joint,joint_09,9,-0.0001157522201538086
fatherr_17.npy,father,father,0.4182490408420563,joint,joint_10,10,0.0010510683059692383
fatherr_17.npy,father,father,0.4182490408420563,joint,joint_11,11,-0.000748366117477417
fatherr_17.npy,father,father,0.4182490408420563,joint,joint_12,12,0.0009491145610809326
fatherr_17.npy,father,father,0.4182490408420563,joint,joint_13,13,0.0025521814823150635
fatherr_17.npy,father,father,0.4182490408420563,joint,joint_14,14,-0.0007382333278656006
fatherr_17.npy,father,father,0.4182490408420563,joint,joint_15,15,0.001630932092666626
fatherr_17.npy,father,father,0.4182490408420563,joint,joint_16,16,-0.0003045797348022461
fatherr_17.npy,father,father,0.4182490408420563,joint,joint_17,17,0.0007318854331970215
fatherr_17.npy,father,father,0.4182490408420563,joint,joint_18,18,0.00042998790740966797
fatherr_17.npy,father,father,0.4182490408420563,joint,joint_19,19,0.0006193816661834717
fatherr_17.npy,father,father,0.4182490408420563,joint,joint_20,20,0.0017246603965759277
fatherr_17.npy,father,father,0.4182490408420563,joint,joint_21,21,4.157423973083496e-05
fatherr_17.npy,father,father,0.4182490408420563,joint,joint_22,22,4.023313522338867e-05
fatherr_17.npy,father,father,0.4182490408420563,joint,joint_23,23,-1.0102987289428711e-05
fatherr_17.npy,father,father,0.4182490408420563,joint,joint_24,24,4.857778549194336e-06
fatherr_17.npy,father,father,0.4182490408420563,joint,joint_25,25,0.00012448430061340332
fatherr_17.npy,father,father,0.4182490408420563,joint,joint_26,26,2.2649765014648438e-06
fatherr_17.npy,father,father,0.4182490408420563,joint,joint_27,27,7.897615432739258e-06
fatherr_17.npy,father,father,0.4182490408420563,joint,joint_28,28,1.1026859283447266e-05
fatherr_17.npy,father,father,0.4182490408420563,joint,joint_29,29,-1.4334917068481445e-05
fatherr_17.npy,father,father,0.4182490408420563,joint,joint_30,30,0.00011932849884033203
fatherr_17.npy,father,father,0.4182490408420563,joint,joint_31,31,-8.982419967651367e-05
fatherr_17.npy,father,father,0.4182490408420563,joint,joint_32,32,5.8323144912719727e-05
fatherr_17.npy,father,father,0.4182490408420563,joint,joint_33,33,8.183717727661133e-05
fatherr_17.npy,father,father,0.4182490408420563,joint,joint_34,34,5.7816505432128906e-05
fatherr_17.npy,father,father,0.4182490408420563,joint,joint_35,35,-8.219480514526367e-05
fatherr_17.npy,father,father,0.4182490408420563,joint,joint_36,36,1.5735626220703125e-05
fatherr_17.npy,father,father,0.4182490408420563,joint,joint_37,37,-2.3692846298217773e-05
fatherr_17.npy,father,father,0.4182490408420563,joint,joint_38,38,6.690621376037598e-05
fatherr_17.npy,father,father,0.4182490408420563,joint,joint_39,39,-3.0368566513061523e-05
fatherr_17.npy,father,father,0.4182490408420563,joint,joint_40,40,0.00010147690773010254
fatherr_17.npy,father,father,0.4182490408420563,joint,joint_41,41,-3.4481287002563477e-05
fatherr_17.npy,father,father,0.4182490408420563,coordinate_axis,x,0,-0.00326460599899292
fatherr_17.npy,father,father,0.4182490408420563,coordinate_axis,y,1,0.030803710222244263
fatherr_17.npy,father,father,0.4182490408420563,coordinate_axis,z,2,-2.232193946838379e-05
fatherr_173.npy,father,father,0.40284305810928345,joint,joint_00,0,0.0013363957405090332
fatherr_173.npy,father,father,0.40284305810928345,joint,joint_01,1,0.0008847415447235107
fatherr_173.npy,father,father,0.40284305810928345,joint,joint_02,2,0.0018010735511779785
fatherr_173.npy,father,father,0.40284305810928345,joint,joint_03,3,0.002017378807067871
fatherr_173.npy,father,father,0.40284305810928345,joint,joint_04,4,0.0007797479629516602
fatherr_173.npy,father,father,0.40284305810928345,joint,joint_05,5,-0.0005895495414733887
fatherr_173.npy,father,father,0.40284305810928345,joint,joint_06,6,0.0008254945278167725
fatherr_173.npy,father,father,0.40284305810928345,joint,joint_07,7,0.0023972690105438232
fatherr_173.npy,father,father,0.40284305810928345,joint,joint_08,8,-0.000197678804397583
fatherr_173.npy,father,father,0.40284305810928345,joint,joint_09,9,-0.0006215274333953857
fatherr_173.npy,father,father,0.40284305810928345,joint,joint_10,10,0.001451939344406128
fatherr_173.npy,father,father,0.40284305810928345,joint,joint_11,11,-0.0011899769306182861
fatherr_173.npy,father,father,0.40284305810928345,joint,joint_12,12,0.0005547404289245605
fatherr_173.npy,father,father,0.40284305810928345,joint,joint_13,13,0.0013422369956970215
fatherr_173.npy,father,father,0.40284305810928345,joint,joint_14,14,-0.0007354617118835449
fatherr_173.npy,father,father,0.40284305810928345,joint,joint_15,15,0.0010981857776641846
fatherr_173.npy,father,father,0.40284305810928345,joint,joint_16,16,-0.0006053745746612549
fatherr_173.npy,father,father,0.40284305810928345,joint,joint_17,17,-0.00046902894973754883
fatherr_173.npy,father,father,0.40284305810928345,joint,joint_18,18,-0.0006022751331329346
fatherr_173.npy,father,father,0.40284305810928345,joint,joint_19,19,0.0008089542388916016
fatherr_173.npy,father,father,0.40284305810928345,joint,joint_20,20,0.001307457685470581
fatherr_173.npy,father,father,0.40284305810928345,joint,joint_21,21,4.0650367736816406e-05
fatherr_173.npy,father,father,0.40284305810928345,joint,joint_22,22,4.214048385620117e-05
fatherr_173.npy,father,father,0.40284305810928345,joint,joint_23,23,-8.404254913330078e-06
fatherr_173.npy,father,father,0.40284305810928345,joint,joint_24,24,3.844499588012695e-06
fatherr_173.npy,father,father,0.40284305810928345,joint,joint_25,25,0.0001239776611328125
fatherr_173.npy,father,father,0.40284305810928345,joint,joint_26,26,1.430511474609375e-06
fatherr_173.npy,father,father,0.40284305810928345,joint,joint_27,27,5.662441253662109e-06
fatherr_173.npy,father,father,0.40284305810928345,joint,joint_28,28,9.08970832824707e-06
fatherr_173.npy,father,father,0.40284305810928345,joint,joint_29,29,-1.558661460876465e-05
fatherr_173.npy,father,father,0.40284305810928345,joint,joint_30,30,0.00011986494064331055
fatherr_173.npy,father,father,0.40284305810928345,joint,joint_31,31,-8.818507194519043e-05
fatherr_173.npy,father,father,0.40284305810928345,joint,joint_32,32,5.626678466796875e-05
fatherr_173.npy,father,father,0.40284305810928345,joint,joint_33,33,8.162856101989746e-05
fatherr_173.npy,father,father,0.40284305810928345,joint,joint_34,34,5.7220458984375e-05
fatherr_173.npy,father,father,0.40284305810928345,joint,joint_35,35,-8.219480514526367e-05
fatherr_173.npy,father,father,0.40284305810928345,joint,joint_36,36,1.609325408935547e-05
fatherr_173.npy,father,father,0.40284305810928345,joint,joint_37,37,-2.428889274597168e-05
fatherr_173.npy,father,father,0.40284305810928345,joint,joint_38,38,6.502866744995117e-05
fatherr_173.npy,father,father,0.40284305810928345,joint,joint_39,39,-2.9027462005615234e-05
fatherr_173.npy,father,father,0.40284305810928345,joint,joint_40,40,0.00010213255882263184
fatherr_173.npy,father,father,0.40284305810928345,joint,joint_41,41,-3.337860107421875e-05
fatherr_173.npy,father,father,0.40284305810928345,coordinate_axis,x,0,-0.008528202772140503
fatherr_173.npy,father,father,0.40284305810928345,coordinate_axis,y,1,0.019087493419647217
fatherr_173.npy,father,father,0.40284305810928345,coordinate_axis,z,2,0.0014984607696533203
fatherr_177.npy,father,father,0.4032057225704193,joint,joint_00,0,0.0013476908206939697
fatherr_177.npy,father,father,0.4032057225704193,joint,joint_01,1,0.000888824462890625
fatherr_177.npy,father,father,0.4032057225704193,joint,joint_02,2,0.00188446044921875
fatherr_177.npy,father,father,0.4032057225704193,joint,joint_03,3,0.0020461082458496094
fatherr_177.npy,father,father,0.4032057225704193,joint,joint_04,4,0.000819772481918335
fatherr_177.npy,father,father,0.4032057225704193,joint,joint_05,5,-0.0006066262722015381
fatherr_177.npy,father,father,0.4032057225704193,joint,joint_06,6,0.0008935034275054932
fatherr_177.npy,father,father,0.4032057225704193,joint,joint_07,7,0.00264623761177063
fatherr_177.npy,father,father,0.4032057225704193,joint,joint_08,8,-0.00025403499603271484
fatherr_177.npy,father,father,0.4032057225704193,joint,joint_09,9,-0.0006348490715026855
fatherr_177.npy,father,father,0.4032057225704193,joint,joint_10,10,0.0014961659908294678
fatherr_177.npy,father,father,0.4032057225704193,joint,joint_11,11,-0.0012838542461395264
fatherr_177.npy,father,father,0.4032057225704193,joint,joint_12,12,0.0005903840065002441
fatherr_177.npy,father,father,0.4032057225704193,joint,joint_13,13,0.001364201307296753
fatherr_177.npy,father,father,0.4032057225704193,joint,joint_14,14,-0.0007527470588684082
fatherr_177.npy,father,father,0.4032057225704193,joint,joint_15,15,0.001095503568649292
fatherr_177.npy,father,father,0.4032057225704193,joint,joint_16,16,-0.0006995797157287598
fatherr_177.npy,father,father,0.4032057225704193,joint,joint_17,17,-0.00046756863594055176
fatherr_177.npy,father,father,0.4032057225704193,joint,joint_18,18,-0.0006246566772460938
fatherr_177.npy,father,father,0.4032057225704193,joint,joint_19,19,0.0008197128772735596
fatherr_177.npy,father,father,0.4032057225704193,joint,joint_20,20,0.001377403736114502
fatherr_177.npy,father,father,0.4032057225704193,joint,joint_21,21,3.9517879486083984e-05
fatherr_177.npy,father,father,0.4032057225704193,joint,joint_22,22,4.32431697845459e-05
fatherr_177.npy,father,father,0.4032057225704193,joint,joint_23,23,-1.004338264465332e-05
fatherr_177.npy,father,father,0.4032057225704193,joint,joint_24,24,5.304813385009766e-06
fatherr_177.npy,father,father,0.4032057225704193,joint,joint_25,25,0.0001239478588104248
fatherr_177.npy,father,father,0.4032057225704193,joint,joint_26,26,1.6391277313232422e-06
fatherr_177.npy,father,father,0.4032057225704193,joint,joint_27,27,6.109476089477539e-06
fatherr_177.npy,father,father,0.4032057225704193,joint,joint_28,28,7.3909759521484375e-06
fatherr_177.npy,father,father,0.4032057225704193,joint,joint_29,29,-1.5348196029663086e-05
fatherr_177.npy,father,father,0.4032057225704193,joint,joint_30,30,0.00012096762657165527
fatherr_177.npy,father,father,0.4032057225704193,joint,joint_31,31,-8.791685104370117e-05
fatherr_177.npy,father,father,0.4032057225704193,joint,joint_32,32,5.7756900787353516e-05
fatherr_177.npy,father,father,0.4032057225704193,joint,joint_33,33,8.106231689453125e-05
fatherr_177.npy,father,father,0.4032057225704193,joint,joint_34,34,5.561113357543945e-05
fatherr_177.npy,father,father,0.4032057225704193,joint,joint_35,35,-7.998943328857422e-05
fatherr_177.npy,father,father,0.4032057225704193,joint,joint_36,36,1.5497207641601562e-05
fatherr_177.npy,father,father,0.4032057225704193,joint,joint_37,37,-2.232193946838379e-05
fatherr_177.npy,father,father,0.4032057225704193,joint,joint_38,38,6.55055046081543e-05
fatherr_177.npy,father,father,0.4032057225704193,joint,joint_39,39,-2.86102294921875e-05
fatherr_177.npy,father,father,0.4032057225704193,joint,joint_40,40,0.00010225176811218262
fatherr_177.npy,father,father,0.4032057225704193,joint,joint_41,41,-3.516674041748047e-05
fatherr_177.npy,father,father,0.4032057225704193,coordinate_axis,x,0,-0.008849233388900757
fatherr_177.npy,father,father,0.4032057225704193,coordinate_axis,y,1,0.02000737190246582
fatherr_177.npy,father,father,0.4032057225704193,coordinate_axis,z,2,0.0012231767177581787
fatherr_18.npy,father,father,0.418854296207428,joint,joint_00,0,0.0026869773864746094
fatherr_18.npy,father,father,0.418854296207428,joint,joint_01,1,0.0026279091835021973
fatherr_18.npy,father,father,0.418854296207428,joint,joint_02,2,0.0034119784832000732
fatherr_18.npy,father,father,0.418854296207428,joint,joint_03,3,0.0031245946884155273
fatherr_18.npy,father,father,0.418854296207428,joint,joint_04,4,0.0019609928131103516
fatherr_18.npy,father,father,0.418854296207428,joint,joint_05,5,-0.0007647275924682617
fatherr_18.npy,father,father,0.418854296207428,joint,joint_06,6,0.0019367337226867676
fatherr_18.npy,father,father,0.418854296207428,joint,joint_07,7,0.0038636326789855957
fatherr_18.npy,father,father,0.418854296207428,joint,joint_08,8,0.00027176737785339355
fatherr_18.npy,father,father,0.418854296207428,joint,joint_09,9,-0.0001195073127746582
fatherr_18.npy,father,father,0.418854296207428,joint,joint_10,10,0.0010360479354858398
fatherr_18.npy,father,father,0.418854296207428,joint,joint_11,11,-0.0007363855838775635
fatherr_18.npy,father,father,0.418854296207428,joint,joint_12,12,0.0010176897048950195
fatherr_18.npy,father,father,0.418854296207428,joint,joint_13,13,0.00247839093208313
fatherr_18.npy,father,father,0.418854296207428,joint,joint_14,14,-0.0007779896259307861
fatherr_18.npy,father,father,0.418854296207428,joint,joint_15,15,0.0017967820167541504
fatherr_18.npy,father,father,0.418854296207428,joint,joint_16,16,-0.0002442300319671631
fatherr_18.npy,father,father,0.418854296207428,joint,joint_17,17,0.0007455945014953613
fatherr_18.npy,father,father,0.418854296207428,joint,joint_18,18,0.0005307495594024658
fatherr_18.npy,father,father,0.418854296207428,joint,joint_19,19,0.0006157159805297852
fatherr_18.npy,father,father,0.418854296207428,joint,joint_20,20,0.0020431876182556152
fatherr_18.npy,father,father,0.418854296207428,joint,joint_21,21,4.121661186218262e-05
fatherr_18.npy,father,father,0.418854296207428,joint,joint_22,22,4.050135612487793e-05
fatherr_18.npy,father,father,0.418854296207428,joint,joint_23,23,-1.0967254638671875e-05
fatherr_18.npy,father,father,0.418854296207428,joint,joint_24,24,5.900859832763672e-06
fatherr_18.npy,father,father,0.418854296207428,joint,joint_25,25,0.00012418627738952637
fatherr_18.npy,father,father,0.418854296207428,joint,joint_26,26,3.0100345611572266e-06
fatherr_18.npy,father,father,0.418854296207428,joint,joint_27,27,8.106231689453125e-06
fatherr_18.npy,father,father,0.418854296207428,joint,joint_28,28,1.1205673217773438e-05
fatherr_18.npy,father,father,0.418854296207428,joint,joint_29,29,-1.3470649719238281e-05
fatherr_18.npy,father,father,0.418854296207428,joint,joint_30,30,0.00011932849884033203
fatherr_18.npy,father,father,0.418854296207428,joint,joint_31,31,-8.970499038696289e-05
fatherr_18.npy,father,father,0.418854296207428,joint,joint_32,32,5.9157609939575195e-05
fatherr_18.npy,father,father,0.418854296207428,joint,joint_33,33,8.124113082885742e-05
fatherr_18.npy,father,father,0.418854296207428,joint,joint_34,34,5.8025121688842773e-05
fatherr_18.npy,father,father,0.418854296207428,joint,joint_35,35,-8.26716423034668e-05
fatherr_18.npy,father,father,0.418854296207428,joint,joint_36,36,1.4781951904296875e-05
fatherr_18.npy,father,father,0.418854296207428,joint,joint_37,37,-2.4020671844482422e-05
fatherr_18.npy,father,father,0.418854296207428,joint,joint_38,38,6.628036499023438e-05
fatherr_18.npy,father,father,0.418854296207428,joint,joint_39,39,-3.0249357223510742e-05
fatherr_18.npy,father,father,0.418854296207428,joint,joint_40,40,0.00010135769844055176
fatherr_18.npy,father,father,0.418854296207428,joint,joint_41,41,-3.510713577270508e-05
fatherr_18.npy,father,father,0.418854296207428,coordinate_axis,x,0,-0.0030701756477355957
fatherr_18.npy,father,father,0.418854296207428,coordinate_axis,y,1,0.031013548374176025
fatherr_18.npy,father,father,0.418854296207428,coordinate_axis,z,2,0.0001863241195678711
fatherr_187.npy,father,father,0.41219812631607056,joint,joint_00,0,0.0016318857669830322
fatherr_187.npy,father,father,0.41219812631607056,joint,joint_01,1,0.0015610754489898682
fatherr_187.npy,father,father,0.41219812631607056,joint,joint_02,2,0.001979827880859375
fatherr_187.npy,father,father,0.41219812631607056,joint,joint_03,3,0.002173781394958496
fatherr_187.npy,father,father,0.41219812631607056,joint,joint_04,4,0.0011283159255981445
fatherr_187.npy,father,father,0.41219812631607056,joint,joint_05,5,-0.00044405460357666016
fatherr_187.npy,father,father,0.41219812631607056,joint,joint_06,6,0.0014314651489257812
fatherr_187.npy,father,father,0.41219812631607056,joint,joint_07,7,0.003519207239151001
fatherr_187.npy,father,father,0.41219812631607056,joint,joint_08,8,0.00010690093040466309
fatherr_187.npy,father,father,0.41219812631607056,joint,joint_09,9,-2.35140323638916e-05
fatherr_187.npy,father,father,0.41219812631607056,joint,joint_10,10,0.0009492635726928711
fatherr_187.npy,father,father,0.41219812631607056,joint,joint_11,11,-0.0007201731204986572
fatherr_187.npy,father,father,0.41219812631607056,joint,joint_12,12,0.0011043250560760498
fatherr_187.npy,father,father,0.41219812631607056,joint,joint_13,13,0.0018346607685089111
fatherr_187.npy,father,father,0.41219812631607056,joint,joint_14,14,-0.0006558895111083984
fatherr_187.npy,father,father,0.41219812631607056,joint,joint_15,15,0.001818239688873291
fatherr_187.npy,father,father,0.41219812631607056,joint,joint_16,16,-0.0001895129680633545
fatherr_187.npy,father,father,0.41219812631607056,joint,joint_17,17,0.0006507933139801025
fatherr_187.npy,father,father,0.41219812631607056,joint,joint_18,18,0.000504612922668457
fatherr_187.npy,father,father,0.41219812631607056,joint,joint_19,19,0.0006166994571685791
fatherr_187.npy,father,father,0.41219812631607056,joint,joint_20,20,0.002139449119567871
fatherr_187.npy,father,father,0.41219812631607056,joint,joint_21,21,4.07099723815918e-05
fatherr_187.npy,father,father,0.41219812631607056,joint,joint_22,22,4.443526268005371e-05
fatherr_187.npy,father,father,0.41219812631607056,joint,joint_23,23,-1.1622905731201172e-05
fatherr_187.npy,father,father,0.41219812631607056,joint,joint_24,24,5.334615707397461e-06
fatherr_187.npy,father,father,0.41219812631607056,joint,joint_25,25,0.00012561678886413574
fatherr_187.npy,father,father,0.41219812631607056,joint,joint_26,26,3.2782554626464844e-06
fatherr_187.npy,father,father,0.41219812631607056,joint,joint_27,27,8.851289749145508e-06
fatherr_187.npy,father,father,0.41219812631607056,joint,joint_28,28,8.285045623779297e-06
fatherr_187.npy,father,father,0.41219812631607056,joint,joint_29,29,-1.767277717590332e-05
fatherr_187.npy,father,father,0.41219812631607056,joint,joint_30,30,0.0001201331615447998
fatherr_187.npy,father,father,0.41219812631607056,joint,joint_31,31,-9.146332740783691e-05
fatherr_187.npy,father,father,0.41219812631607056,joint,joint_32,32,6.29723072052002e-05
fatherr_187.npy,father,father,0.41219812631607056,joint,joint_33,33,7.957220077514648e-05
fatherr_187.npy,father,father,0.41219812631607056,joint,joint_34,34,5.543231964111328e-05
fatherr_187.npy,father,father,0.41219812631607056,joint,joint_35,35,-8.52048397064209e-05
fatherr_187.npy,father,father,0.41219812631607056,joint,joint_36,36,1.7195940017700195e-05
fatherr_187.npy,father,father,0.41219812631607056,joint,joint_37,37,-2.276897430419922e-05
fatherr_187.npy,father,father,0.41219812631607056,joint,joint_38,38,6.410479545593262e-05
fatherr_187.npy,father,father,0.41219812631607056,joint,joint_39,39,-2.962350845336914e-05
fatherr_187.npy,father,father,0.41219812631607056,joint,joint_40,40,0.00010374188423156738
fatherr_187.npy,father,father,0.41219812631607056,joint,joint_41,41,-3.555417060852051e-05
fatherr_187.npy,father,father,0.41219812631607056,coordinate_axis,x,0,-0.003101259469985962
fatherr_187.npy,father,father,0.41219812631607056,coordinate_axis,y,1,0.02392640709877014
fatherr_187.npy,father,father,0.41219812631607056,coordinate_axis,z,2,0.0007011890411376953
fatherr_19.npy,father,father,0.4204009473323822,joint,joint_00,0,0.0025142133235931396
fatherr_19.npy,father,father,0.4204009473323822,joint,joint_01,1,0.0029064416885375977
fatherr_19.npy,father,father,0.4204009473323822,joint,joint_02,2,0.0026538968086242676
fatherr_19.npy,father,father,0.4204009473323822,joint,joint_03,3,0.00245058536529541
fatherr_19.npy,father,father,0.4204009473323822,joint,joint_04,4,0.0017846226692199707
fatherr_19.npy,father,father,0.4204009473323822,joint,joint_05,5,-0.0003230571746826172
fatherr_19.npy,father,father,0.4204009473323822,joint,joint_06,6,0.0016748309135437012
fatherr_19.npy,father,father,0.4204009473323822,joint,joint_07,7,0.0034457743167877197
fatherr_19.npy,father,father,0.4204009473323822,joint,joint_08,8,0.0007269978523254395
fatherr_19.npy,father,father,0.4204009473323822,joint,joint_09,9,0.0004717409610748291
fatherr_19.npy,father,father,0.4204009473323822,joint,joint_10,10,0.0003851652145385742
fatherr_19.npy,father,father,0.4204009473323822,joint,joint_11,11,-5.009770393371582e-05
fatherr_19.npy,father,father,0.4204009473323822,joint,joint_12,12,0.0014570355415344238
fatherr_19.npy,father,father,0.4204009473323822,joint,joint_13,13,0.0024012625217437744
fatherr_19.npy,father,father,0.4204009473323822,joint,joint_14,14,-0.0005135238170623779
fatherr_19.npy,father,father,0.4204009473323822,joint,joint_15,15,0.0019179880619049072
fatherr_19.npy,father,father,0.4204009473323822,joint,joint_16,16,0.0002948939800262451
fatherr_19.npy,father,father,0.4204009473323822,joint,joint_17,17,0.0013960599899291992
fatherr_19.npy,father,father,0.4204009473323822,joint,joint_18,18,0.0008945465087890625
fatherr_19.npy,father,father,0.4204009473323822,joint,joint_19,19,0.0003286004066467285
fatherr_19.npy,father,father,0.4204009473323822,joint,joint_20,20,0.0027722716331481934
fatherr_19.npy,father,father,0.4204009473323822,joint,joint_21,21,4.234910011291504e-05
fatherr_19.npy,father,father,0.4204009473323822,joint,joint_22,22,4.145503044128418e-05
fatherr_19.npy,father,father,0.4204009473323822,joint,joint_23,23,-1.0132789611816406e-05
fatherr_19.npy,father,father,0.4204009473323822,joint,joint_24,24,6.407499313354492e-06
fatherr_19.npy,father,father,0.4204009473323822,joint,joint_25,25,0.00012663006782531738
fatherr_19.npy,father,father,0.4204009473323822,joint,joint_26,26,2.4437904357910156e-06
fatherr_19.npy,father,father,0.4204009473323822,joint,joint_27,27,1.0371208190917969e-05
fatherr_19.npy,father,father,0.4204009473323822,joint,joint_28,28,1.0639429092407227e-05
fatherr_19.npy,father,father,0.4204009473323822,joint,joint_29,29,-1.5407800674438477e-05
fatherr_19.npy,father,father,0.4204009473323822,joint,joint_30,30,0.00012189149856567383
fatherr_19.npy,father,father,0.4204009473323822,joint,joint_31,31,-9.137392044067383e-05
fatherr_19.npy,father,father,0.4204009473323822,joint,joint_32,32,6.142258644104004e-05
fatherr_19.npy,father,father,0.4204009473323822,joint,joint_33,33,8.025765419006348e-05
fatherr_19.npy,father,father,0.4204009473323822,joint,joint_34,34,5.891919136047363e-05
fatherr_19.npy,father,father,0.4204009473323822,joint,joint_35,35,-8.410215377807617e-05
fatherr_19.npy,father,father,0.4204009473323822,joint,joint_36,36,1.4513731002807617e-05
fatherr_19.npy,father,father,0.4204009473323822,joint,joint_37,37,-2.73287296295166e-05
fatherr_19.npy,father,father,0.4204009473323822,joint,joint_38,38,6.35385513305664e-05
fatherr_19.npy,father,father,0.4204009473323822,joint,joint_39,39,-2.944469451904297e-05
fatherr_19.npy,father,father,0.4204009473323822,joint,joint_40,40,0.00010225176811218262
fatherr_19.npy,father,father,0.4204009473323822,joint,joint_41,41,-3.698468208312988e-05
fatherr_19.npy,father,father,0.4204009473323822,coordinate_axis,x,0,0.0031467080116271973
fatherr_19.npy,father,father,0.4204009473323822,coordinate_axis,y,1,0.027527451515197754
fatherr_19.npy,father,father,0.4204009473323822,coordinate_axis,z,2,-0.00068703293800354
fatherr_190.npy,father,father,0.40989115834236145,joint,joint_00,0,0.0020033419132232666
fatherr_190.npy,father,father,0.40989115834236145,joint,joint_01,1,0.0016708970069885254
fatherr_190.npy,father,father,0.40989115834236145,joint,joint_02,2,0.002653568983078003
fatherr_190.npy,father,father,0.40989115834236145,joint,joint_03,3,0.002179384231567383
fatherr_190.npy,father,father,0.40989115834236145,joint,joint_04,4,0.0011740028858184814
fatherr_190.npy,father,father,0.40989115834236145,joint,joint_05,5,-0.0007713139057159424
fatherr_190.npy,father,father,0.40989115834236145,joint,joint_06,6,0.0016152262687683105
fatherr_190.npy,father,father,0.40989115834236145,joint,joint_07,7,0.0037901997566223145
fatherr_190.npy,father,father,0.40989115834236145,joint,joint_08,8,-0.0006479918956756592
fatherr_190.npy,father,father,0.40989115834236145,joint,joint_09,9,-0.0002872049808502197
fatherr_190.npy,father,father,0.40989115834236145,joint,joint_10,10,0.0013866126537322998
fatherr_190.npy,father,father,0.40989115834236145,joint,joint_11,11,-0.0012789666652679443
fatherr_190.npy,father,father,0.40989115834236145,joint,joint_12,12,0.0004216432571411133
fatherr_190.npy,father,father,0.40989115834236145,joint,joint_13,13,0.002158552408218384
fatherr_190.npy,father,father,0.40989115834236145,joint,joint_14,14,-0.00079345703125
fatherr_190.npy,father,father,0.40989115834236145,joint,joint_15,15,0.0014416873455047607
fatherr_190.npy,father,father,0.40989115834236145,joint,joint_16,16,-0.000663459300994873
fatherr_190.npy,father,father,0.40989115834236145,joint,joint_17,17,0.00032326579093933105
fatherr_190.npy,father,father,0.40989115834236145,joint,joint_18,18,0.0001608729362487793
fatherr_190.npy,father,father,0.40989115834236145,joint,joint_19,19,0.0007461607456207275
fatherr_190.npy,father,father,0.40989115834236145,joint,joint_20,20,0.0013821125030517578
fatherr_190.npy,father,father,0.40989115834236145,joint,joint_21,21,4.1157007217407227e-05
fatherr_190.npy,father,father,0.40989115834236145,joint,joint_22,22,4.169344902038574e-05
fatherr_190.npy,father,father,0.40989115834236145,joint,joint_23,23,-9.5367431640625e-06
fatherr_190.npy,father,father,0.40989115834236145,joint,joint_24,24,3.069639205932617e-06
fatherr_190.npy,father,father,0.40989115834236145,joint,joint_25,25,0.00012412667274475098
fatherr_190.npy,father,father,0.40989115834236145,joint,joint_26,26,1.2218952178955078e-06
fatherr_190.npy,father,father,0.40989115834236145,joint,joint_27,27,5.841255187988281e-06
fatherr_190.npy,father,father,0.40989115834236145,joint,joint_28,28,8.612871170043945e-06
fatherr_190.npy,father,father,0.40989115834236145,joint,joint_29,29,-1.5914440155029297e-05
fatherr_190.npy,father,father,0.40989115834236145,joint,joint_30,30,0.00011789798736572266
fatherr_190.npy,father,father,0.40989115834236145,joint,joint_31,31,-8.83638858795166e-05
fatherr_190.npy,father,father,0.40989115834236145,joint,joint_32,32,5.683302879333496e-05
fatherr_190.npy,father,father,0.40989115834236145,joint,joint_33,33,8.26418399810791e-05
fatherr_190.npy,father,father,0.40989115834236145,joint,joint_34,34,5.7578086853027344e-05
fatherr_190.npy,father,father,0.40989115834236145,joint,joint_35,35,-8.317828178405762e-05
fatherr_190.npy,father,father,0.40989115834236145,joint,joint_36,36,1.6987323760986328e-05
fatherr_190.npy,father,father,0.40989115834236145,joint,joint_37,37,-2.4110078811645508e-05
fatherr_190.npy,father,father,0.40989115834236145,joint,joint_38,38,6.708502769470215e-05
fatherr_190.npy,father,father,0.40989115834236145,joint,joint_39,39,-2.86102294921875e-05
fatherr_190.npy,father,father,0.40989115834236145,joint,joint_40,40,0.00010129809379577637
fatherr_190.npy,father,father,0.40989115834236145,joint,joint_41,41,-3.376603126525879e-05
fatherr_190.npy,father,father,0.40989115834236145,coordinate_axis,x,0,-0.007120728492736816
fatherr_190.npy,father,father,0.40989115834236145,coordinate_axis,y,1,0.025807440280914307
fatherr_190.npy,father,father,0.40989115834236145,coordinate_axis,z,2,0.00033155083656311035
fatherr_2.npy,father,father,0.4094512164592743,joint,joint_00,0,0.002060830593109131
fatherr_2.npy,father,father,0.4094512164592743,joint,joint_01,1,0.0021508634090423584
fatherr_2.npy,father,father,0.4094512164592743,joint,joint_02,2,0.0018641948699951172
fatherr_2.npy,father,father,0.4094512164592743,joint,joint_03,3,0.001590728759765625
fatherr_2.npy,father,father,0.4094512164592743,joint,joint_04,4,0.001196533441543579
fatherr_2.npy,father,father,0.4094512164592743,joint,joint_05,5,-0.0003730654716491699
fatherr_2.npy,father,father,0.4094512164592743,joint,joint_06,6,0.0010501742362976074
fatherr_2.npy,father,father,0.4094512164592743,joint,joint_07,7,0.0020664632320404053
fatherr_2.npy,father,father,0.4094512164592743,joint,joint_08,8,0.0002447664737701416
fatherr_2.npy,father,father,0.4094512164592743,joint,joint_09,9,-6.952881813049316e-05
fatherr_2.npy,father,father,0.4094512164592743,joint,joint_10,10,0.0008440315723419189
fatherr_2.npy,father,father,0.4094512164592743,joint,joint_11,11,-0.00039508938789367676
fatherr_2.npy,father,father,0.4094512164592743,joint,joint_12,12,0.00046685338020324707
fatherr_2.npy,father,father,0.4094512164592743,joint,joint_13,13,0.001663893461227417
fatherr_2.npy,father,father,0.4094512164592743,joint,joint_14,14,-0.0005844831466674805
fatherr_2.npy,father,father,0.4094512164592743,joint,joint_15,15,0.0015538036823272705
fatherr_2.npy,father,father,0.4094512164592743,joint,joint_16,16,-8.392333984375e-05
fatherr_2.npy,father,father,0.4094512164592743,joint,joint_17,17,0.00060272216796875
fatherr_2.npy,father,father,0.4094512164592743,joint,joint_18,18,0.0005617141723632812
fatherr_2.npy,father,father,0.4094512164592743,joint,joint_19,19,0.0005442500114440918
fatherr_2.npy,father,father,0.4094512164592743,joint,joint_20,20,0.0015229284763336182
fatherr_2.npy,father,father,0.4094512164592743,joint,joint_21,21,4.217028617858887e-05
fatherr_2.npy,father,father,0.4094512164592743,joint,joint_22,22,4.175305366516113e-05
fatherr_2.npy,father,father,0.4094512164592743,joint,joint_23,23,-1.1920928955078125e-05
fatherr_2.npy,father,father,0.4094512164592743,joint,joint_24,24,6.109476089477539e-06
fatherr_2.npy,father,father,0.4094512164592743,joint,joint_25,25,0.00012478232383728027
fatherr_2.npy,father,father,0.4094512164592743,joint,joint_26,26,2.294778823852539e-06
fatherr_2.npy,father,father,0.4094512164592743,joint,joint_27,27,6.318092346191406e-06
fatherr_2.npy,father,father,0.4094512164592743,joint,joint_28,28,7.241964340209961e-06
fatherr_2.npy,father,father,0.4094512164592743,joint,joint_29,29,-1.531839370727539e-05
fatherr_2.npy,father,father,0.4094512164592743,joint,joint_30,30,0.00011619925498962402
fatherr_2.npy,father,father,0.4094512164592743,joint,joint_31,31,-9.21487808227539e-05
fatherr_2.npy,father,father,0.4094512164592743,joint,joint_32,32,6.210803985595703e-05
fatherr_2.npy,father,father,0.4094512164592743,joint,joint_33,33,8.219480514526367e-05
fatherr_2.npy,father,father,0.4094512164592743,joint,joint_34,34,5.7220458984375e-05
fatherr_2.npy,father,father,0.4094512164592743,joint,joint_35,35,-8.663535118103027e-05
fatherr_2.npy,father,father,0.4094512164592743,joint,joint_36,36,1.7911195755004883e-05
fatherr_2.npy,father,father,0.4094512164592743,joint,joint_37,37,-2.440810203552246e-05
fatherr_2.npy,father,father,0.4094512164592743,joint,joint_38,38,6.41942024230957e-05
fatherr_2.npy,father,father,0.4094512164592743,joint,joint_39,39,-2.8431415557861328e-05
fatherr_2.npy,father,father,0.4094512164592743,joint,joint_40,40,0.00010442733764648438
fatherr_2.npy,father,father,0.4094512164592743,joint,joint_41,41,-3.4362077713012695e-05
fatherr_2.npy,father,father,0.4094512164592743,coordinate_axis,x,0,-0.0012786388397216797
fatherr_2.npy,father,father,0.4094512164592743,coordinate_axis,y,1,0.018991023302078247
fatherr_2.npy,father,father,0.4094512164592743,coordinate_axis,z,2,0.0011204779148101807
fatherr_21.npy,father,father,0.4203720688819885,joint,joint_00,0,0.002411067485809326
fatherr_21.npy,father,father,0.4203720688819885,joint,joint_01,1,0.002922743558883667
fatherr_21.npy,father,father,0.4203720688819885,joint,joint_02,2,0.002328157424926758
fatherr_21.npy,father,father,0.4203720688819885,joint,joint_03,3,0.002288222312927246
fatherr_21.npy,father,father,0.4203720688819885,joint,joint_04,4,0.0016820430755615234
fatherr_21.npy,father,father,0.4203720688819885,joint,joint_05,5,-0.00020188093185424805
fatherr_21.npy,father,father,0.4203720688819885,joint,joint_06,6,0.0016811490058898926
fatherr_21.npy,father,father,0.4203720688819885,joint,joint_07,7,0.0034335553646087646
fatherr_21.npy,father,father,0.4203720688819885,joint,joint_08,8,0.0006365180015563965
fatherr_21.npy,father,father,0.4203720688819885,joint,joint_09,9,0.0007071197032928467
fatherr_21.npy,father,father,0.4203720688819885,joint,joint_10,10,0.0001455545425415039
fatherr_21.npy,father,father,0.4203720688819885,joint,joint_11,11,-5.173683166503906e-05
fatherr_21.npy,father,father,0.4203720688819885,joint,joint_12,12,0.00138014554977417
fatherr_21.npy,father,father,0.4203720688819885,joint,joint_13,13,0.0024360716342926025
fatherr_21.npy,father,father,0.4203720688819885,joint,joint_14,14,-0.00044417381286621094
fatherr_21.npy,father,father,0.4203720688819885,joint,joint_15,15,0.0019196867942810059
fatherr_21.npy,father,father,0.4203720688819885,joint,joint_16,16,0.0002512037754058838
fatherr_21.npy,father,father,0.4203720688819885,joint,joint_17,17,0.0017043650150299072
fatherr_21.npy,father,father,0.4203720688819885,joint,joint_18,18,0.0010820329189300537
fatherr_21.npy,father,father,0.4203720688819885,joint,joint_19,19,0.0002797245979309082
fatherr_21.npy,father,father,0.4203720688819885,joint,joint_20,20,0.0026538074016571045
fatherr_21.npy,father,father,0.4203720688819885,joint,joint_21,21,4.360079765319824e-05
fatherr_21.npy,father,father,0.4203720688819885,joint,joint_22,22,4.3392181396484375e-05
fatherr_21.npy,father,father,0.4203720688819885,joint,joint_23,23,-1.049041748046875e-05
fatherr_21.npy,father,father,0.4203720688819885,joint,joint_24,24,8.046627044677734e-06
fatherr_21.npy,father,father,0.4203720688819885,joint,joint_25,25,0.00012728571891784668
fatherr_21.npy,father,father,0.4203720688819885,joint,joint_26,26,1.9669532775878906e-06
fatherr_21.npy,father,father,0.4203720688819885,joint,joint_27,27,9.715557098388672e-06
fatherr_21.npy,father,father,0.4203720688819885,joint,joint_28,28,9.566545486450195e-06
fatherr_21.npy,father,father,0.4203720688819885,joint,joint_29,29,-1.6063451766967773e-05
fatherr_21.npy,father,father,0.4203720688819885,joint,joint_30,30,0.00012177228927612305
fatherr_21.npy,father,father,0.4203720688819885,joint,joint_31,31,-9.384751319885254e-05
fatherr_21.npy,father,father,0.4203720688819885,joint,joint_32,32,6.16312026977539e-05
fatherr_21.npy,father,father,0.4203720688819885,joint,joint_33,33,7.930397987365723e-05
fatherr_21.npy,father,father,0.4203720688819885,joint,joint_34,34,5.918741226196289e-05
fatherr_21.npy,father,father,0.4203720688819885,joint,joint_35,35,-8.51750373840332e-05
fatherr_21.npy,father,father,0.4203720688819885,joint,joint_36,36,1.5974044799804688e-05
fatherr_21.npy,father,father,0.4203720688819885,joint,joint_37,37,-2.7388334274291992e-05
fatherr_21.npy,father,father,0.4203720688819885,joint,joint_38,38,6.330013275146484e-05
fatherr_21.npy,father,father,0.4203720688819885,joint,joint_39,39,-3.0517578125e-05
fatherr_21.npy,father,father,0.4203720688819885,joint,joint_40,40,0.00010406970977783203
fatherr_21.npy,father,father,0.4203720688819885,joint,joint_41,41,-3.948807716369629e-05
fatherr_21.npy,father,father,0.4203720688819885,coordinate_axis,x,0,0.004121065139770508
fatherr_21.npy,father,father,0.4203720688819885,coordinate_axis,y,1,0.02690213918685913
fatherr_21.npy,father,father,0.4203720688819885,coordinate_axis,z,2,-0.001025080680847168
fatherr_26.npy,father,father,0.42191213369369507,joint,joint_00,0,0.0024330317974090576
fatherr_26.npy,father,father,0.42191213369369507,joint,joint_01,1,0.002809762954711914
fatherr_26.npy,father,father,0.42191213369369507,joint,joint_02,2,0.0025618374347686768
fatherr_26.npy,father,father,0.42191213369369507,joint,joint_03,3,0.002558767795562744
fatherr_26.npy,father,father,0.42191213369369507,joint,joint_04,4,0.0017105042934417725
fatherr_26.npy,father,father,0.42191213369369507,joint,joint_05,5,-0.00028458237648010254
fatherr_26.npy,father,father,0.42191213369369507,joint,joint_06,6,0.001835644245147705
fatherr_26.npy,father,father,0.42191213369369507,joint,joint_07,7,0.003956109285354614
fatherr_26.npy,father,father,0.42191213369369507,joint,joint_08,8,0.0006268024444580078
fatherr_26.npy,father,father,0.42191213369369507,joint,joint_09,9,0.0007230937480926514
fatherr_26.npy,father,father,0.42191213369369507,joint,joint_10,10,0.00025084614753723145
fatherr_26.npy,father,father,0.42191213369369507,joint,joint_11,11,-0.00020381808280944824
fatherr_26.npy,father,father,0.42191213369369507,joint,joint_12,12,0.0015355944633483887
fatherr_26.npy,father,father,0.42191213369369507,joint,joint_13,13,0.00262606143951416
fatherr_26.npy,father,father,0.42191213369369507,joint,joint_14,14,-0.0005452632904052734
fatherr_26.npy,father,father,0.42191213369369507,joint,joint_15,15,0.0021114349365234375
fatherr_26.npy,father,father,0.42191213369369507,joint,joint_16,16,0.00013971328735351562
fatherr_26.npy,father,father,0.42191213369369507,joint,joint_17,17,0.0017981231212615967
fatherr_26.npy,father,father,0.42191213369369507,joint,joint_18,18,0.0012182295322418213
fatherr_26.npy,father,father,0.42191213369369507,joint,joint_19,19,0.0003387928009033203
fatherr_26.npy,father,father,0.42191213369369507,joint,joint_20,20,0.002789020538330078
fatherr_26.npy,father,father,0.42191213369369507,joint,joint_21,21,4.4345855712890625e-05
fatherr_26.npy,father,father,0.42191213369369507,joint,joint_22,22,4.1425228118896484e-05
fatherr_26.npy,father,father,0.42191213369369507,joint,joint_23,23,-9.98377799987793e-06
fatherr_26.npy,father,father,0.42191213369369507,joint,joint_24,24,5.781650543212891e-06
fatherr_26.npy,father,father,0.42191213369369507,joint,joint_25,25,0.00012540817260742188
fatherr_26.npy,father,father,0.42191213369369507,joint,joint_26,26,2.3245811462402344e-06
fatherr_26.npy,father,father,0.42191213369369507,joint,joint_27,27,9.804964065551758e-06
fatherr_26.npy,father,father,0.42191213369369507,joint,joint_28,28,1.0132789611816406e-05
fatherr_26.npy,father,father,0.42191213369369507,joint,joint_29,29,-1.65402889251709e-05
fatherr_26.npy,father,father,0.42191213369369507,joint,joint_30,30,0.00012084841728210449
fatherr_26.npy,father,father,0.42191213369369507,joint,joint_31,31,-9.22083854675293e-05
fatherr_26.npy,father,father,0.42191213369369507,joint,joint_32,32,6.10649585723877e-05
fatherr_26.npy,father,father,0.42191213369369507,joint,joint_33,33,8.067488670349121e-05
fatherr_26.npy,father,father,0.42191213369369507,joint,joint_34,34,5.8978796005249023e-05
fatherr_26.npy,father,father,0.42191213369369507,joint,joint_35,35,-8.496642112731934e-05
fatherr_26.npy,father,father,0.42191213369369507,joint,joint_36,36,1.659989356994629e-05
fatherr_26.npy,father,father,0.42191213369369507,joint,joint_37,37,-2.7447938919067383e-05
fatherr_26.npy,father,father,0.42191213369369507,joint,joint_38,38,6.41942024230957e-05
fatherr_26.npy,father,father,0.42191213369369507,joint,joint_39,39,-3.0040740966796875e-05
fatherr_26.npy,father,father,0.42191213369369507,joint,joint_40,40,0.00010079145431518555
fatherr_26.npy,father,father,0.42191213369369507,joint,joint_41,41,-3.713369369506836e-05
fatherr_26.npy,father,father,0.42191213369369507,coordinate_axis,x,0,0.0031301379203796387
fatherr_26.npy,father,father,0.42191213369369507,coordinate_axis,y,1,0.029860496520996094
fatherr_26.npy,father,father,0.42191213369369507,coordinate_axis,z,2,-0.0014792084693908691
fatherr_46.npy,father,father,0.41421449184417725,joint,joint_00,0,0.0022457242012023926
fatherr_46.npy,father,father,0.41421449184417725,joint,joint_01,1,0.0024920403957366943
fatherr_46.npy,father,father,0.41421449184417725,joint,joint_02,2,0.002284914255142212
fatherr_46.npy,father,father,0.41421449184417725,joint,joint_03,3,0.0021246373653411865
fatherr_46.npy,father,father,0.41421449184417725,joint,joint_04,4,0.0014998316764831543
fatherr_46.npy,father,father,0.41421449184417725,joint,joint_05,5,-0.0003910660743713379
fatherr_46.npy,father,father,0.41421449184417725,joint,joint_06,6,0.001343369483947754
fatherr_46.npy,father,father,0.41421449184417725,joint,joint_07,7,0.0026260018348693848
fatherr_46.npy,father,father,0.41421449184417725,joint,joint_08,8,0.00035199522972106934
fatherr_46.npy,father,father,0.41421449184417725,joint,joint_09,9,0.00012698769569396973
fatherr_46.npy,father,father,0.41421449184417725,joint,joint_10,10,0.0007645487785339355
fatherr_46.npy,father,father,0.41421449184417725,joint,joint_11,11,-0.00030878186225891113
fatherr_46.npy,father,father,0.41421449184417725,joint,joint_12,12,0.0007729232311248779
fatherr_46.npy,father,father,0.41421449184417725,joint,joint_13,13,0.001995652914047241
fatherr_46.npy,father,father,0.41421449184417725,joint,joint_14,14,-0.0005751550197601318
fatherr_46.npy,father,father,0.41421449184417725,joint,joint_15,15,0.0017233490943908691
fatherr_46.npy,father,father,0.41421449184417725,joint,joint_16,16,9.202957153320312e-05
fatherr_46.npy,father,father,0.41421449184417725,joint,joint_17,17,0.0009186863899230957
fatherr_46.npy,father,father,0.41421449184417725,joint,joint_18,18,0.0006784796714782715
fatherr_46.npy,father,father,0.41421449184417725,joint,joint_19,19,0.00048151612281799316
fatherr_46.npy,father,father,0.41421449184417725,joint,joint_20,20,0.0019122958183288574
fatherr_46.npy,father,father,0.41421449184417725,joint,joint_21,21,4.3839216232299805e-05
fatherr_46.npy,father,father,0.41421449184417725,joint,joint_22,22,4.303455352783203e-05
fatherr_46.npy,father,father,0.41421449184417725,joint,joint_23,23,-1.2308359146118164e-05
fatherr_46.npy,father,father,0.41421449184417725,joint,joint_24,24,5.990266799926758e-06
fatherr_46.npy,father,father,0.41421449184417725,joint,joint_25,25,0.00012624263763427734
fatherr_46.npy,father,father,0.41421449184417725,joint,joint_26,26,2.9802322387695312e-06
fatherr_46.npy,father,father,0.41421449184417725,joint,joint_27,27,6.765127182006836e-06
fatherr_46.npy,father,father,0.41421449184417725,joint,joint_28,28,7.331371307373047e-06
fatherr_46.npy,father,father,0.41421449184417725,joint,joint_29,29,-1.4543533325195312e-05
fatherr_46.npy,father,father,0.41421449184417725,joint,joint_30,30,0.00011807680130004883
fatherr_46.npy,father,father,0.41421449184417725,joint,joint_31,31,-9.253621101379395e-05
fatherr_46.npy,father,father,0.41421449184417725,joint,joint_32,32,6.35981559753418e-05
fatherr_46.npy,father,father,0.41421449184417725,joint,joint_33,33,8.195638656616211e-05
fatherr_46.npy,father,father,0.41421449184417725,joint,joint_34,34,5.8203935623168945e-05
fatherr_46.npy,father,father,0.41421449184417725,joint,joint_35,35,-8.496642112731934e-05
fatherr_46.npy,father,father,0.41421449184417725,joint,joint_36,36,1.8209218978881836e-05
fatherr_46.npy,father,father,0.41421449184417725,joint,joint_37,37,-2.6106834411621094e-05
fatherr_46.npy,father,father,0.41421449184417725,joint,joint_38,38,6.455183029174805e-05
fatherr_46.npy,father,father,0.41421449184417725,joint,joint_39,39,-2.8848648071289062e-05
fatherr_46.npy,father,father,0.41421449184417725,joint,joint_40,40,0.00010329484939575195
fatherr_46.npy,father,father,0.41421449184417725,joint,joint_41,41,-3.5762786865234375e-05
fatherr_46.npy,father,father,0.41421449184417725,coordinate_axis,x,0,3.5136938095092773e-05
fatherr_46.npy,father,father,0.41421449184417725,coordinate_axis,y,1,0.022730857133865356
fatherr_46.npy,father,father,0.41421449184417725,coordinate_axis,z,2,0.0008579492568969727
fatherr_50.npy,father,father,0.41812244057655334,joint,joint_00,0,0.002206653356552124
fatherr_50.npy,father,father,0.41812244057655334,joint,joint_01,1,0.002691894769668579
fatherr_50.npy,father,father,0.41812244057655334,joint,joint_02,2,0.0020495951175689697
fatherr_50.npy,father,father,0.41812244057655334,joint,joint_03,3,0.0019761323928833008
fatherr_50.npy,father,father,0.41812244057655334,joint,joint_04,4,0.0016736388206481934
fatherr_50.npy,father,father,0.41812244057655334,joint,joint_05,5,-0.00021085143089294434
fatherr_50.npy,father,father,0.41812244057655334,joint,joint_06,6,0.001446753740310669
fatherr_50.npy,father,father,0.41812244057655334,joint,joint_07,7,0.0028023719787597656
fatherr_50.npy,father,father,0.41812244057655334,joint,joint_08,8,0.0009504854679107666
fatherr_50.npy,father,father,0.41812244057655334,joint,joint_09,9,0.0002802610397338867
fatherr_50.npy,father,father,0.41812244057655334,joint,joint_10,10,0.0004681050777435303
fatherr_50.npy,father,father,0.41812244057655334,joint,joint_11,11,0.00019854307174682617
fatherr_50.npy,father,father,0.41812244057655334,joint,joint_12,12,0.0012603998184204102
fatherr_50.npy,father,father,0.41812244057655334,joint,joint_13,13,0.0019344091415405273
fatherr_50.npy,father,father,0.41812244057655334,joint,joint_14,14,-0.0004818141460418701
fatherr_50.npy,father,father,0.41812244057655334,joint,joint_15,15,0.0021734535694122314
fatherr_50.npy,father,father,0.41812244057655334,joint,joint_16,16,0.0005702674388885498
fatherr_50.npy,father,father,0.41812244057655334,joint,joint_17,17,0.0013192296028137207
fatherr_50.npy,father,father,0.41812244057655334,joint,joint_18,18,0.0011371076107025146
fatherr_50.npy,father,father,0.41812244057655334,joint,joint_19,19,0.00032594799995422363
fatherr_50.npy,father,father,0.41812244057655334,joint,joint_20,20,0.0026386678218841553
fatherr_50.npy,father,father,0.41812244057655334,joint,joint_21,21,4.348158836364746e-05
fatherr_50.npy,father,father,0.41812244057655334,joint,joint_22,22,4.392862319946289e-05
fatherr_50.npy,father,father,0.41812244057655334,joint,joint_23,23,-1.1861324310302734e-05
fatherr_50.npy,father,father,0.41812244057655334,joint,joint_24,24,6.258487701416016e-06
fatherr_50.npy,father,father,0.41812244057655334,joint,joint_25,25,0.0001284778118133545
fatherr_50.npy,father,father,0.41812244057655334,joint,joint_26,26,3.0994415283203125e-06
fatherr_50.npy,father,father,0.41812244057655334,joint,joint_27,27,9.59634780883789e-06
fatherr_50.npy,father,father,0.41812244057655334,joint,joint_28,28,9.059906005859375e-06
fatherr_50.npy,father,father,0.41812244057655334,joint,joint_29,29,-1.5795230865478516e-05
fatherr_50.npy,father,father,0.41812244057655334,joint,joint_30,30,0.00012043118476867676
fatherr_50.npy,father,father,0.41812244057655334,joint,joint_31,31,-9.500980377197266e-05
fatherr_50.npy,father,father,0.41812244057655334,joint,joint_32,32,6.461143493652344e-05
fatherr_50.npy,father,father,0.41812244057655334,joint,joint_33,33,8.282065391540527e-05
fatherr_50.npy,father,father,0.41812244057655334,joint,joint_34,34,5.945563316345215e-05
fatherr_50.npy,father,father,0.41812244057655334,joint,joint_35,35,-8.812546730041504e-05
fatherr_50.npy,father,father,0.41812244057655334,joint,joint_36,36,1.7255544662475586e-05
fatherr_50.npy,father,father,0.41812244057655334,joint,joint_37,37,-2.7179718017578125e-05
fatherr_50.npy,father,father,0.41812244057655334,joint,joint_38,38,6.410479545593262e-05
fatherr_50.npy,father,father,0.41812244057655334,joint,joint_39,39,-2.8789043426513672e-05
fatherr_50.npy,father,father,0.41812244057655334,joint,joint_40,40,0.00010311603546142578
fatherr_50.npy,father,father,0.41812244057655334,joint,joint_41,41,-3.7223100662231445e-05
fatherr_50.npy,father,father,0.41812244057655334,coordinate_axis,x,0,0.003711909055709839
fatherr_50.npy,father,father,0.41812244057655334,coordinate_axis,y,1,0.022857218980789185
fatherr_50.npy,father,father,0.41812244057655334,coordinate_axis,z,2,0.0011695325374603271
fatherr_59.npy,father,father,0.4202688932418823,joint,joint_00,0,0.002238720655441284
fatherr_59.npy,father,father,0.4202688932418823,joint,joint_01,1,0.0029196739196777344
fatherr_59.npy,father,father,0.4202688932418823,joint,joint_02,2,0.002045273780822754
fatherr_59.npy,father,father,0.4202688932418823,joint,joint_03,3,0.002194315195083618
fatherr_59.npy,father,father,0.4202688932418823,joint,joint_04,4,0.0018034279346466064
fatherr_59.npy,father,father,0.4202688932418823,joint,joint_05,5,-0.00017118453979492188
fatherr_59.npy,father,father,0.4202688932418823,joint,joint_06,6,0.0015079975128173828
fatherr_59.npy,father,father,0.4202688932418823,joint,joint_07,7,0.0029514431953430176
fatherr_59.npy,father,father,0.4202688932418823,joint,joint_08,8,0.0011076033115386963
fatherr_59.npy,father,father,0.4202688932418823,joint,joint_09,9,0.0003368854522705078
fatherr_59.npy,father,father,0.4202688932418823,joint,joint_10,10,0.0004716813564300537
fatherr_59.npy,father,father,0.4202688932418823,joint,joint_11,11,0.00022020936012268066
fatherr_59.npy,father,father,0.4202688932418823,joint,joint_12,12,0.0014369189739227295
fatherr_59.npy,father,father,0.4202688932418823,joint,joint_13,13,0.0019205212593078613
fatherr_59.npy,father,father,0.4202688932418823,joint,joint_14,14,-0.0004908144474029541
fatherr_59.npy,father,father,0.4202688932418823,joint,joint_15,15,0.002325206995010376
fatherr_59.npy,father,father,0.4202688932418823,joint,joint_16,16,0.0006141960620880127
fatherr_59.npy,father,father,0.4202688932418823,joint,joint_17,17,0.0015177428722381592
fatherr_59.npy,father,father,0.4202688932418823,joint,joint_18,18,0.0013393759727478027
fatherr_59.npy,father,father,0.4202688932418823,joint,joint_19,19,0.00027102231979370117
fatherr_59.npy,father,father,0.4202688932418823,joint,joint_20,20,0.002975285053253174
fatherr_59.npy,father,father,0.4202688932418823,joint,joint_21,21,4.392862319946289e-05
fatherr_59.npy,father,father,0.4202688932418823,joint,joint_22,22,4.2498111724853516e-05
fatherr_59.npy,father,father,0.4202688932418823,joint,joint_23,23,-1.2814998626708984e-05
fatherr_59.npy,father,father,0.4202688932418823,joint,joint_24,24,7.3909759521484375e-06
fatherr_59.npy,father,father,0.4202688932418823,joint,joint_25,25,0.00012770295143127441
fatherr_59.npy,father,father,0.4202688932418823,joint,joint_26,26,3.546476364135742e-06
fatherr_59.npy,father,father,0.4202688932418823,joint,joint_27,27,1.0192394256591797e-05
fatherr_59.npy,father,father,0.4202688932418823,joint,joint_28,28,9.417533874511719e-06
fatherr_59.npy,father,father,0.4202688932418823,joint,joint_29,29,-1.5616416931152344e-05
fatherr_59.npy,father,father,0.4202688932418823,joint,joint_30,30,0.0001201331615447998
fatherr_59.npy,father,father,0.4202688932418823,joint,joint_31,31,-9.503960609436035e-05
fatherr_59.npy,father,father,0.4202688932418823,joint,joint_32,32,6.464123725891113e-05
fatherr_59.npy,father,father,0.4202688932418823,joint,joint_33,33,8.177757263183594e-05
fatherr_59.npy,father,father,0.4202688932418823,joint,joint_34,34,5.942583084106445e-05
fatherr_59.npy,father,father,0.4202688932418823,joint,joint_35,35,-8.767843246459961e-05
fatherr_59.npy,father,father,0.4202688932418823,joint,joint_36,36,1.665949821472168e-05
fatherr_59.npy,father,father,0.4202688932418823,joint,joint_37,37,-2.682209014892578e-05
fatherr_59.npy,father,father,0.4202688932418823,joint,joint_38,38,6.380677223205566e-05
fatherr_59.npy,father,father,0.4202688932418823,joint,joint_39,39,-2.9772520065307617e-05
fatherr_59.npy,father,father,0.4202688932418823,joint,joint_40,40,0.000102996826171875
fatherr_59.npy,father,father,0.4202688932418823,joint,joint_41,41,-3.695487976074219e-05
fatherr_59.npy,father,father,0.4202688932418823,coordinate_axis,x,0,0.004685342311859131
fatherr_59.npy,father,father,0.4202688932418823,coordinate_axis,y,1,0.023986905813217163
fatherr_59.npy,father,father,0.4202688932418823,coordinate_axis,z,2,0.00127449631690979
fatherr_72.npy,father,father,0.42013832926750183,joint,joint_00,0,0.002623230218887329
fatherr_72.npy,father,father,0.42013832926750183,joint,joint_01,1,0.0029204487800598145
fatherr_72.npy,father,father,0.42013832926750183,joint,joint_02,2,0.0031252801418304443
fatherr_72.npy,father,father,0.42013832926750183,joint,joint_03,3,0.0033256113529205322
fatherr_72.npy,father,father,0.42013832926750183,joint,joint_04,4,0.002163320779800415
fatherr_72.npy,father,father,0.42013832926750183,joint,joint_05,5,-0.0005197525024414062
fatherr_72.npy,father,father,0.42013832926750183,joint,joint_06,6,0.0017089247703552246
fatherr_72.npy,father,father,0.42013832926750183,joint,joint_07,7,0.002940267324447632
fatherr_72.npy,father,father,0.42013832926750183,joint,joint_08,8,0.0008541345596313477
fatherr_72.npy,father,father,0.42013832926750183,joint,joint_09,9,-2.6017427444458008e-05
fatherr_72.npy,father,father,0.42013832926750183,joint,joint_10,10,0.0007563233375549316
fatherr_72.npy,father,father,0.42013832926750183,joint,joint_11,11,-3.579258918762207e-05
fatherr_72.npy,father,father,0.42013832926750183,joint,joint_12,12,0.0011271834373474121
fatherr_72.npy,father,father,0.42013832926750183,joint,joint_13,13,0.002143651247024536
fatherr_72.npy,father,father,0.42013832926750183,joint,joint_14,14,-0.0006470084190368652
fatherr_72.npy,father,father,0.42013832926750183,joint,joint_15,15,0.001955002546310425
fatherr_72.npy,father,father,0.42013832926750183,joint,joint_16,16,0.000235825777053833
fatherr_72.npy,father,father,0.42013832926750183,joint,joint_17,17,0.0008803009986877441
fatherr_72.npy,father,father,0.42013832926750183,joint,joint_18,18,0.0006853640079498291
fatherr_72.npy,father,father,0.42013832926750183,joint,joint_19,19,0.0005313456058502197
fatherr_72.npy,father,father,0.42013832926750183,joint,joint_20,20,0.0021091103553771973
fatherr_72.npy,father,father,0.42013832926750183,joint,joint_21,21,4.1037797927856445e-05
fatherr_72.npy,father,father,0.42013832926750183,joint,joint_22,22,4.1872262954711914e-05
fatherr_72.npy,father,father,0.42013832926750183,joint,joint_23,23,-1.0788440704345703e-05
fatherr_72.npy,father,father,0.42013832926750183,joint,joint_24,24,4.798173904418945e-06
fatherr_72.npy,father,father,0.42013832926750183,joint,joint_25,25,0.00012788176536560059
fatherr_72.npy,father,father,0.42013832926750183,joint,joint_26,26,2.0265579223632812e-06
fatherr_72.npy,father,father,0.42013832926750183,joint,joint_27,27,8.821487426757812e-06
fatherr_72.npy,father,father,0.42013832926750183,joint,joint_28,28,1.0699033737182617e-05
fatherr_72.npy,father,father,0.42013832926750183,joint,joint_29,29,-1.4483928680419922e-05
fatherr_72.npy,father,father,0.42013832926750183,joint,joint_30,30,0.00012066960334777832
fatherr_72.npy,father,father,0.42013832926750183,joint,joint_31,31,-9.196996688842773e-05
fatherr_72.npy,father,father,0.42013832926750183,joint,joint_32,32,6.1005353927612305e-05
fatherr_72.npy,father,father,0.42013832926750183,joint,joint_33,33,8.350610733032227e-05
fatherr_72.npy,father,father,0.42013832926750183,joint,joint_34,34,5.760788917541504e-05
fatherr_72.npy,father,father,0.42013832926750183,joint,joint_35,35,-8.52346420288086e-05
fatherr_72.npy,father,father,0.42013832926750183,joint,joint_36,36,1.576542854309082e-05
fatherr_72.npy,father,father,0.42013832926750183,joint,joint_37,37,-2.4497509002685547e-05
fatherr_72.npy,father,father,0.42013832926750183,joint,joint_38,38,6.589293479919434e-05
fatherr_72.npy,father,father,0.42013832926750183,joint,joint_39,39,-2.9474496841430664e-05
fatherr_72.npy,father,father,0.42013832926750183,joint,joint_40,40,0.00010207295417785645
fatherr_72.npy,father,father,0.42013832926750183,joint,joint_41,41,-3.62396240234375e-05
fatherr_72.npy,father,father,0.42013832926750183,coordinate_axis,x,0,7.370114326477051e-05
fatherr_72.npy,father,father,0.42013832926750183,coordinate_axis,y,1,0.027627646923065186
fatherr_72.npy,father,father,0.42013832926750183,coordinate_axis,z,2,0.0018720626831054688
fatherr_83.npy,father,father,0.4228684902191162,joint,joint_00,0,0.002666294574737549
fatherr_83.npy,father,father,0.4228684902191162,joint,joint_01,1,0.003300607204437256
fatherr_83.npy,father,father,0.4228684902191162,joint,joint_02,2,0.0027368366718292236
fatherr_83.npy,father,father,0.4228684902191162,joint,joint_03,3,0.0030191540718078613
fatherr_83.npy,father,father,0.4228684902191162,joint,joint_04,4,0.002239137887954712
fatherr_83.npy,father,father,0.4228684902191162,joint,joint_05,5,-0.00019282102584838867
fatherr_83.npy,father,father,0.4228684902191162,joint,joint_06,6,0.0015775859355926514
fatherr_83.npy,father,father,0.4228684902191162,joint,joint_07,7,0.00246313214302063
fatherr_83.npy,father,father,0.4228684902191162,joint,joint_08,8,0.0014805793762207031
fatherr_83.npy,father,father,0.4228684902191162,joint,joint_09,9,0.0003624260425567627
fatherr_83.npy,father,father,0.4228684902191162,joint,joint_10,10,0.00036790966987609863
fatherr_83.npy,father,father,0.4228684902191162,joint,joint_11,11,0.0004954636096954346
fatherr_83.npy,father,father,0.4228684902191162,joint,joint_12,12,0.0014190375804901123
fatherr_83.npy,father,father,0.4228684902191162,joint,joint_13,13,0.0020368099212646484
fatherr_83.npy,father,father,0.4228684902191162,joint,joint_14,14,-0.00048026442527770996
fatherr_83.npy,father,father,0.4228684902191162,joint,joint_15,15,0.002184152603149414
fatherr_83.npy,father,father,0.4228684902191162,joint,joint_16,16,0.000858694314956665
fatherr_83.npy,father,father,0.4228684902191162,joint,joint_17,17,0.0014620423316955566
fatherr_83.npy,father,father,0.4228684902191162,joint,joint_18,18,0.0011979341506958008
fatherr_83.npy,father,father,0.4228684902191162,joint,joint_19,19,0.00029787421226501465
fatherr_83.npy,father,father,0.4228684902191162,joint,joint_20,20,0.0026072263717651367
fatherr_83.npy,father,father,0.4228684902191162,joint,joint_21,21,4.13358211517334e-05
fatherr_83.npy,father,father,0.4228684902191162,joint,joint_22,22,4.407763481140137e-05
fatherr_83.npy,father,father,0.4228684902191162,joint,joint_23,23,-1.3262033462524414e-05
fatherr_83.npy,father,father,0.4228684902191162,joint,joint_24,24,8.58306884765625e-06
fatherr_83.npy,father,father,0.4228684902191162,joint,joint_25,25,0.00013068318367004395
fatherr_83.npy,father,father,0.4228684902191162,joint,joint_26,26,-8.940696716308594e-08
fatherr_83.npy,father,father,0.4228684902191162,joint,joint_27,27,7.599592208862305e-06
fatherr_83.npy,father,father,0.4228684902191162,joint,joint_28,28,8.046627044677734e-06
fatherr_83.npy,father,father,0.4228684902191162,joint,joint_29,29,-1.436471939086914e-05
fatherr_83.npy,father,father,0.4228684902191162,joint,joint_30,30,0.00012189149856567383
fatherr_83.npy,father,father,0.4228684902191162,joint,joint_31,31,-9.432435035705566e-05
fatherr_83.npy,father,father,0.4228684902191162,joint,joint_32,32,6.625056266784668e-05
fatherr_83.npy,father,father,0.4228684902191162,joint,joint_33,33,8.338689804077148e-05
fatherr_83.npy,father,father,0.4228684902191162,joint,joint_34,34,5.7756900787353516e-05
fatherr_83.npy,father,father,0.4228684902191162,joint,joint_35,35,-8.64863395690918e-05
fatherr_83.npy,father,father,0.4228684902191162,joint,joint_36,36,1.77919864654541e-05
fatherr_83.npy,father,father,0.4228684902191162,joint,joint_37,37,-2.5838613510131836e-05
fatherr_83.npy,father,father,0.4228684902191162,joint,joint_38,38,6.747245788574219e-05
fatherr_83.npy,father,father,0.4228684902191162,joint,joint_39,39,-2.7894973754882812e-05
fatherr_83.npy,father,father,0.4228684902191162,joint,joint_40,40,0.00010374188423156738
fatherr_83.npy,father,father,0.4228684902191162,joint,joint_41,41,-3.9130449295043945e-05
fatherr_83.npy,father,father,0.4228684902191162,coordinate_axis,x,0,0.005336016416549683
fatherr_83.npy,father,father,0.4228684902191162,coordinate_axis,y,1,0.025354772806167603
fatherr_83.npy,father,father,0.4228684902191162,coordinate_axis,z,2,0.0018928050994873047
fatherr_89.npy,father,father,0.4226623773574829,joint,joint_00,0,0.002418726682662964
fatherr_89.npy,father,father,0.4226623773574829,joint,joint_01,1,0.0030748844146728516
fatherr_89.npy,father,father,0.4226623773574829,joint,joint_02,2,0.0019073486328125
fatherr_89.npy,father,father,0.4226623773574829,joint,joint_03,3,0.0021068155765533447
fatherr_89.npy,father,father,0.4226623773574829,joint,joint_04,4,0.0015923380851745605
fatherr_89.npy,father,father,0.4226623773574829,joint,joint_05,5,-0.00014272332191467285
fatherr_89.npy,father,father,0.4226623773574829,joint,joint_06,6,0.001580357551574707
fatherr_89.npy,father,father,0.4226623773574829,joint,joint_07,7,0.0031247735023498535
fatherr_89.npy,father,father,0.4226623773574829,joint,joint_08,8,0.0013455450534820557
fatherr_89.npy,father,father,0.4226623773574829,joint,joint_09,9,0.0005072057247161865
fatherr_89.npy,father,father,0.4226623773574829,joint,joint_10,10,0.00040718913078308105
fatherr_89.npy,father,father,0.4226623773574829,joint,joint_11,11,0.0002910792827606201
fatherr_89.npy,father,father,0.4226623773574829,joint,joint_12,12,0.0017472505569458008
fatherr_89.npy,father,father,0.4226623773574829,joint,joint_13,13,0.002226591110229492
fatherr_89.npy,father,father,0.4226623773574829,joint,joint_14,14,-0.0005611181259155273
fatherr_89.npy,father,father,0.4226623773574829,joint,joint_15,15,0.002473205327987671
fatherr_89.npy,father,father,0.4226623773574829,joint,joint_16,16,0.0008153915405273438
fatherr_89.npy,father,father,0.4226623773574829,joint,joint_17,17,0.001805812120437622
fatherr_89.npy,father,father,0.4226623773574829,joint,joint_18,18,0.001386791467666626
fatherr_89.npy,father,father,0.4226623773574829,joint,joint_19,19,0.00029146671295166016
fatherr_89.npy,father,father,0.4226623773574829,joint,joint_20,20,0.003486722707748413
fatherr_89.npy,father,father,0.4226623773574829,joint,joint_21,21,4.4345855712890625e-05
fatherr_89.npy,father,father,0.4226623773574829,joint,joint_22,22,4.315376281738281e-05
fatherr_89.npy,father,father,0.4226623773574829,joint,joint_23,23,-1.1026859283447266e-05
fatherr_89.npy,father,father,0.4226623773574829,joint,joint_24,24,8.493661880493164e-06
fatherr_89.npy,father,father,0.4226623773574829,joint,joint_25,25,0.00012770295143127441
fatherr_89.npy,father,father,0.4226623773574829,joint,joint_26,26,3.0994415283203125e-06
fatherr_89.npy,father,father,0.4226623773574829,joint,joint_27,27,1.1593103408813477e-05
fatherr_89.npy,father,father,0.4226623773574829,joint,joint_28,28,9.298324584960938e-06
fatherr_89.npy,father,father,0.4226623773574829,joint,joint_29,29,-1.4901161193847656e-05
fatherr_89.npy,father,father,0.4226623773574829,joint,joint_30,30,0.0001214742660522461
fatherr_89.npy,father,father,0.4226623773574829,joint,joint_31,31,-9.462237358093262e-05
fatherr_89.npy,father,father,0.4226623773574829,joint,joint_32,32,6.374716758728027e-05
fatherr_89.npy,father,father,0.4226623773574829,joint,joint_33,33,8.159875869750977e-05
fatherr_89.npy,father,father,0.4226623773574829,joint,joint_34,34,5.97834587097168e-05
fatherr_89.npy,father,father,0.4226623773574829,joint,joint_35,35,-8.592009544372559e-05
fatherr_89.npy,father,father,0.4226623773574829,joint,joint_36,36,1.683831214904785e-05
fatherr_89.npy,father,father,0.4226623773574829,joint,joint_37,37,-2.7120113372802734e-05
fatherr_89.npy,father,father,0.4226623773574829,joint,joint_38,38,6.383657455444336e-05
fatherr_89.npy,father,father,0.4226623773574829,joint,joint_39,39,-2.956390380859375e-05
fatherr_89.npy,father,father,0.4226623773574829,joint,joint_40,40,0.0001042783260345459
fatherr_89.npy,father,father,0.4226623773574829,joint,joint_41,41,-3.7789344787597656e-05
fatherr_89.npy,father,father,0.4226623773574829,coordinate_axis,x,0,0.005879580974578857
fatherr_89.npy,father,father,0.4226623773574829,coordinate_axis,y,1,0.025565415620803833
fatherr_89.npy,father,father,0.4226623773574829,coordinate_axis,z,2,0.0009763240814208984
fatherr_96.npy,father,father,0.41919898986816406,joint,joint_00,0,0.002753019332885742
fatherr_96.npy,father,father,0.41919898986816406,joint,joint_01,1,0.0029584765434265137
fatherr_96.npy,father,father,0.41919898986816406,joint,joint_02,2,0.003091871738433838
fatherr_96.npy,father,father,0.41919898986816406,joint,joint_03,3,0.0030125975608825684
fatherr_96.npy,father,father,0.41919898986816406,joint,joint_04,4,0.0017567873001098633
fatherr_96.npy,father,father,0.41919898986816406,joint,joint_05,5,-0.000548243522644043
fatherr_96.npy,father,father,0.41919898986816406,joint,joint_06,6,0.0016594231128692627
fatherr_96.npy,father,father,0.41919898986816406,joint,joint_07,7,0.0031054019927978516
fatherr_96.npy,father,father,0.41919898986816406,joint,joint_08,8,0.000614851713180542
fatherr_96.npy,father,father,0.41919898986816406,joint,joint_09,9,2.6971101760864258e-05
fatherr_96.npy,father,father,0.41919898986816406,joint,joint_10,10,0.0008831024169921875
fatherr_96.npy,father,father,0.41919898986816406,joint,joint_11,11,-0.0003892481327056885
fatherr_96.npy,father,father,0.41919898986816406,joint,joint_12,12,0.0010717213153839111
fatherr_96.npy,father,father,0.41919898986816406,joint,joint_13,13,0.0024300813674926758
fatherr_96.npy,father,father,0.41919898986816406,joint,joint_14,14,-0.0006892681121826172
fatherr_96.npy,father,father,0.41919898986816406,joint,joint_15,15,0.001784294843673706
fatherr_96.npy,father,father,0.41919898986816406,joint,joint_16,16,-5.960464477539062e-07
fatherr_96.npy,father,father,0.41919898986816406,joint,joint_17,17,0.0009922683238983154
fatherr_96.npy,father,father,0.41919898986816406,joint,joint_18,18,0.0006269216537475586
fatherr_96.npy,father,father,0.41919898986816406,joint,joint_19,19,0.0005805492401123047
fatherr_96.npy,father,father,0.41919898986816406,joint,joint_20,20,0.002185821533203125
fatherr_96.npy,father,father,0.41919898986816406,joint,joint_21,21,4.13060188293457e-05
fatherr_96.npy,father,father,0.41919898986816406,joint,joint_22,22,4.151463508605957e-05
fatherr_96.npy,father,father,0.41919898986816406,joint,joint_23,23,-1.0579824447631836e-05
fatherr_96.npy,father,father,0.41919898986816406,joint,joint_24,24,5.990266799926758e-06
fatherr_96.npy,father,father,0.41919898986816406,joint,joint_25,25,0.00012636184692382812
fatherr_96.npy,father,father,0.41919898986816406,joint,joint_26,26,2.8014183044433594e-06
fatherr_96.npy,father,father,0.41919898986816406,joint,joint_27,27,9.298324584960938e-06
fatherr_96.npy,father,father,0.41919898986816406,joint,joint_28,28,1.150369644165039e-05
fatherr_96.npy,father,father,0.41919898986816406,joint,joint_29,29,-1.424551010131836e-05
fatherr_96.npy,father,father,0.41919898986816406,joint,joint_30,30,0.0001207888126373291
fatherr_96.npy,father,father,0.41919898986816406,joint,joint_31,31,-9.104609489440918e-05
fatherr_96.npy,father,father,0.41919898986816406,joint,joint_32,32,5.97536563873291e-05
fatherr_96.npy,father,father,0.41919898986816406,joint,joint_33,33,8.216500282287598e-05
fatherr_96.npy,father,father,0.41919898986816406,joint,joint_34,34,5.838274955749512e-05
fatherr_96.npy,father,father,0.41919898986816406,joint,joint_35,35,-8.383393287658691e-05
fatherr_96.npy,father,father,0.41919898986816406,joint,joint_36,36,1.4722347259521484e-05
fatherr_96.npy,father,father,0.41919898986816406,joint,joint_37,37,-2.4765729904174805e-05
fatherr_96.npy,father,father,0.41919898986816406,joint,joint_38,38,6.61015510559082e-05
fatherr_96.npy,father,father,0.41919898986816406,joint,joint_39,39,-2.9832124710083008e-05
fatherr_96.npy,father,father,0.41919898986816406,joint,joint_40,40,0.00010177493095397949
fatherr_96.npy,father,father,0.41919898986816406,joint,joint_41,41,-3.579258918762207e-05
fatherr_96.npy,father,father,0.41919898986816406,coordinate_axis,x,0,-0.000851750373840332
fatherr_96.npy,father,father,0.41919898986816406,coordinate_axis,y,1,0.02859020233154297
fatherr_96.npy,father,father,0.41919898986816406,coordinate_axis,z,2,0.0008223056793212891
hellorr_103.npy,hello,father,0.1004287451505661,joint,joint_00,0,0.00036459416151046753
hellorr_103.npy,hello,father,0.1004287451505661,joint,joint_01,1,-0.00013638287782669067
hellorr_103.npy,hello,father,0.1004287451505661,joint,joint_02,2,0.000478595495223999
hellorr_103.npy,hello,father,0.1004287451505661,joint,joint_03,3,0.0006602704524993896
hellorr_103.npy,hello,father,0.1004287451505661,joint,joint_04,4,-0.00016298145055770874
hellorr_103.npy,hello,father,0.1004287451505661,joint,joint_05,5,7.740408182144165e-05
hellorr_103.npy,hello,father,0.1004287451505661,joint,joint_06,6,5.961954593658447e-05
hellorr_103.npy,hello,father,0.1004287451505661,joint,joint_07,7,0.0004358813166618347
hellorr_103.npy,hello,father,0.1004287451505661,joint,joint_08,8,0.0004291832447052002
hellorr_103.npy,hello,father,0.1004287451505661,joint,joint_09,9,0.0002755001187324524
hellorr_103.npy,hello,father,0.1004287451505661,joint,joint_10,10,0.0010096058249473572
hellorr_103.npy,hello,father,0.1004287451505661,joint,joint_11,11,0.00014766305685043335
hellorr_103.npy,hello,father,0.1004287451505661,joint,joint_12,12,0.0007472038269042969
hellorr_103.npy,hello,father,0.1004287451505661,joint,joint_13,13,0.0012603774666786194
hellorr_103.npy,hello,father,0.1004287451505661,joint,joint_14,14,0.00022707879543304443
hellorr_103.npy,hello,father,0.1004287451505661,joint,joint_15,15,0.001794569194316864
hellorr_103.npy,hello,father,0.1004287451505661,joint,joint_16,16,0.002429381012916565
hellorr_103.npy,hello,father,0.1004287451505661,joint,joint_17,17,0.0014987513422966003
hellorr_103.npy,hello,father,0.1004287451505661,joint,joint_18,18,0.0004503205418586731
hellorr_103.npy,hello,father,0.1004287451505661,joint,joint_19,19,0.0003165528178215027
hellorr_103.npy,hello,father,0.1004287451505661,joint,joint_20,20,-0.000369146466255188
hellorr_103.npy,hello,father,0.1004287451505661,joint,joint_21,21,1.3984739780426025e-05
hellorr_103.npy,hello,father,0.1004287451505661,joint,joint_22,22,2.8952956199645996e-05
hellorr_103.npy,hello,father,0.1004287451505661,joint,joint_23,23,1.95428729057312e-05
hellorr_103.npy,hello,father,0.1004287451505661,joint,joint_24,24,-3.1694769859313965e-05
hellorr_103.npy,hello,father,0.1004287451505661,joint,joint_25,25,1.8104910850524902e-06
hellorr_103.npy,hello,father,0.1004287451505661,joint,joint_26,26,1.6957521438598633e-05
hellorr_103.npy,hello,father,0.1004287451505661,joint,joint_27,27,-5.771219730377197e-05
hellorr_103.npy,hello,father,0.1004287451505661,joint,joint_28,28,-8.910894393920898e-06
hellorr_103.npy,hello,father,0.1004287451505661,joint,joint_29,29,1.806020736694336e-05
hellorr_103.npy,hello,father,0.1004287451505661,joint,joint_30,30,1.3932585716247559e-05
hellorr_103.npy,hello,father,0.1004287451505661,joint,joint_31,31,2.438575029373169e-05
hellorr_103.npy,hello,father,0.1004287451505661,joint,joint_32,32,-2.7135014533996582e-05
hellorr_103.npy,hello,father,0.1004287451505661,joint,joint_33,33,3.063678741455078e-05
hellorr_103.npy,hello,father,0.1004287451505661,joint,joint_34,34,-1.0266900062561035e-05
hellorr_103.npy,hello,father,0.1004287451505661,joint,joint_35,35,2.6084482669830322e-05
hellorr_103.npy,hello,father,0.1004287451505661,joint,joint_36,36,3.188103437423706e-05
hellorr_103.npy,hello,father,0.1004287451505661,joint,joint_37,37,-2.300739288330078e-05
hellorr_103.npy,hello,father,0.1004287451505661,joint,joint_38,38,7.10710883140564e-05
hellorr_103.npy,hello,father,0.1004287451505661,joint,joint_39,39,1.5906989574432373e-05
hellorr_103.npy,hello,father,0.1004287451505661,joint,joint_40,40,-3.307312726974487e-05
hellorr_103.npy,hello,father,0.1004287451505661,joint,joint_41,41,6.633251905441284e-05
hellorr_103.npy,hello,father,0.1004287451505661,coordinate_axis,x,0,0.005823202431201935
hellorr_103.npy,hello,father,0.1004287451505661,coordinate_axis,y,1,0.005807049572467804
hellorr_103.npy,hello,father,0.1004287451505661,coordinate_axis,z,2,0.00037091225385665894
hellorr_108.npy,hello,father,0.10046446323394775,joint,joint_00,0,0.00036375969648361206
hellorr_108.npy,hello,father,0.10046446323394775,joint,joint_01,1,-0.0001363605260848999
hellorr_108.npy,hello,father,0.10046446323394775,joint,joint_02,2,0.0004931986331939697
hellorr_108.npy,hello,father,0.10046446323394775,joint,joint_03,3,0.0006680190563201904
hellorr_108.npy,hello,father,0.10046446323394775,joint,joint_04,4,-0.00015306472778320312
hellorr_108.npy,hello,father,0.10046446323394775,joint,joint_05,5,9.495764970779419e-05
hellorr_108.npy,hello,father,0.10046446323394775,joint,joint_06,6,5.833059549331665e-05
hellorr_108.npy,hello,father,0.10046446323394775,joint,joint_07,7,0.0004506111145019531
hellorr_108.npy,hello,father,0.10046446323394775,joint,joint_08,8,0.00040590763092041016
hellorr_108.npy,hello,father,0.10046446323394775,joint,joint_09,9,0.0002761855721473694
hellorr_108.npy,hello,father,0.10046446323394775,joint,joint_10,10,0.0010118857026100159
hellorr_108.npy,hello,father,0.10046446323394775,joint,joint_11,11,0.00017990916967391968
hellorr_108.npy,hello,father,0.10046446323394775,joint,joint_12,12,0.0007688254117965698
hellorr_108.npy,hello,father,0.10046446323394775,joint,joint_13,13,0.001274198293685913
hellorr_108.npy,hello,father,0.10046446323394775,joint,joint_14,14,0.0002538040280342102
hellorr_108.npy,hello,father,0.10046446323394775,joint,joint_15,15,0.0017635971307754517
hellorr_108.npy,hello,father,0.10046446323394775,joint,joint_16,16,0.002387017011642456
hellorr_108.npy,hello,father,0.10046446323394775,joint,joint_17,17,0.0014728754758834839
hellorr_108.npy,hello,father,0.10046446323394775,joint,joint_18,18,0.00044762343168258667
hellorr_108.npy,hello,father,0.10046446323394775,joint,joint_19,19,0.00031763315200805664
hellorr_108.npy,hello,father,0.10046446323394775,joint,joint_20,20,-0.0003621429204940796
hellorr_108.npy,hello,father,0.10046446323394775,joint,joint_21,21,1.3984739780426025e-05
hellorr_108.npy,hello,father,0.10046446323394775,joint,joint_22,22,2.89231538772583e-05
hellorr_108.npy,hello,father,0.10046446323394775,joint,joint_23,23,1.9505620002746582e-05
hellorr_108.npy,hello,father,0.10046446323394775,joint,joint_24,24,-3.1694769859313965e-05
hellorr_108.npy,hello,father,0.10046446323394775,joint,joint_25,25,1.862645149230957e-06
hellorr_108.npy,hello,father,0.10046446323394775,joint,joint_26,26,1.6920268535614014e-05
hellorr_108.npy,hello,father,0.10046446323394775,joint,joint_27,27,-5.7734549045562744e-05
hellorr_108.npy,hello,father,0.10046446323394775,joint,joint_28,28,-8.977949619293213e-06
hellorr_108.npy,hello,father,0.10046446323394775,joint,joint_29,29,1.8045306205749512e-05
hellorr_108.npy,hello,father,0.10046446323394775,joint,joint_30,30,1.389533281326294e-05
hellorr_108.npy,hello,father,0.10046446323394775,joint,joint_31,31,2.4355947971343994e-05
hellorr_108.npy,hello,father,0.10046446323394775,joint,joint_32,32,-2.7216970920562744e-05
hellorr_108.npy,hello,father,0.10046446323394775,joint,joint_33,33,3.063678741455078e-05
hellorr_108.npy,hello,father,0.10046446323394775,joint,joint_34,34,-1.0251998901367188e-05
hellorr_108.npy,hello,father,0.10046446323394775,joint,joint_35,35,2.6129186153411865e-05
hellorr_108.npy,hello,father,0.10046446323394775,joint,joint_36,36,3.191828727722168e-05
hellorr_108.npy,hello,father,0.10046446323394775,joint,joint_37,37,-2.2962689399719238e-05
hellorr_108.npy,hello,father,0.10046446323394775,joint,joint_38,38,7.10710883140564e-05
hellorr_108.npy,hello,father,0.10046446323394775,joint,joint_39,39,1.5817582607269287e-05
hellorr_108.npy,hello,father,0.10046446323394775,joint,joint_40,40,-3.310292959213257e-05
hellorr_108.npy,hello,father,0.10046446323394775,joint,joint_41,41,6.62878155708313e-05
hellorr_108.npy,hello,father,0.10046446323394775,coordinate_axis,x,0,0.005919791758060455
hellorr_108.npy,hello,father,0.10046446323394775,coordinate_axis,y,1,0.005759730935096741
hellorr_108.npy,hello,father,0.10046446323394775,coordinate_axis,z,2,0.00035644322633743286
hellorr_11.npy,hello,father,0.10687543451786041,joint,joint_00,0,5.848705768585205e-06
hellorr_11.npy,hello,father,0.10687543451786041,joint,joint_01,1,4.693865776062012e-06
hellorr_11.npy,hello,father,0.10687543451786041,joint,joint_02,2,0.0011099129915237427
hellorr_11.npy,hello,father,0.10687543451786041,joint,joint_03,3,0.0010741055011749268
hellorr_11.npy,hello,father,0.10687543451786041,joint,joint_04,4,0.0005168691277503967
hellorr_11.npy,hello,father,0.10687543451786041,joint,joint_05,5,0.001220017671585083
hellorr_11.npy,hello,father,0.10687543451786041,joint,joint_06,6,-0.00029430538415908813
hellorr_11.npy,hello,father,0.10687543451786041,joint,joint_07,7,0.0015668198466300964
hellorr_11.npy,hello,father,0.10687543451786041,joint,joint_08,8,-0.0013439282774925232
hellorr_11.npy,hello,father,0.10687543451786041,joint,joint_09,9,0.0006094351410865784
hellorr_11.npy,hello,father,0.10687543451786041,joint,joint_10,10,0.0016899928450584412
hellorr_11.npy,hello,father,0.10687543451786041,joint,joint_11,11,0.001259826123714447
hellorr_11.npy,hello,father,0.10687543451786041,joint,joint_12,12,0.0019134581089019775
hellorr_11.npy,hello,father,0.10687543451786041,joint,joint_13,13,0.002849392592906952
hellorr_11.npy,hello,father,0.10687543451786041,joint,joint_14,14,0.00011727958917617798
hellorr_11.npy,hello,father,0.10687543451786041,joint,joint_15,15,0.001855321228504181
hellorr_11.npy,hello,father,0.10687543451786041,joint,joint_16,16,0.0019116103649139404
hellorr_11.npy,hello,father,0.10687543451786041,joint,joint_17,17,0.0013970285654067993
hellorr_11.npy,hello,father,0.10687543451786041,joint,joint_18,18,0.0022537410259246826
hellorr_11.npy,hello,father,0.10687543451786041,joint,joint_19,19,0.0003366619348526001
hellorr_11.npy,hello,father,0.10687543451786041,joint,joint_20,20,-0.0011779740452766418
hellorr_11.npy,hello,father,0.10687543451786041,joint,joint_21,21,1.5042722225189209e-05
hellorr_11.npy,hello,father,0.10687543451786041,joint,joint_22,22,2.8796494007110596e-05
hellorr_11.npy,hello,father,0.10687543451786041,joint,joint_23,23,1.917034387588501e-05
hellorr_11.npy,hello,father,0.10687543451786041,joint,joint_24,24,-3.2708048820495605e-05
hellorr_11.npy,hello,father,0.10687543451786041,joint,joint_25,25,1.7136335372924805e-06
hellorr_11.npy,hello,father,0.10687543451786041,joint,joint_26,26,1.8574297428131104e-05
hellorr_11.npy,hello,father,0.10687543451786041,joint,joint_27,27,-6.392598152160645e-05
hellorr_11.npy,hello,father,0.10687543451786041,joint,joint_28,28,-1.0579824447631836e-05
hellorr_11.npy,hello,father,0.10687543451786041,joint,joint_29,29,1.9960105419158936e-05
hellorr_11.npy,hello,father,0.10687543451786041,joint,joint_30,30,1.150369644165039e-05
hellorr_11.npy,hello,father,0.10687543451786041,joint,joint_31,31,2.6017427444458008e-05
hellorr_11.npy,hello,father,0.10687543451786041,joint,joint_32,32,-3.0174851417541504e-05
hellorr_11.npy,hello,father,0.10687543451786041,joint,joint_33,33,3.071874380111694e-05
hellorr_11.npy,hello,father,0.10687543451786041,joint,joint_34,34,-1.1898577213287354e-05
hellorr_11.npy,hello,father,0.10687543451786041,joint,joint_35,35,2.919137477874756e-05
hellorr_11.npy,hello,father,0.10687543451786041,joint,joint_36,36,3.521144390106201e-05
hellorr_11.npy,hello,father,0.10687543451786041,joint,joint_37,37,-2.3074448108673096e-05
hellorr_11.npy,hello,father,0.10687543451786041,joint,joint_38,38,7.365643978118896e-05
hellorr_11.npy,hello,father,0.10687543451786041,joint,joint_39,39,1.548975706100464e-05
hellorr_11.npy,hello,father,0.10687543451786041,joint,joint_40,40,-3.588944673538208e-05
hellorr_11.npy,hello,father,0.10687543451786041,joint,joint_41,41,7.125735282897949e-05
hellorr_11.npy,hello,father,0.10687543451786041,coordinate_axis,x,0,0.015727780759334564
hellorr_11.npy,hello,father,0.10687543451786041,coordinate_axis,y,1,0.0023709312081336975
hellorr_11.npy,hello,father,0.10687543451786041,coordinate_axis,z,2,0.00023952871561050415
hellorr_114.npy,hello,father,0.10025481879711151,joint,joint_00,0,0.0003509446978569031
hellorr_114.npy,hello,father,0.10025481879711151,joint,joint_01,1,-0.00012620538473129272
hellorr_114.npy,hello,father,0.10025481879711151,joint,joint_02,2,0.0004858747124671936
hellorr_114.npy,hello,father,0.10025481879711151,joint,joint_03,3,0.0006295144557952881
hellorr_114.npy,hello,father,0.10025481879711151,joint,joint_04,4,-0.00010831654071807861
hellorr_114.npy,hello,father,0.10025481879711151,joint,joint_05,5,0.00011140108108520508
hellorr_114.npy,hello,father,0.10025481879711151,joint,joint_06,6,5.5320560932159424e-05
hellorr_114.npy,hello,father,0.10025481879711151,joint,joint_07,7,0.0004607290029525757
hellorr_114.npy,hello,father,0.10025481879711151,joint,joint_08,8,0.0003767237067222595
hellorr_114.npy,hello,father,0.10025481879711151,joint,joint_09,9,0.0002788454294204712
hellorr_114.npy,hello,father,0.10025481879711151,joint,joint_10,10,0.0009815394878387451
hellorr_114.npy,hello,father,0.10025481879711151,joint,joint_11,11,0.00018146634101867676
hellorr_114.npy,hello,father,0.10025481879711151,joint,joint_12,12,0.000734277069568634
hellorr_114.npy,hello,father,0.10025481879711151,joint,joint_13,13,0.001263245940208435
hellorr_114.npy,hello,father,0.10025481879711151,joint,joint_14,14,0.0002483576536178589
hellorr_114.npy,hello,father,0.10025481879711151,joint,joint_15,15,0.0016969218850135803
hellorr_114.npy,hello,father,0.10025481879711151,joint,joint_16,16,0.0023225024342536926
hellorr_114.npy,hello,father,0.10025481879711151,joint,joint_17,17,0.0014164373278617859
hellorr_114.npy,hello,father,0.10025481879711151,joint,joint_18,18,0.00047876685857772827
hellorr_114.npy,hello,father,0.10025481879711151,joint,joint_19,19,0.00031591206789016724
hellorr_114.npy,hello,father,0.10025481879711151,joint,joint_20,20,-0.00035431236028671265
hellorr_114.npy,hello,father,0.10025481879711151,joint,joint_21,21,1.3865530490875244e-05
hellorr_114.npy,hello,father,0.10025481879711151,joint,joint_22,22,2.8789043426513672e-05
hellorr_114.npy,hello,father,0.10025481879711151,joint,joint_23,23,1.9565224647521973e-05
hellorr_114.npy,hello,father,0.10025481879711151,joint,joint_24,24,-3.1851232051849365e-05
hellorr_114.npy,hello,father,0.10025481879711151,joint,joint_25,25,1.6838312149047852e-06
hellorr_114.npy,hello,father,0.10025481879711151,joint,joint_26,26,1.6927719116210938e-05
hellorr_114.npy,hello,father,0.10025481879711151,joint,joint_27,27,-5.7578086853027344e-05
hellorr_114.npy,hello,father,0.10025481879711151,joint,joint_28,28,-8.77678394317627e-06
hellorr_114.npy,hello,father,0.10025481879711151,joint,joint_29,29,1.800060272216797e-05
hellorr_114.npy,hello,father,0.10025481879711151,joint,joint_30,30,1.3813376426696777e-05
hellorr_114.npy,hello,father,0.10025481879711151,joint,joint_31,31,2.4065375328063965e-05
hellorr_114.npy,hello,father,0.10025481879711151,joint,joint_32,32,-2.728402614593506e-05
hellorr_114.npy,hello,father,0.10025481879711151,joint,joint_33,33,3.0413269996643066e-05
hellorr_114.npy,hello,father,0.10025481879711151,joint,joint_34,34,-1.017749309539795e-05
hellorr_114.npy,hello,father,0.10025481879711151,joint,joint_35,35,2.588331699371338e-05
hellorr_114.npy,hello,father,0.10025481879711151,joint,joint_36,36,3.184378147125244e-05
hellorr_114.npy,hello,father,0.10025481879711151,joint,joint_37,37,-2.291053533554077e-05
hellorr_114.npy,hello,father,0.10025481879711151,joint,joint_38,38,7.095187902450562e-05
hellorr_114.npy,hello,father,0.10025481879711151,joint,joint_39,39,1.5713274478912354e-05
hellorr_114.npy,hello,father,0.10025481879711151,joint,joint_40,40,-3.302842378616333e-05
hellorr_114.npy,hello,father,0.10025481879711151,joint,joint_41,41,6.62878155708313e-05
hellorr_114.npy,hello,father,0.10025481879711151,coordinate_axis,x,0,0.005884021520614624
hellorr_114.npy,hello,father,0.10025481879711151,coordinate_axis,y,1,0.005517713725566864
hellorr_114.npy,hello,father,0.10025481879711151,coordinate_axis,z,2,0.0004119873046875
hellorr_117.npy,hello,father,0.10101910680532455,joint,joint_00,0,0.0003648921847343445
hellorr_117.npy,hello,father,0.10101910680532455,joint,joint_01,1,-0.0001404285430908203
hellorr_117.npy,hello,father,0.10101910680532455,joint,joint_02,2,0.0005328506231307983
hellorr_117.npy,hello,father,0.10101910680532455,joint,joint_03,3,0.0007334351539611816
hellorr_117.npy,hello,father,0.10101910680532455,joint,joint_04,4,-0.0001537427306175232
hellorr_117.npy,hello,father,0.10101910680532455,joint,joint_05,5,0.00011773407459259033
hellorr_117.npy,hello,father,0.10101910680532455,joint,joint_06,6,5.201995372772217e-05
hellorr_117.npy,hello,father,0.10101910680532455,joint,joint_07,7,0.000522024929523468
hellorr_117.npy,hello,father,0.10101910680532455,joint,joint_08,8,0.0003693774342536926
hellorr_117.npy,hello,father,0.10101910680532455,joint,joint_09,9,0.0003031790256500244
hellorr_117.npy,hello,father,0.10101910680532455,joint,joint_10,10,0.001079954206943512
hellorr_117.npy,hello,father,0.10101910680532455,joint,joint_11,11,0.00021635740995407104
hellorr_117.npy,hello,father,0.10101910680532455,joint,joint_12,12,0.0008186101913452148
hellorr_117.npy,hello,father,0.10101910680532455,joint,joint_13,13,0.0013705641031265259
hellorr_117.npy,hello,father,0.10101910680532455,joint,joint_14,14,0.00024815648794174194
hellorr_117.npy,hello,father,0.10101910680532455,joint,joint_15,15,0.0018118992447853088
hellorr_117.npy,hello,father,0.10101910680532455,joint,joint_16,16,0.0024350881576538086
hellorr_117.npy,hello,father,0.10101910680532455,joint,joint_17,17,0.0015003308653831482
hellorr_117.npy,hello,father,0.10101910680532455,joint,joint_18,18,0.0005496665835380554
hellorr_117.npy,hello,father,0.10101910680532455,joint,joint_19,19,0.00032961368560791016
hellorr_117.npy,hello,father,0.10101910680532455,joint,joint_20,20,-0.00040822476148605347
hellorr_117.npy,hello,father,0.10101910680532455,joint,joint_21,21,1.399219036102295e-05
hellorr_117.npy,hello,father,0.10101910680532455,joint,joint_22,22,2.899765968322754e-05
hellorr_117.npy,hello,father,0.10101910680532455,joint,joint_23,23,1.9550323486328125e-05
hellorr_117.npy,hello,father,0.10101910680532455,joint,joint_24,24,-3.199279308319092e-05
hellorr_117.npy,hello,father,0.10101910680532455,joint,joint_25,25,1.6987323760986328e-06
hellorr_117.npy,hello,father,0.10101910680532455,joint,joint_26,26,1.70096755027771e-05
hellorr_117.npy,hello,father,0.10101910680532455,joint,joint_27,27,-5.813688039779663e-05
hellorr_117.npy,hello,father,0.10101910680532455,joint,joint_28,28,-9.045004844665527e-06
hellorr_117.npy,hello,father,0.10101910680532455,joint,joint_29,29,1.8209218978881836e-05
hellorr_117.npy,hello,father,0.10101910680532455,joint,joint_30,30,1.385807991027832e-05
hellorr_117.npy,hello,father,0.10101910680532455,joint,joint_31,31,2.457946538925171e-05
hellorr_117.npy,hello,father,0.10101910680532455,joint,joint_32,32,-2.7358531951904297e-05
hellorr_117.npy,hello,father,0.10101910680532455,joint,joint_33,33,3.071129322052002e-05
hellorr_117.npy,hello,father,0.10101910680532455,joint,joint_34,34,-1.043081283569336e-05
hellorr_117.npy,hello,father,0.10101910680532455,joint,joint_35,35,2.625584602355957e-05
hellorr_117.npy,hello,father,0.10101910680532455,joint,joint_36,36,3.203749656677246e-05
hellorr_117.npy,hello,father,0.10101910680532455,joint,joint_37,37,-2.3089349269866943e-05
hellorr_117.npy,hello,father,0.10101910680532455,joint,joint_38,38,7.141381502151489e-05
hellorr_117.npy,hello,father,0.10101910680532455,joint,joint_39,39,1.592189073562622e-05
hellorr_117.npy,hello,father,0.10101910680532455,joint,joint_40,40,-3.332644701004028e-05
hellorr_117.npy,hello,father,0.10101910680532455,joint,joint_41,41,6.668269634246826e-05
hellorr_117.npy,hello,father,0.10101910680532455,coordinate_axis,x,0,0.0064664557576179504
hellorr_117.npy,hello,father,0.10101910680532455,coordinate_axis,y,1,0.005767501890659332
hellorr_117.npy,hello,father,0.10101910680532455,coordinate_axis,z,2,0.0004079192876815796
hellorr_122.npy,hello,father,0.10087880492210388,joint,joint_00,0,0.0003593266010284424
hellorr_122.npy,hello,father,0.10087880492210388,joint,joint_01,1,-0.00013813376426696777
hellorr_122.npy,hello,father,0.10087880492210388,joint,joint_02,2,0.0005170479416847229
hellorr_122.npy,hello,father,0.10087880492210388,joint,joint_03,3,0.0006770938634872437
hellorr_122.npy,hello,father,0.10087880492210388,joint,joint_04,4,-0.00012711435556411743
hellorr_122.npy,hello,father,0.10087880492210388,joint,joint_05,5,0.00012227892875671387
hellorr_122.npy,hello,father,0.10087880492210388,joint,joint_06,6,4.7013163566589355e-05
hellorr_122.npy,hello,father,0.10087880492210388,joint,joint_07,7,0.0005149692296981812
hellorr_122.npy,hello,father,0.10087880492210388,joint,joint_08,8,0.000375501811504364
hellorr_122.npy,hello,father,0.10087880492210388,joint,joint_09,9,0.0003005117177963257
hellorr_122.npy,hello,father,0.10087880492210388,joint,joint_10,10,0.0010731518268585205
hellorr_122.npy,hello,father,0.10087880492210388,joint,joint_11,11,0.00020728260278701782
hellorr_122.npy,hello,father,0.10087880492210388,joint,joint_12,12,0.0008008405566215515
hellorr_122.npy,hello,father,0.10087880492210388,joint,joint_13,13,0.0013502538204193115
hellorr_122.npy,hello,father,0.10087880492210388,joint,joint_14,14,0.000246681272983551
hellorr_122.npy,hello,father,0.10087880492210388,joint,joint_15,15,0.0017908960580825806
hellorr_122.npy,hello,father,0.10087880492210388,joint,joint_16,16,0.0024236515164375305
hellorr_122.npy,hello,father,0.10087880492210388,joint,joint_17,17,0.0014659985899925232
hellorr_122.npy,hello,father,0.10087880492210388,joint,joint_18,18,0.0005501434206962585
hellorr_122.npy,hello,father,0.10087880492210388,joint,joint_19,19,0.00032773613929748535
hellorr_122.npy,hello,father,0.10087880492210388,joint,joint_20,20,-0.00039487332105636597
hellorr_122.npy,hello,father,0.10087880492210388,joint,joint_21,21,1.3984739780426025e-05
hellorr_122.npy,hello,father,0.10087880492210388,joint,joint_22,22,2.8945505619049072e-05
hellorr_122.npy,hello,father,0.10087880492210388,joint,joint_23,23,1.952052116394043e-05
hellorr_122.npy,hello,father,0.10087880492210388,joint,joint_24,24,-3.190338611602783e-05
hellorr_122.npy,hello,father,0.10087880492210388,joint,joint_25,25,1.646578311920166e-06
hellorr_122.npy,hello,father,0.10087880492210388,joint,joint_26,26,1.693516969680786e-05
hellorr_122.npy,hello,father,0.10087880492210388,joint,joint_27,27,-5.8025121688842773e-05
hellorr_122.npy,hello,father,0.10087880492210388,joint,joint_28,28,-9.052455425262451e-06
hellorr_122.npy,hello,father,0.10087880492210388,joint,joint_29,29,1.8171966075897217e-05
hellorr_122.npy,hello,father,0.10087880492210388,joint,joint_30,30,1.385807991027832e-05
hellorr_122.npy,hello,father,0.10087880492210388,joint,joint_31,31,2.454221248626709e-05
hellorr_122.npy,hello,father,0.10087880492210388,joint,joint_32,32,-2.7373433113098145e-05
hellorr_122.npy,hello,father,0.10087880492210388,joint,joint_33,33,3.065168857574463e-05
hellorr_122.npy,hello,father,0.10087880492210388,joint,joint_34,34,-1.0363757610321045e-05
hellorr_122.npy,hello,father,0.10087880492210388,joint,joint_35,35,2.6203691959381104e-05
hellorr_122.npy,hello,father,0.10087880492210388,joint,joint_36,36,3.196299076080322e-05
hellorr_122.npy,hello,father,0.10087880492210388,joint,joint_37,37,-2.3059546947479248e-05
hellorr_122.npy,hello,father,0.10087880492210388,joint,joint_38,38,7.129460573196411e-05
hellorr_122.npy,hello,father,0.10087880492210388,joint,joint_39,39,1.5988945960998535e-05
hellorr_122.npy,hello,father,0.10087880492210388,joint,joint_40,40,-3.329664468765259e-05
hellorr_122.npy,hello,father,0.10087880492210388,joint,joint_41,41,6.66305422782898e-05
hellorr_122.npy,hello,father,0.10087880492210388,coordinate_axis,x,0,0.006363861262798309
hellorr_122.npy,hello,father,0.10087880492210388,coordinate_axis,y,1,0.0057063028216362
hellorr_122.npy,hello,father,0.10087880492210388,coordinate_axis,z,2,0.00042010843753814697
hellorr_126.npy,hello,father,0.10071178525686264,joint,joint_00,0,0.00036262720823287964
hellorr_126.npy,hello,father,0.10071178525686264,joint,joint_01,1,-0.0001384839415550232
hellorr_126.npy,hello,father,0.10071178525686264,joint,joint_02,2,0.0005132928490638733
hellorr_126.npy,hello,father,0.10071178525686264,joint,joint_03,3,0.0006406679749488831
hellorr_126.npy,hello,father,0.10071178525686264,joint,joint_04,4,-0.00012868642807006836
hellorr_126.npy,hello,father,0.10071178525686264,joint,joint_05,5,0.00013075768947601318
hellorr_126.npy,hello,father,0.10071178525686264,joint,joint_06,6,4.515796899795532e-05
hellorr_126.npy,hello,father,0.10071178525686264,joint,joint_07,7,0.0005011633038520813
hellorr_126.npy,hello,father,0.10071178525686264,joint,joint_08,8,0.0003816336393356323
hellorr_126.npy,hello,father,0.10071178525686264,joint,joint_09,9,0.0002969205379486084
hellorr_126.npy,hello,father,0.10071178525686264,joint,joint_10,10,0.0010531023144721985
hellorr_126.npy,hello,father,0.10071178525686264,joint,joint_11,11,0.0002006441354751587
hellorr_126.npy,hello,father,0.10071178525686264,joint,joint_12,12,0.0007772818207740784
hellorr_126.npy,hello,father,0.10071178525686264,joint,joint_13,13,0.001341700553894043
hellorr_126.npy,hello,father,0.10071178525686264,joint,joint_14,14,0.0002426058053970337
hellorr_126.npy,hello,father,0.10071178525686264,joint,joint_15,15,0.0017562508583068848
hellorr_126.npy,hello,father,0.10071178525686264,joint,joint_16,16,0.0023865997791290283
hellorr_126.npy,hello,father,0.10071178525686264,joint,joint_17,17,0.001456335186958313
hellorr_126.npy,hello,father,0.10071178525686264,joint,joint_18,18,0.0005439221858978271
hellorr_126.npy,hello,father,0.10071178525686264,joint,joint_19,19,0.00032457709312438965
hellorr_126.npy,hello,father,0.10071178525686264,joint,joint_20,20,-0.00038351118564605713
hellorr_126.npy,hello,father,0.10071178525686264,joint,joint_21,21,1.3999640941619873e-05
hellorr_126.npy,hello,father,0.10071178525686264,joint,joint_22,22,2.8915703296661377e-05
hellorr_126.npy,hello,father,0.10071178525686264,joint,joint_23,23,1.9602477550506592e-05
hellorr_126.npy,hello,father,0.10071178525686264,joint,joint_24,24,-3.185868263244629e-05
hellorr_126.npy,hello,father,0.10071178525686264,joint,joint_25,25,1.601874828338623e-06
hellorr_126.npy,hello,father,0.10071178525686264,joint,joint_26,26,1.704692840576172e-05
hellorr_126.npy,hello,father,0.10071178525686264,joint,joint_27,27,-5.782395601272583e-05
hellorr_126.npy,hello,father,0.10071178525686264,joint,joint_28,28,-8.83638858795166e-06
hellorr_126.npy,hello,father,0.10071178525686264,joint,joint_29,29,1.8164515495300293e-05
hellorr_126.npy,hello,father,0.10071178525686264,joint,joint_30,30,1.3820827007293701e-05
hellorr_126.npy,hello,father,0.10071178525686264,joint,joint_31,31,2.4646520614624023e-05
hellorr_126.npy,hello,father,0.10071178525686264,joint,joint_32,32,-2.736598253250122e-05
hellorr_126.npy,hello,father,0.10071178525686264,joint,joint_33,33,3.057718276977539e-05
hellorr_126.npy,hello,father,0.10071178525686264,joint,joint_34,34,-1.0244548320770264e-05
hellorr_126.npy,hello,father,0.10071178525686264,joint,joint_35,35,2.6114284992218018e-05
hellorr_126.npy,hello,father,0.10071178525686264,joint,joint_36,36,3.196299076080322e-05
hellorr_126.npy,hello,father,0.10071178525686264,joint,joint_37,37,-2.30446457862854e-05
hellorr_126.npy,hello,father,0.10071178525686264,joint,joint_38,38,7.124990224838257e-05
hellorr_126.npy,hello,father,0.10071178525686264,joint,joint_39,39,1.607835292816162e-05
hellorr_126.npy,hello,father,0.10071178525686264,joint,joint_40,40,-3.3229589462280273e-05
hellorr_126.npy,hello,father,0.10071178525686264,joint,joint_41,41,6.659328937530518e-05
hellorr_126.npy,hello,father,0.10071178525686264,coordinate_axis,x,0,0.006282314658164978
hellorr_126.npy,hello,father,0.10071178525686264,coordinate_axis,y,1,0.0056078433990478516
hellorr_126.npy,hello,father,0.10071178525686264,coordinate_axis,z,2,0.0004182383418083191
hellorr_127.npy,hello,father,0.10104665905237198,joint,joint_00,0,0.0003675296902656555
hellorr_127.npy,hello,father,0.10104665905237198,joint,joint_01,1,-0.00014209747314453125
hellorr_127.npy,hello,father,0.10104665905237198,joint,joint_02,2,0.0005226880311965942
hellorr_127.npy,hello,father,0.10104665905237198,joint,joint_03,3,0.0006711259484291077
hellorr_127.npy,hello,father,0.10104665905237198,joint,joint_04,4,-0.0001340806484222412
hellorr_127.npy,hello,father,0.10104665905237198,joint,joint_05,5,0.00012370198965072632
hellorr_127.npy,hello,father,0.10104665905237198,joint,joint_06,6,5.289912223815918e-05
hellorr_127.npy,hello,father,0.10104665905237198,joint,joint_07,7,0.000522710382938385
hellorr_127.npy,hello,father,0.10104665905237198,joint,joint_08,8,0.0003869384527206421
hellorr_127.npy,hello,father,0.10104665905237198,joint,joint_09,9,0.0003028362989425659
hellorr_127.npy,hello,father,0.10104665905237198,joint,joint_10,10,0.0010928437113761902
hellorr_127.npy,hello,father,0.10104665905237198,joint,joint_11,11,0.00021502375602722168
hellorr_127.npy,hello,father,0.10104665905237198,joint,joint_12,12,0.0008207932114601135
hellorr_127.npy,hello,father,0.10104665905237198,joint,joint_13,13,0.0013762563467025757
hellorr_127.npy,hello,father,0.10104665905237198,joint,joint_14,14,0.0002525448799133301
hellorr_127.npy,hello,father,0.10104665905237198,joint,joint_15,15,0.0018192380666732788
hellorr_127.npy,hello,father,0.10104665905237198,joint,joint_16,16,0.0024538636207580566
hellorr_127.npy,hello,father,0.10104665905237198,joint,joint_17,17,0.0014991611242294312
hellorr_127.npy,hello,father,0.10104665905237198,joint,joint_18,18,0.0005459114909172058
hellorr_127.npy,hello,father,0.10104665905237198,joint,joint_19,19,0.000334128737449646
hellorr_127.npy,hello,father,0.10104665905237198,joint,joint_20,20,-0.0004021450877189636
hellorr_127.npy,hello,father,0.10104665905237198,joint,joint_21,21,1.401454210281372e-05
hellorr_127.npy,hello,father,0.10104665905237198,joint,joint_22,22,2.9005110263824463e-05
hellorr_127.npy,hello,father,0.10104665905237198,joint,joint_23,23,1.958012580871582e-05
hellorr_127.npy,hello,father,0.10104665905237198,joint,joint_24,24,-3.1970441341400146e-05
hellorr_127.npy,hello,father,0.10104665905237198,joint,joint_25,25,1.735985279083252e-06
hellorr_127.npy,hello,father,0.10104665905237198,joint,joint_26,26,1.7017126083374023e-05
hellorr_127.npy,hello,father,0.10104665905237198,joint,joint_27,27,-5.81890344619751e-05
hellorr_127.npy,hello,father,0.10104665905237198,joint,joint_28,28,-9.03010368347168e-06
hellorr_127.npy,hello,father,0.10104665905237198,joint,joint_29,29,1.823902130126953e-05
hellorr_127.npy,hello,father,0.10104665905237198,joint,joint_30,30,1.3865530490875244e-05
hellorr_127.npy,hello,father,0.10104665905237198,joint,joint_31,31,2.460181713104248e-05
hellorr_127.npy,hello,father,0.10104665905237198,joint,joint_32,32,-2.736598253250122e-05
hellorr_127.npy,hello,father,0.10104665905237198,joint,joint_33,33,3.071129322052002e-05
hellorr_127.npy,hello,father,0.10104665905237198,joint,joint_34,34,-1.0475516319274902e-05
hellorr_127.npy,hello,father,0.10104665905237198,joint,joint_35,35,2.6263296604156494e-05
hellorr_127.npy,hello,father,0.10104665905237198,joint,joint_36,36,3.2104551792144775e-05
hellorr_127.npy,hello,father,0.10104665905237198,joint,joint_37,37,-2.3074448108673096e-05
hellorr_127.npy,hello,father,0.10104665905237198,joint,joint_38,38,7.142871618270874e-05
hellorr_127.npy,hello,father,0.10104665905237198,joint,joint_39,39,1.5974044799804688e-05
hellorr_127.npy,hello,father,0.10104665905237198,joint,joint_40,40,-3.3371150493621826e-05
hellorr_127.npy,hello,father,0.10104665905237198,joint,joint_41,41,6.67572021484375e-05
hellorr_127.npy,hello,father,0.10104665905237198,coordinate_axis,x,0,0.006451040506362915
hellorr_127.npy,hello,father,0.10104665905237198,coordinate_axis,y,1,0.005817778408527374
hellorr_127.npy,hello,father,0.10104665905237198,coordinate_axis,z,2,0.0004014894366264343
hellorr_137.npy,hello,father,0.10173878073692322,joint,joint_00,0,0.0003849118947982788
hellorr_137.npy,hello,father,0.10173878073692322,joint,joint_01,1,-0.0001585260033607483
hellorr_137.npy,hello,father,0.10173878073692322,joint,joint_02,2,0.0006052330136299133
hellorr_137.npy,hello,father,0.10173878073692322,joint,joint_03,3,0.0007795393466949463
hellorr_137.npy,hello,father,0.10173878073692322,joint,joint_04,4,-0.00021269172430038452
hellorr_137.npy,hello,father,0.10173878073692322,joint,joint_05,5,0.0001968294382095337
hellorr_137.npy,hello,father,0.10173878073692322,joint,joint_06,6,2.9005110263824463e-05
hellorr_137.npy,hello,father,0.10173878073692322,joint,joint_07,7,0.0005625486373901367
hellorr_137.npy,hello,father,0.10173878073692322,joint,joint_08,8,0.00032258033752441406
hellorr_137.npy,hello,father,0.10173878073692322,joint,joint_09,9,0.00032411515712738037
hellorr_137.npy,hello,father,0.10173878073692322,joint,joint_10,10,0.0011748746037483215
hellorr_137.npy,hello,father,0.10173878073692322,joint,joint_11,11,0.0002722218632698059
hellorr_137.npy,hello,father,0.10173878073692322,joint,joint_12,12,0.0009129494428634644
hellorr_137.npy,hello,father,0.10173878073692322,joint,joint_13,13,0.001515217125415802
hellorr_137.npy,hello,father,0.10173878073692322,joint,joint_14,14,0.00024677813053131104
hellorr_137.npy,hello,father,0.10173878073692322,joint,joint_15,15,0.0018966197967529297
hellorr_137.npy,hello,father,0.10173878073692322,joint,joint_16,16,0.002500079572200775
hellorr_137.npy,hello,father,0.10173878073692322,joint,joint_17,17,0.0016035065054893494
hellorr_137.npy,hello,father,0.10173878073692322,joint,joint_18,18,0.0005922764539718628
hellorr_137.npy,hello,father,0.10173878073692322,joint,joint_19,19,0.00033983588218688965
hellorr_137.npy,hello,father,0.10173878073692322,joint,joint_20,20,-0.00043673813343048096
hellorr_137.npy,hello,father,0.10173878073692322,joint,joint_21,21,1.4282763004302979e-05
hellorr_137.npy,hello,father,0.10173878073692322,joint,joint_22,22,2.9139220714569092e-05
hellorr_137.npy,hello,father,0.10173878073692322,joint,joint_23,23,1.9513070583343506e-05
hellorr_137.npy,hello,father,0.10173878073692322,joint,joint_24,24,-3.208965063095093e-05
hellorr_137.npy,hello,father,0.10173878073692322,joint,joint_25,25,1.8551945686340332e-06
hellorr_137.npy,hello,father,0.10173878073692322,joint,joint_26,26,1.718848943710327e-05
hellorr_137.npy,hello,father,0.10173878073692322,joint,joint_27,27,-5.8747828006744385e-05
hellorr_137.npy,hello,father,0.10173878073692322,joint,joint_28,28,-9.201467037200928e-06
hellorr_137.npy,hello,father,0.10173878073692322,joint,joint_29,29,1.8402934074401855e-05
hellorr_137.npy,hello,father,0.10173878073692322,joint,joint_30,30,1.3932585716247559e-05
hellorr_137.npy,hello,father,0.10173878073692322,joint,joint_31,31,2.4780631065368652e-05
hellorr_137.npy,hello,father,0.10173878073692322,joint,joint_32,32,-2.771615982055664e-05
hellorr_137.npy,hello,father,0.10173878073692322,joint,joint_33,33,3.084540367126465e-05
hellorr_137.npy,hello,father,0.10173878073692322,joint,joint_34,34,-1.0482966899871826e-05
hellorr_137.npy,hello,father,0.10173878073692322,joint,joint_35,35,2.6598572731018066e-05
hellorr_137.npy,hello,father,0.10173878073692322,joint,joint_36,36,3.246963024139404e-05
hellorr_137.npy,hello,father,0.10173878073692322,joint,joint_37,37,-2.3312866687774658e-05
hellorr_137.npy,hello,father,0.10173878073692322,joint,joint_38,38,7.187575101852417e-05
hellorr_137.npy,hello,father,0.10173878073692322,joint,joint_39,39,1.5951693058013916e-05
hellorr_137.npy,hello,father,0.10173878073692322,joint,joint_40,40,-3.353506326675415e-05
hellorr_137.npy,hello,father,0.10173878073692322,joint,joint_41,41,6.701052188873291e-05
hellorr_137.npy,hello,father,0.10173878073692322,coordinate_axis,x,0,0.007185772061347961
hellorr_137.npy,hello,father,0.10173878073692322,coordinate_axis,y,1,0.005992285907268524
hellorr_137.npy,hello,father,0.10173878073692322,coordinate_axis,z,2,0.00022363662719726562
hellorr_146.npy,hello,father,0.10241971909999847,joint,joint_00,0,0.00036954134702682495
hellorr_146.npy,hello,father,0.10241971909999847,joint,joint_01,1,-0.00016779452562332153
hellorr_146.npy,hello,father,0.10241971909999847,joint,joint_02,2,0.0006517469882965088
hellorr_146.npy,hello,father,0.10241971909999847,joint,joint_03,3,0.0008757263422012329
hellorr_146.npy,hello,father,0.10241971909999847,joint,joint_04,4,-0.0002916306257247925
hellorr_146.npy,hello,father,0.10241971909999847,joint,joint_05,5,0.0003143101930618286
hellorr_146.npy,hello,father,0.10241971909999847,joint,joint_06,6,-1.7620623111724854e-05
hellorr_146.npy,hello,father,0.10241971909999847,joint,joint_07,7,0.0007142201066017151
hellorr_146.npy,hello,father,0.10241971909999847,joint,joint_08,8,0.00010508298873901367
hellorr_146.npy,hello,father,0.10241971909999847,joint,joint_09,9,0.0003496110439300537
hellorr_146.npy,hello,father,0.10241971909999847,joint,joint_10,10,0.0012882500886917114
hellorr_146.npy,hello,father,0.10241971909999847,joint,joint_11,11,0.0004136785864830017
hellorr_146.npy,hello,father,0.10241971909999847,joint,joint_12,12,0.0011521652340888977
hellorr_146.npy,hello,father,0.10241971909999847,joint,joint_13,13,0.0016909241676330566
hellorr_146.npy,hello,father,0.10241971909999847,joint,joint_14,14,0.00019034743309020996
hellorr_146.npy,hello,father,0.10241971909999847,joint,joint_15,15,0.001946382224559784
hellorr_146.npy,hello,father,0.10241971909999847,joint,joint_16,16,0.0024009421467781067
hellorr_146.npy,hello,father,0.10241971909999847,joint,joint_17,17,0.0016675740480422974
hellorr_146.npy,hello,father,0.10241971909999847,joint,joint_18,18,0.0007884278893470764
hellorr_146.npy,hello,father,0.10241971909999847,joint,joint_19,19,0.0003191456198692322
hellorr_146.npy,hello,father,0.10241971909999847,joint,joint_20,20,-0.0005594342947006226
hellorr_146.npy,hello,father,0.10241971909999847,joint,joint_21,21,1.4409422874450684e-05
hellorr_146.npy,hello,father,0.10241971909999847,joint,joint_22,22,2.8796494007110596e-05
hellorr_146.npy,hello,father,0.10241971909999847,joint,joint_23,23,1.944601535797119e-05
hellorr_146.npy,hello,father,0.10241971909999847,joint,joint_24,24,-3.2432377338409424e-05
hellorr_146.npy,hello,father,0.10241971909999847,joint,joint_25,25,1.7136335372924805e-06
hellorr_146.npy,hello,father,0.10241971909999847,joint,joint_26,26,1.7821788787841797e-05
hellorr_146.npy,hello,father,0.10241971909999847,joint,joint_27,27,-5.88148832321167e-05
hellorr_146.npy,hello,father,0.10241971909999847,joint,joint_28,28,-9.2238187789917e-06
hellorr_146.npy,hello,father,0.10241971909999847,joint,joint_29,29,1.8537044525146484e-05
hellorr_146.npy,hello,father,0.10241971909999847,joint,joint_30,30,1.3493001461029053e-05
hellorr_146.npy,hello,father,0.10241971909999847,joint,joint_31,31,2.440810203552246e-05
hellorr_146.npy,hello,father,0.10241971909999847,joint,joint_32,32,-2.8498470783233643e-05
hellorr_146.npy,hello,father,0.10241971909999847,joint,joint_33,33,3.0763447284698486e-05
hellorr_146.npy,hello,father,0.10241971909999847,joint,joint_34,34,-1.058727502822876e-05
hellorr_146.npy,hello,father,0.10241971909999847,joint,joint_35,35,2.693384885787964e-05
hellorr_146.npy,hello,father,0.10241971909999847,joint,joint_36,36,3.2708048820495605e-05
hellorr_146.npy,hello,father,0.10241971909999847,joint,joint_37,37,-2.3223459720611572e-05
hellorr_146.npy,hello,father,0.10241971909999847,joint,joint_38,38,7.207691669464111e-05
hellorr_146.npy,hello,father,0.10241971909999847,joint,joint_39,39,1.5735626220703125e-05
hellorr_146.npy,hello,father,0.10241971909999847,joint,joint_40,40,-3.349035978317261e-05
hellorr_146.npy,hello,father,0.10241971909999847,joint,joint_41,41,6.784498691558838e-05
hellorr_146.npy,hello,father,0.10241971909999847,coordinate_axis,x,0,0.008390001952648163
hellorr_146.npy,hello,father,0.10241971909999847,coordinate_axis,y,1,0.005703352391719818
hellorr_146.npy,hello,father,0.10241971909999847,coordinate_axis,z,2,5.27501106262207e-06
hellorr_147.npy,hello,father,0.10212616622447968,joint,joint_00,0,0.00038067251443862915
hellorr_147.npy,hello,father,0.10212616622447968,joint,joint_01,1,-0.00017132610082626343
hellorr_147.npy,hello,father,0.10212616622447968,joint,joint_02,2,0.0006677210330963135
hellorr_147.npy,hello,father,0.10212616622447968,joint,joint_03,3,0.0008821487426757812
hellorr_147.npy,hello,father,0.10212616622447968,joint,joint_04,4,-0.0002570152282714844
hellorr_147.npy,hello,father,0.10212616622447968,joint,joint_05,5,0.00033152103424072266
hellorr_147.npy,hello,father,0.10212616622447968,joint,joint_06,6,-3.768503665924072e-05
hellorr_147.npy,hello,father,0.10212616622447968,joint,joint_07,7,0.0007369741797447205
hellorr_147.npy,hello,father,0.10212616622447968,joint,joint_08,8,-4.579126834869385e-05
hellorr_147.npy,hello,father,0.10212616622447968,joint,joint_09,9,0.00035118311643600464
hellorr_147.npy,hello,father,0.10212616622447968,joint,joint_10,10,0.00125151127576828
hellorr_147.npy,hello,father,0.10212616622447968,joint,joint_11,11,0.0004687681794166565
hellorr_147.npy,hello,father,0.10212616622447968,joint,joint_12,12,0.0011339113116264343
hellorr_147.npy,hello,father,0.10212616622447968,joint,joint_13,13,0.001687265932559967
hellorr_147.npy,hello,father,0.10212616622447968,joint,joint_14,14,0.00020632892847061157
hellorr_147.npy,hello,father,0.10212616622447968,joint,joint_15,15,0.0018560290336608887
hellorr_147.npy,hello,father,0.10212616622447968,joint,joint_16,16,0.002231888473033905
hellorr_147.npy,hello,father,0.10212616622447968,joint,joint_17,17,0.0016489848494529724
hellorr_147.npy,hello,father,0.10212616622447968,joint,joint_18,18,0.0008051842451095581
hellorr_147.npy,hello,father,0.10212616622447968,joint,joint_19,19,0.0003149658441543579
hellorr_147.npy,hello,father,0.10212616622447968,joint,joint_20,20,-0.0005845725536346436
hellorr_147.npy,hello,father,0.10212616622447968,joint,joint_21,21,1.4409422874450684e-05
hellorr_147.npy,hello,father,0.10212616622447968,joint,joint_22,22,2.8699636459350586e-05
hellorr_147.npy,hello,father,0.10212616622447968,joint,joint_23,23,1.942366361618042e-05
hellorr_147.npy,hello,father,0.10212616622447968,joint,joint_24,24,-3.225356340408325e-05
hellorr_147.npy,hello,father,0.10212616622447968,joint,joint_25,25,1.6242265701293945e-06
hellorr_147.npy,hello,father,0.10212616622447968,joint,joint_26,26,1.7762184143066406e-05
hellorr_147.npy,hello,father,0.10212616622447968,joint,joint_27,27,-5.860626697540283e-05
hellorr_147.npy,hello,father,0.10212616622447968,joint,joint_28,28,-9.24617052078247e-06
hellorr_147.npy,hello,father,0.10212616622447968,joint,joint_29,29,1.852959394454956e-05
hellorr_147.npy,hello,father,0.10212616622447968,joint,joint_30,30,1.3373792171478271e-05
hellorr_147.npy,hello,father,0.10212616622447968,joint,joint_31,31,2.4378299713134766e-05
hellorr_147.npy,hello,father,0.10212616622447968,joint,joint_32,32,-2.837926149368286e-05
hellorr_147.npy,hello,father,0.10212616622447968,joint,joint_33,33,3.071874380111694e-05
hellorr_147.npy,hello,father,0.10212616622447968,joint,joint_34,34,-1.0564923286437988e-05
hellorr_147.npy,hello,father,0.10212616622447968,joint,joint_35,35,2.6866793632507324e-05
hellorr_147.npy,hello,father,0.10212616622447968,joint,joint_36,36,3.254413604736328e-05
hellorr_147.npy,hello,father,0.10212616622447968,joint,joint_37,37,-2.3134052753448486e-05
hellorr_147.npy,hello,father,0.10212616622447968,joint,joint_38,38,7.175654172897339e-05
hellorr_147.npy,hello,father,0.10212616622447968,joint,joint_39,39,1.5750527381896973e-05
hellorr_147.npy,hello,father,0.10212616622447968,joint,joint_40,40,-3.342330455780029e-05
hellorr_147.npy,hello,father,0.10212616622447968,joint,joint_41,41,6.766617298126221e-05
hellorr_147.npy,hello,father,0.10212616622447968,coordinate_axis,x,0,0.008467592298984528
hellorr_147.npy,hello,father,0.10212616622447968,coordinate_axis,y,1,0.005345635116100311
hellorr_147.npy,hello,father,0.10212616622447968,coordinate_axis,z,2,-5.0574541091918945e-05
hellorr_154.npy,hello,father,0.10235505551099777,joint,joint_00,0,0.0003736764192581177
hellorr_154.npy,hello,father,0.10235505551099777,joint,joint_01,1,-0.00015988945960998535
hellorr_154.npy,hello,father,0.10235505551099777,joint,joint_02,2,0.0006526708602905273
hellorr_154.npy,hello,father,0.10235505551099777,joint,joint_03,3,0.0007960349321365356
hellorr_154.npy,hello,father,0.10235505551099777,joint,joint_04,4,-0.00019105523824691772
hellorr_154.npy,hello,father,0.10235505551099777,joint,joint_05,5,0.0002611801028251648
hellorr_154.npy,hello,father,0.10235505551099777,joint,joint_06,6,1.928955316543579e-05
hellorr_154.npy,hello,father,0.10235505551099777,joint,joint_07,7,0.0006869286298751831
hellorr_154.npy,hello,father,0.10235505551099777,joint,joint_08,8,0.00022393465042114258
hellorr_154.npy,hello,father,0.10235505551099777,joint,joint_09,9,0.000356525182723999
hellorr_154.npy,hello,father,0.10235505551099777,joint,joint_10,10,0.00125054270029068
hellorr_154.npy,hello,father,0.10235505551099777,joint,joint_11,11,0.0003527626395225525
hellorr_154.npy,hello,father,0.10235505551099777,joint,joint_12,12,0.0010096803307533264
hellorr_154.npy,hello,father,0.10235505551099777,joint,joint_13,13,0.0016447454690933228
hellorr_154.npy,hello,father,0.10235505551099777,joint,joint_14,14,0.00024787336587905884
hellorr_154.npy,hello,father,0.10235505551099777,joint,joint_15,15,0.0019186586141586304
hellorr_154.npy,hello,father,0.10235505551099777,joint,joint_16,16,0.0025001540780067444
hellorr_154.npy,hello,father,0.10235505551099777,joint,joint_17,17,0.0015903636813163757
hellorr_154.npy,hello,father,0.10235505551099777,joint,joint_18,18,0.0007677450776100159
hellorr_154.npy,hello,father,0.10235505551099777,joint,joint_19,19,0.0003427863121032715
hellorr_154.npy,hello,father,0.10235505551099777,joint,joint_20,20,-0.0004885345697402954
hellorr_154.npy,hello,father,0.10235505551099777,joint,joint_21,21,1.4238059520721436e-05
hellorr_154.npy,hello,father,0.10235505551099777,joint,joint_22,22,2.9243528842926025e-05
hellorr_154.npy,hello,father,0.10235505551099777,joint,joint_23,23,1.9565224647521973e-05
hellorr_154.npy,hello,father,0.10235505551099777,joint,joint_24,24,-3.2067298889160156e-05
hellorr_154.npy,hello,father,0.10235505551099777,joint,joint_25,25,1.7657876014709473e-06
hellorr_154.npy,hello,father,0.10235505551099777,joint,joint_26,26,1.74790620803833e-05
hellorr_154.npy,hello,father,0.10235505551099777,joint,joint_27,27,-5.901604890823364e-05
hellorr_154.npy,hello,father,0.10235505551099777,joint,joint_28,28,-9.305775165557861e-06
hellorr_154.npy,hello,father,0.10235505551099777,joint,joint_29,29,1.858919858932495e-05
hellorr_154.npy,hello,father,0.10235505551099777,joint,joint_30,30,1.3813376426696777e-05
hellorr_154.npy,hello,father,0.10235505551099777,joint,joint_31,31,2.4974346160888672e-05
hellorr_154.npy,hello,father,0.10235505551099777,joint,joint_32,32,-2.8058886528015137e-05
hellorr_154.npy,hello,father,0.10235505551099777,joint,joint_33,33,3.0703842639923096e-05
hellorr_154.npy,hello,father,0.10235505551099777,joint,joint_34,34,-1.0669231414794922e-05
hellorr_154.npy,hello,father,0.10235505551099777,joint,joint_35,35,2.68593430519104e-05
hellorr_154.npy,hello,father,0.10235505551099777,joint,joint_36,36,3.273040056228638e-05
hellorr_154.npy,hello,father,0.10235505551099777,joint,joint_37,37,-2.32011079788208e-05
hellorr_154.npy,hello,father,0.10235505551099777,joint,joint_38,38,7.236003875732422e-05
hellorr_154.npy,hello,father,0.10235505551099777,joint,joint_39,39,1.6011297702789307e-05
hellorr_154.npy,hello,father,0.10235505551099777,joint,joint_40,40,-3.374367952346802e-05
hellorr_154.npy,hello,father,0.10235505551099777,joint,joint_41,41,6.759911775588989e-05
hellorr_154.npy,hello,father,0.10235505551099777,coordinate_axis,x,0,0.008022665977478027
hellorr_154.npy,hello,father,0.10235505551099777,coordinate_axis,y,1,0.005715020000934601
hellorr_154.npy,hello,father,0.10235505551099777,coordinate_axis,z,2,0.0003349184989929199
hellorr_170.npy,hello,father,0.102617546916008,joint,joint_00,0,0.00036194920539855957
hellorr_170.npy,hello,father,0.102617546916008,joint,joint_01,1,-0.0001406744122505188
hellorr_170.npy,hello,father,0.102617546916008,joint,joint_02,2,0.0006929934024810791
hellorr_170.npy,hello,father,0.102617546916008,joint,joint_03,3,0.0007889270782470703
hellorr_170.npy,hello,father,0.102617546916008,joint,joint_04,4,-7.849186658859253e-05
hellorr_170.npy,hello,father,0.102617546916008,joint,joint_05,5,0.0003090202808380127
hellorr_170.npy,hello,father,0.102617546916008,joint,joint_06,6,9.544193744659424e-06
hellorr_170.npy,hello,father,0.102617546916008,joint,joint_07,7,0.0007389336824417114
hellorr_170.npy,hello,father,0.102617546916008,joint,joint_08,8,0.00015389174222946167
hellorr_170.npy,hello,father,0.102617546916008,joint,joint_09,9,0.0003775656223297119
hellorr_170.npy,hello,father,0.102617546916008,joint,joint_10,10,0.0012401118874549866
hellorr_170.npy,hello,father,0.102617546916008,joint,joint_11,11,0.0003791898488998413
hellorr_170.npy,hello,father,0.102617546916008,joint,joint_12,12,0.000996716320514679
hellorr_170.npy,hello,father,0.102617546916008,joint,joint_13,13,0.0017176270484924316
hellorr_170.npy,hello,father,0.102617546916008,joint,joint_14,14,0.00023743510246276855
hellorr_170.npy,hello,father,0.102617546916008,joint,joint_15,15,0.0018876269459724426
hellorr_170.npy,hello,father,0.102617546916008,joint,joint_16,16,0.0024648085236549377
hellorr_170.npy,hello,father,0.102617546916008,joint,joint_17,17,0.0015943348407745361
hellorr_170.npy,hello,father,0.102617546916008,joint,joint_18,18,0.0008493959903717041
hellorr_170.npy,hello,father,0.102617546916008,joint,joint_19,19,0.00034918636083602905
hellorr_170.npy,hello,father,0.102617546916008,joint,joint_20,20,-0.000510290265083313
hellorr_170.npy,hello,father,0.102617546916008,joint,joint_21,21,1.4200806617736816e-05
hellorr_170.npy,hello,father,0.102617546916008,joint,joint_22,22,2.9228627681732178e-05
hellorr_170.npy,hello,father,0.102617546916008,joint,joint_23,23,1.9721686840057373e-05
hellorr_170.npy,hello,father,0.102617546916008,joint,joint_24,24,-3.223121166229248e-05
hellorr_170.npy,hello,father,0.102617546916008,joint,joint_25,25,1.4528632164001465e-06
hellorr_170.npy,hello,father,0.102617546916008,joint,joint_26,26,1.7546117305755615e-05
hellorr_170.npy,hello,father,0.102617546916008,joint,joint_27,27,-5.915015935897827e-05
hellorr_170.npy,hello,father,0.102617546916008,joint,joint_28,28,-9.395182132720947e-06
hellorr_170.npy,hello,father,0.102617546916008,joint,joint_29,29,1.8708407878875732e-05
hellorr_170.npy,hello,father,0.102617546916008,joint,joint_30,30,1.3709068298339844e-05
hellorr_170.npy,hello,father,0.102617546916008,joint,joint_31,31,2.475827932357788e-05
hellorr_170.npy,hello,father,0.102617546916008,joint,joint_32,32,-2.8252601623535156e-05
hellorr_170.npy,hello,father,0.102617546916008,joint,joint_33,33,3.055483102798462e-05
hellorr_170.npy,hello,father,0.102617546916008,joint,joint_34,34,-1.055002212524414e-05
hellorr_170.npy,hello,father,0.102617546916008,joint,joint_35,35,2.6926398277282715e-05
hellorr_170.npy,hello,father,0.102617546916008,joint,joint_36,36,3.2588839530944824e-05
hellorr_170.npy,hello,father,0.102617546916008,joint,joint_37,37,-2.3350119590759277e-05
hellorr_170.npy,hello,father,0.102617546916008,joint,joint_38,38,7.247179746627808e-05
hellorr_170.npy,hello,father,0.102617546916008,joint,joint_39,39,1.6011297702789307e-05
hellorr_170.npy,hello,father,0.102617546916008,joint,joint_40,40,-3.4183263778686523e-05
hellorr_170.npy,hello,father,0.102617546916008,joint,joint_41,41,6.780773401260376e-05
hellorr_170.npy,hello,father,0.102617546916008,coordinate_axis,x,0,0.008401192724704742
hellorr_170.npy,hello,father,0.102617546916008,coordinate_axis,y,1,0.005456976592540741
hellorr_170.npy,hello,father,0.102617546916008,coordinate_axis,z,2,0.0004996433854103088
hellorr_173.npy,hello,father,0.10222183167934418,joint,joint_00,0,0.0003542006015777588
hellorr_173.npy,hello,father,0.10222183167934418,joint,joint_01,1,-0.00013276934623718262
hellorr_173.npy,hello,father,0.10222183167934418,joint,joint_02,2,0.0006856545805931091
hellorr_173.npy,hello,father,0.10222183167934418,joint,joint_03,3,0.0007632598280906677
hellorr_173.npy,hello,father,0.10222183167934418,joint,joint_04,4,-6.123632192611694e-05
hellorr_173.npy,hello,father,0.10222183167934418,joint,joint_05,5,0.00032173097133636475
hellorr_173.npy,hello,father,0.10222183167934418,joint,joint_06,6,-2.9355287551879883e-06
hellorr_173.npy,hello,father,0.10222183167934418,joint,joint_07,7,0.0007140189409255981
hellorr_173.npy,hello,father,0.10222183167934418,joint,joint_08,8,0.0001241043210029602
hellorr_173.npy,hello,father,0.10222183167934418,joint,joint_09,9,0.0003666877746582031
hellorr_173.npy,hello,father,0.10222183167934418,joint,joint_10,10,0.0011896267533302307
hellorr_173.npy,hello,father,0.10222183167934418,joint,joint_11,11,0.000374428927898407
hellorr_173.npy,hello,father,0.10222183167934418,joint,joint_12,12,0.0009614825248718262
hellorr_173.npy,hello,father,0.10222183167934418,joint,joint_13,13,0.0016718357801437378
hellorr_173.npy,hello,father,0.10222183167934418,joint,joint_14,14,0.0002419203519821167
hellorr_173.npy,hello,father,0.10222183167934418,joint,joint_15,15,0.00180913507938385
hellorr_173.npy,hello,father,0.10222183167934418,joint,joint_16,16,0.0023800507187843323
hellorr_173.npy,hello,father,0.10222183167934418,joint,joint_17,17,0.0015385150909423828
hellorr_173.npy,hello,father,0.10222183167934418,joint,joint_18,18,0.000817619264125824
hellorr_173.npy,hello,father,0.10222183167934418,joint,joint_19,19,0.0003459155559539795
hellorr_173.npy,hello,father,0.10222183167934418,joint,joint_20,20,-0.0004880949854850769
hellorr_173.npy,hello,father,0.10222183167934418,joint,joint_21,21,1.4327466487884521e-05
hellorr_173.npy,hello,father,0.10222183167934418,joint,joint_22,22,2.9027462005615234e-05
hellorr_173.npy,hello,father,0.10222183167934418,joint,joint_23,23,1.944601535797119e-05
hellorr_173.npy,hello,father,0.10222183167934418,joint,joint_24,24,-3.2275915145874023e-05
hellorr_173.npy,hello,father,0.10222183167934418,joint,joint_25,25,1.6242265701293945e-06
hellorr_173.npy,hello,father,0.10222183167934418,joint,joint_26,26,1.7695128917694092e-05
hellorr_173.npy,hello,father,0.10222183167934418,joint,joint_27,27,-5.875527858734131e-05
hellorr_173.npy,hello,father,0.10222183167934418,joint,joint_28,28,-9.238719940185547e-06
hellorr_173.npy,hello,father,0.10222183167934418,joint,joint_29,29,1.839548349380493e-05
hellorr_173.npy,hello,father,0.10222183167934418,joint,joint_30,30,1.3582408428192139e-05
hellorr_173.npy,hello,father,0.10222183167934418,joint,joint_31,31,2.4452805519104004e-05
hellorr_173.npy,hello,father,0.10222183167934418,joint,joint_32,32,-2.8252601623535156e-05
hellorr_173.npy,hello,father,0.10222183167934418,joint,joint_33,33,3.056973218917847e-05
hellorr_173.npy,hello,father,0.10222183167934418,joint,joint_34,34,-1.0453164577484131e-05
hellorr_173.npy,hello,father,0.10222183167934418,joint,joint_35,35,2.6784837245941162e-05
hellorr_173.npy,hello,father,0.10222183167934418,joint,joint_36,36,3.254413604736328e-05
hellorr_173.npy,hello,father,0.10222183167934418,joint,joint_37,37,-2.3148953914642334e-05
hellorr_173.npy,hello,father,0.10222183167934418,joint,joint_38,38,7.200241088867188e-05
hellorr_173.npy,hello,father,0.10222183167934418,joint,joint_39,39,1.5713274478912354e-05
hellorr_173.npy,hello,father,0.10222183167934418,joint,joint_40,40,-3.387033939361572e-05
hellorr_173.npy,hello,father,0.10222183167934418,joint,joint_41,41,6.766617298126221e-05
hellorr_173.npy,hello,father,0.10222183167934418,coordinate_axis,x,0,0.008196495473384857
hellorr_173.npy,hello,father,0.10222183167934418,coordinate_axis,y,1,0.005256921052932739
hellorr_173.npy,hello,father,0.10222183167934418,coordinate_axis,z,2,0.0004682019352912903
hellorr_178.npy,hello,father,0.1019524484872818,joint,joint_00,0,0.00034143030643463135
hellorr_178.npy,hello,father,0.1019524484872818,joint,joint_01,1,-0.00011471658945083618
hellorr_178.npy,hello,father,0.1019524484872818,joint,joint_02,2,0.0006685927510261536
hellorr_178.npy,hello,father,0.1019524484872818,joint,joint_03,3,0.0007273703813552856
hellorr_178.npy,hello,father,0.1019524484872818,joint,joint_04,4,-2.0392239093780518e-05
hellorr_178.npy,hello,father,0.1019524484872818,joint,joint_05,5,0.0003304332494735718
hellorr_178.npy,hello,father,0.1019524484872818,joint,joint_06,6,-1.0125339031219482e-05
hellorr_178.npy,hello,father,0.1019524484872818,joint,joint_07,7,0.0006921663880348206
hellorr_178.npy,hello,father,0.1019524484872818,joint,joint_08,8,9.143352508544922e-05
hellorr_178.npy,hello,father,0.1019524484872818,joint,joint_09,9,0.00036134570837020874
hellorr_178.npy,hello,father,0.1019524484872818,joint,joint_10,10,0.0011463314294815063
hellorr_178.npy,hello,father,0.1019524484872818,joint,joint_11,11,0.00036578625440597534
hellorr_178.npy,hello,father,0.1019524484872818,joint,joint_12,12,0.0009334832429885864
hellorr_178.npy,hello,father,0.1019524484872818,joint,joint_13,13,0.0016491860151290894
hellorr_178.npy,hello,father,0.1019524484872818,joint,joint_14,14,0.00022716820240020752
hellorr_178.npy,hello,father,0.1019524484872818,joint,joint_15,15,0.001764647662639618
hellorr_178.npy,hello,father,0.1019524484872818,joint,joint_16,16,0.0023143067955970764
hellorr_178.npy,hello,father,0.1019524484872818,joint,joint_17,17,0.001526854932308197
hellorr_178.npy,hello,father,0.1019524484872818,joint,joint_18,18,0.000821329653263092
hellorr_178.npy,hello,father,0.1019524484872818,joint,joint_19,19,0.0003335997462272644
hellorr_178.npy,hello,father,0.1019524484872818,joint,joint_20,20,-0.0004865005612373352
hellorr_178.npy,hello,father,0.1019524484872818,joint,joint_21,21,1.4260411262512207e-05
hellorr_178.npy,hello,father,0.1019524484872818,joint,joint_22,22,2.8915703296661377e-05
hellorr_178.npy,hello,father,0.1019524484872818,joint,joint_23,23,1.93864107131958e-05
hellorr_178.npy,hello,father,0.1019524484872818,joint,joint_24,24,-3.220885992050171e-05
hellorr_178.npy,hello,father,0.1019524484872818,joint,joint_25,25,1.646578311920166e-06
hellorr_178.npy,hello,father,0.1019524484872818,joint,joint_26,26,1.776963472366333e-05
hellorr_178.npy,hello,father,0.1019524484872818,joint,joint_27,27,-5.8397650718688965e-05
hellorr_178.npy,hello,father,0.1019524484872818,joint,joint_28,28,-9.18656587600708e-06
hellorr_178.npy,hello,father,0.1019524484872818,joint,joint_29,29,1.8298625946044922e-05
hellorr_178.npy,hello,father,0.1019524484872818,joint,joint_30,30,1.3470649719238281e-05
hellorr_178.npy,hello,father,0.1019524484872818,joint,joint_31,31,2.431124448776245e-05
hellorr_178.npy,hello,father,0.1019524484872818,joint,joint_32,32,-2.8192996978759766e-05
hellorr_178.npy,hello,father,0.1019524484872818,joint,joint_33,33,3.0510127544403076e-05
hellorr_178.npy,hello,father,0.1019524484872818,joint,joint_34,34,-1.0408461093902588e-05
hellorr_178.npy,hello,father,0.1019524484872818,joint,joint_35,35,2.6658177375793457e-05
hellorr_178.npy,hello,father,0.1019524484872818,joint,joint_36,36,3.249943256378174e-05
hellorr_178.npy,hello,father,0.1019524484872818,joint,joint_37,37,-2.3096799850463867e-05
hellorr_178.npy,hello,father,0.1019524484872818,joint,joint_38,38,7.175654172897339e-05
hellorr_178.npy,hello,father,0.1019524484872818,joint,joint_39,39,1.5676021575927734e-05
hellorr_178.npy,hello,father,0.1019524484872818,joint,joint_40,40,-3.3408403396606445e-05
hellorr_178.npy,hello,father,0.1019524484872818,joint,joint_41,41,6.749480962753296e-05
hellorr_178.npy,hello,father,0.1019524484872818,coordinate_axis,x,0,0.008086144924163818
hellorr_178.npy,hello,father,0.1019524484872818,coordinate_axis,y,1,0.005081780254840851
hellorr_178.npy,hello,father,0.1019524484872818,coordinate_axis,z,2,0.0004539415240287781
hellorr_179.npy,hello,father,0.10159990936517715,joint,joint_00,0,0.00032673031091690063
hellorr_179.npy,hello,father,0.10159990936517715,joint,joint_01,1,-0.00010424107313156128
hellorr_179.npy,hello,father,0.10159990936517715,joint,joint_02,2,0.0006481707096099854
hellorr_179.npy,hello,father,0.10159990936517715,joint,joint_03,3,0.0006774887442588806
hellorr_179.npy,hello,father,0.10159990936517715,joint,joint_04,4,6.996095180511475e-06
hellorr_179.npy,hello,father,0.10159990936517715,joint,joint_05,5,0.0003401264548301697
hellorr_179.npy,hello,father,0.10159990936517715,joint,joint_06,6,-1.3865530490875244e-05
hellorr_179.npy,hello,father,0.10159990936517715,joint,joint_07,7,0.0006697624921798706
hellorr_179.npy,hello,father,0.10159990936517715,joint,joint_08,8,0.0001006200909614563
hellorr_179.npy,hello,father,0.10159990936517715,joint,joint_09,9,0.00035361945629119873
hellorr_179.npy,hello,father,0.10159990936517715,joint,joint_10,10,0.0011041685938835144
hellorr_179.npy,hello,father,0.10159990936517715,joint,joint_11,11,0.00035416334867477417
hellorr_179.npy,hello,father,0.10159990936517715,joint,joint_12,12,0.000894010066986084
hellorr_179.npy,hello,father,0.10159990936517715,joint,joint_13,13,0.0016096532344818115
hellorr_179.npy,hello,father,0.10159990936517715,joint,joint_14,14,0.00021680444478988647
hellorr_179.npy,hello,father,0.10159990936517715,joint,joint_15,15,0.0017052292823791504
hellorr_179.npy,hello,father,0.10159990936517715,joint,joint_16,16,0.002242252230644226
hellorr_179.npy,hello,father,0.10159990936517715,joint,joint_17,17,0.0014796257019042969
hellorr_179.npy,hello,father,0.10159990936517715,joint,joint_18,18,0.0008082315325737
hellorr_179.npy,hello,father,0.10159990936517715,joint,joint_19,19,0.00032448023557662964
hellorr_179.npy,hello,father,0.10159990936517715,joint,joint_20,20,-0.00047450512647628784
hellorr_179.npy,hello,father,0.10159990936517715,joint,joint_21,21,1.4238059520721436e-05
hellorr_179.npy,hello,father,0.10159990936517715,joint,joint_22,22,2.886354923248291e-05
hellorr_179.npy,hello,father,0.10159990936517715,joint,joint_23,23,1.9319355487823486e-05
hellorr_179.npy,hello,father,0.10159990936517715,joint,joint_24,24,-3.2067298889160156e-05
hellorr_179.npy,hello,father,0.10159990936517715,joint,joint_25,25,1.6242265701293945e-06
hellorr_179.npy,hello,father,0.10159990936517715,joint,joint_26,26,1.7784535884857178e-05
hellorr_179.npy,hello,father,0.10159990936517715,joint,joint_27,27,-5.809962749481201e-05
hellorr_179.npy,hello,father,0.10159990936517715,joint,joint_28,28,-9.104609489440918e-06
hellorr_179.npy,hello,father,0.10159990936517715,joint,joint_29,29,1.8224120140075684e-05
hellorr_179.npy,hello,father,0.10159990936517715,joint,joint_30,30,1.3455748558044434e-05
hellorr_179.npy,hello,father,0.10159990936517715,joint,joint_31,31,2.4273991584777832e-05
hellorr_179.npy,hello,father,0.10159990936517715,joint,joint_32,32,-2.802908420562744e-05
hellorr_179.npy,hello,father,0.10159990936517715,joint,joint_33,33,3.0428171157836914e-05
hellorr_179.npy,hello,father,0.10159990936517715,joint,joint_34,34,-1.0311603546142578e-05
hellorr_179.npy,hello,father,0.10159990936517715,joint,joint_35,35,2.6620924472808838e-05
hellorr_179.npy,hello,father,0.10159990936517715,joint,joint_36,36,3.240257501602173e-05
hellorr_179.npy,hello,father,0.10159990936517715,joint,joint_37,37,-2.302229404449463e-05
hellorr_179.npy,hello,father,0.10159990936517715,joint,joint_38,38,7.148832082748413e-05
hellorr_179.npy,hello,father,0.10159990936517715,joint,joint_39,39,1.5676021575927734e-05
hellorr_179.npy,hello,father,0.10159990936517715,joint,joint_40,40,-3.325939178466797e-05
hellorr_179.npy,hello,father,0.10159990936517715,joint,joint_41,41,6.727874279022217e-05
hellorr_179.npy,hello,father,0.10159990936517715,coordinate_axis,x,0,0.007878892123699188
hellorr_179.npy,hello,father,0.10159990936517715,coordinate_axis,y,1,0.004909306764602661
hellorr_179.npy,hello,father,0.10159990936517715,coordinate_axis,z,2,0.0004497617483139038
hellorr_180.npy,hello,father,0.1015927642583847,joint,joint_00,0,0.0003338754177093506
hellorr_180.npy,hello,father,0.1015927642583847,joint,joint_01,1,-0.00010747462511062622
hellorr_180.npy,hello,father,0.1015927642583847,joint,joint_02,2,0.0006593167781829834
hellorr_180.npy,hello,father,0.1015927642583847,joint,joint_03,3,0.0006732121109962463
hellorr_180.npy,hello,father,0.1015927642583847,joint,joint_04,4,2.8848648071289062e-05
hellorr_180.npy,hello,father,0.1015927642583847,joint,joint_05,5,0.0003431066870689392
hellorr_180.npy,hello,father,0.1015927642583847,joint,joint_06,6,-1.95428729057312e-05
hellorr_180.npy,hello,father,0.1015927642583847,joint,joint_07,7,0.0006785169243812561
hellorr_180.npy,hello,father,0.1015927642583847,joint,joint_08,8,7.79181718826294e-05
hellorr_180.npy,hello,father,0.1015927642583847,joint,joint_09,9,0.0003558918833732605
hellorr_180.npy,hello,father,0.1015927642583847,joint,joint_10,10,0.001101575791835785
hellorr_180.npy,hello,father,0.1015927642583847,joint,joint_11,11,0.0003542304039001465
hellorr_180.npy,hello,father,0.1015927642583847,joint,joint_12,12,0.0008851811289787292
hellorr_180.npy,hello,father,0.1015927642583847,joint,joint_13,13,0.0016075968742370605
hellorr_180.npy,hello,father,0.1015927642583847,joint,joint_14,14,0.0002193152904510498
hellorr_180.npy,hello,father,0.1015927642583847,joint,joint_15,15,0.0016951709985733032
hellorr_180.npy,hello,father,0.1015927642583847,joint,joint_16,16,0.002234846353530884
hellorr_180.npy,hello,father,0.1015927642583847,joint,joint_17,17,0.0014746710658073425
hellorr_180.npy,hello,father,0.1015927642583847,joint,joint_18,18,0.0008085891604423523
hellorr_180.npy,hello,father,0.1015927642583847,joint,joint_19,19,0.00032585859298706055
hellorr_180.npy,hello,father,0.1015927642583847,joint,joint_20,20,-0.000471748411655426
hellorr_180.npy,hello,father,0.1015927642583847,joint,joint_21,21,1.4252960681915283e-05
hellorr_180.npy,hello,father,0.1015927642583847,joint,joint_22,22,2.8811395168304443e-05
hellorr_180.npy,hello,father,0.1015927642583847,joint,joint_23,23,1.9319355487823486e-05
hellorr_180.npy,hello,father,0.1015927642583847,joint,joint_24,24,-3.2067298889160156e-05
hellorr_180.npy,hello,father,0.1015927642583847,joint,joint_25,25,1.5497207641601562e-06
hellorr_180.npy,hello,father,0.1015927642583847,joint,joint_26,26,1.776963472366333e-05
hellorr_180.npy,hello,father,0.1015927642583847,joint,joint_27,27,-5.81592321395874e-05
hellorr_180.npy,hello,father,0.1015927642583847,joint,joint_28,28,-9.067356586456299e-06
hellorr_180.npy,hello,father,0.1015927642583847,joint,joint_29,29,1.8164515495300293e-05
hellorr_180.npy,hello,father,0.1015927642583847,joint,joint_30,30,1.3418495655059814e-05
hellorr_180.npy,hello,father,0.1015927642583847,joint,joint_31,31,2.4266541004180908e-05
hellorr_180.npy,hello,father,0.1015927642583847,joint,joint_32,32,-2.8051435947418213e-05
hellorr_180.npy,hello,father,0.1015927642583847,joint,joint_33,33,3.0428171157836914e-05
hellorr_180.npy,hello,father,0.1015927642583847,joint,joint_34,34,-1.0371208190917969e-05
hellorr_180.npy,hello,father,0.1015927642583847,joint,joint_35,35,2.6613473892211914e-05
hellorr_180.npy,hello,father,0.1015927642583847,joint,joint_36,36,3.241002559661865e-05
hellorr_180.npy,hello,father,0.1015927642583847,joint,joint_37,37,-2.30446457862854e-05
hellorr_180.npy,hello,father,0.1015927642583847,joint,joint_38,38,7.141381502151489e-05
hellorr_180.npy,hello,father,0.1015927642583847,joint,joint_39,39,1.5661120414733887e-05
hellorr_180.npy,hello,father,0.1015927642583847,joint,joint_40,40,-3.326684236526489e-05
hellorr_180.npy,hello,father,0.1015927642583847,joint,joint_41,41,6.724148988723755e-05
hellorr_180.npy,hello,father,0.1015927642583847,coordinate_axis,x,0,0.007897496223449707
hellorr_180.npy,hello,father,0.1015927642583847,coordinate_axis,y,1,0.004847757518291473
hellorr_180.npy,hello,father,0.1015927642583847,coordinate_axis,z,2,0.0004866495728492737
hellorr_185.npy,hello,father,0.10159189999103546,joint,joint_00,0,0.00032373517751693726
hellorr_185.npy,hello,father,0.10159189999103546,joint,joint_01,1,-0.00013270974159240723
hellorr_185.npy,hello,father,0.10159189999103546,joint,joint_02,2,0.0005674734711647034
hellorr_185.npy,hello,father,0.10159189999103546,joint,joint_03,3,0.0007193312048912048
hellorr_185.npy,hello,father,0.10159189999103546,joint,joint_04,4,-0.0001340135931968689
hellorr_185.npy,hello,father,0.10159189999103546,joint,joint_05,5,0.0001950487494468689
hellorr_185.npy,hello,father,0.10159189999103546,joint,joint_06,6,2.221018075942993e-05
hellorr_185.npy,hello,father,0.10159189999103546,joint,joint_07,7,0.0006391778588294983
hellorr_185.npy,hello,father,0.10159189999103546,joint,joint_08,8,0.0002569854259490967
hellorr_185.npy,hello,father,0.10159189999103546,joint,joint_09,9,0.00031926482915878296
hellorr_185.npy,hello,father,0.10159189999103546,joint,joint_10,10,0.0011826008558273315
hellorr_185.npy,hello,father,0.10159189999103546,joint,joint_11,11,0.0003097429871559143
hellorr_185.npy,hello,father,0.10159189999103546,joint,joint_12,12,0.0009624436497688293
hellorr_185.npy,hello,father,0.10159189999103546,joint,joint_13,13,0.001475304365158081
hellorr_185.npy,hello,father,0.10159189999103546,joint,joint_14,14,0.0002543330192565918
hellorr_185.npy,hello,father,0.10159189999103546,joint,joint_15,15,0.0018632486462593079
hellorr_185.npy,hello,father,0.10159189999103546,joint,joint_16,16,0.0024496689438819885
hellorr_185.npy,hello,father,0.10159189999103546,joint,joint_17,17,0.0014800280332565308
hellorr_185.npy,hello,father,0.10159189999103546,joint,joint_18,18,0.0006880983710289001
hellorr_185.npy,hello,father,0.10159189999103546,joint,joint_19,19,0.000325128436088562
hellorr_185.npy,hello,father,0.10159189999103546,joint,joint_20,20,-0.00046393275260925293
hellorr_185.npy,hello,father,0.10159189999103546,joint,joint_21,21,1.4431774616241455e-05
hellorr_185.npy,hello,father,0.10159189999103546,joint,joint_22,22,2.886354923248291e-05
hellorr_185.npy,hello,father,0.10159189999103546,joint,joint_23,23,1.930445432662964e-05
hellorr_185.npy,hello,father,0.10159189999103546,joint,joint_24,24,-3.232806921005249e-05
hellorr_185.npy,hello,father,0.10159189999103546,joint,joint_25,25,1.914799213409424e-06
hellorr_185.npy,hello,father,0.10159189999103546,joint,joint_26,26,1.755356788635254e-05
hellorr_185.npy,hello,father,0.10159189999103546,joint,joint_27,27,-5.823373794555664e-05
hellorr_185.npy,hello,father,0.10159189999103546,joint,joint_28,28,-9.28342342376709e-06
hellorr_185.npy,hello,father,0.10159189999103546,joint,joint_29,29,1.8112361431121826e-05
hellorr_185.npy,hello,father,0.10159189999103546,joint,joint_30,30,1.3537704944610596e-05
hellorr_185.npy,hello,father,0.10159189999103546,joint,joint_31,31,2.407282590866089e-05
hellorr_185.npy,hello,father,0.10159189999103546,joint,joint_32,32,-2.7976930141448975e-05
hellorr_185.npy,hello,father,0.10159189999103546,joint,joint_33,33,3.081560134887695e-05
hellorr_185.npy,hello,father,0.10159189999103546,joint,joint_34,34,-1.0251998901367188e-05
hellorr_185.npy,hello,father,0.10159189999103546,joint,joint_35,35,2.6576220989227295e-05
hellorr_185.npy,hello,father,0.10159189999103546,joint,joint_36,36,3.262609243392944e-05
hellorr_185.npy,hello,father,0.10159189999103546,joint,joint_37,37,-2.3283064365386963e-05
hellorr_185.npy,hello,father,0.10159189999103546,joint,joint_38,38,7.150322198867798e-05
hellorr_185.npy,hello,father,0.10159189999103546,joint,joint_39,39,1.5459954738616943e-05
hellorr_185.npy,hello,father,0.10159189999103546,joint,joint_40,40,-3.3058226108551025e-05
hellorr_185.npy,hello,father,0.10159189999103546,joint,joint_41,41,6.705522537231445e-05
hellorr_185.npy,hello,father,0.10159189999103546,coordinate_axis,x,0,0.00727381557226181
hellorr_185.npy,hello,father,0.10159189999103546,coordinate_axis,y,1,0.005606465041637421
hellorr_185.npy,hello,father,0.10159189999103546,coordinate_axis,z,2,0.00037197768688201904
hellorr_187.npy,hello,father,0.10219278186559677,joint,joint_00,0,0.00034724920988082886
hellorr_187.npy,hello,father,0.10219278186559677,joint,joint_01,1,-0.000146523118019104
hellorr_187.npy,hello,father,0.10219278186559677,joint,joint_02,2,0.000626102089881897
hellorr_187.npy,hello,father,0.10219278186559677,joint,joint_03,3,0.0007977262139320374
hellorr_187.npy,hello,father,0.10219278186559677,joint,joint_04,4,-0.0001928284764289856
hellorr_187.npy,hello,father,0.10219278186559677,joint,joint_05,5,0.000267714262008667
hellorr_187.npy,hello,father,0.10219278186559677,joint,joint_06,6,1.3835728168487549e-05
hellorr_187.npy,hello,father,0.10219278186559677,joint,joint_07,7,0.0007043927907943726
hellorr_187.npy,hello,father,0.10219278186559677,joint,joint_08,8,0.00018765032291412354
hellorr_187.npy,hello,father,0.10219278186559677,joint,joint_09,9,0.0003496035933494568
hellorr_187.npy,hello,father,0.10219278186559677,joint,joint_10,10,0.0012400448322296143
hellorr_187.npy,hello,father,0.10219278186559677,joint,joint_11,11,0.00036869198083877563
hellorr_187.npy,hello,father,0.10219278186559677,joint,joint_12,12,0.001039855182170868
hellorr_187.npy,hello,father,0.10219278186559677,joint,joint_13,13,0.001610487699508667
hellorr_187.npy,hello,father,0.10219278186559677,joint,joint_14,14,0.00023348629474639893
hellorr_187.npy,hello,father,0.10219278186559677,joint,joint_15,15,0.0019039362668991089
hellorr_187.npy,hello,father,0.10219278186559677,joint,joint_16,16,0.002465173602104187
hellorr_187.npy,hello,father,0.10219278186559677,joint,joint_17,17,0.0015535801649093628
hellorr_187.npy,hello,father,0.10219278186559677,joint,joint_18,18,0.0007567629218101501
hellorr_187.npy,hello,father,0.10219278186559677,joint,joint_19,19,0.00033251941204071045
hellorr_187.npy,hello,father,0.10219278186559677,joint,joint_20,20,-0.0004900023341178894
hellorr_187.npy,hello,father,0.10219278186559677,joint,joint_21,21,1.424551010131836e-05
hellorr_187.npy,hello,father,0.10219278186559677,joint,joint_22,22,2.9139220714569092e-05
hellorr_187.npy,hello,father,0.10219278186559677,joint,joint_23,23,1.9393861293792725e-05
hellorr_187.npy,hello,father,0.10219278186559677,joint,joint_24,24,-3.231316804885864e-05
hellorr_187.npy,hello,father,0.10219278186559677,joint,joint_25,25,1.817941665649414e-06
hellorr_187.npy,hello,father,0.10219278186559677,joint,joint_26,26,1.751631498336792e-05
hellorr_187.npy,hello,father,0.10219278186559677,joint,joint_27,27,-5.888938903808594e-05
hellorr_187.npy,hello,father,0.10219278186559677,joint,joint_28,28,-9.290874004364014e-06
hellorr_187.npy,hello,father,0.10219278186559677,joint,joint_29,29,1.8417835235595703e-05
hellorr_187.npy,hello,father,0.10219278186559677,joint,joint_30,30,1.3738870620727539e-05
hellorr_187.npy,hello,father,0.10219278186559677,joint,joint_31,31,2.4430453777313232e-05
hellorr_187.npy,hello,father,0.10219278186559677,joint,joint_32,32,-2.804398536682129e-05
hellorr_187.npy,hello,father,0.10219278186559677,joint,joint_33,33,3.0644237995147705e-05
hellorr_187.npy,hello,father,0.10219278186559677,joint,joint_34,34,-1.0572373867034912e-05
hellorr_187.npy,hello,father,0.10219278186559677,joint,joint_35,35,2.682209014892578e-05
hellorr_187.npy,hello,father,0.10219278186559677,joint,joint_36,36,3.27378511428833e-05
hellorr_187.npy,hello,father,0.10219278186559677,joint,joint_37,37,-2.3171305656433105e-05
hellorr_187.npy,hello,father,0.10219278186559677,joint,joint_38,38,7.210671901702881e-05
hellorr_187.npy,hello,father,0.10219278186559677,joint,joint_39,39,1.5616416931152344e-05
hellorr_187.npy,hello,father,0.10219278186559677,joint,joint_40,40,-3.369152545928955e-05
hellorr_187.npy,hello,father,0.10219278186559677,joint,joint_41,41,6.755441427230835e-05
hellorr_187.npy,hello,father,0.10219278186559677,coordinate_axis,x,0,0.007952161133289337
hellorr_187.npy,hello,father,0.10219278186559677,coordinate_axis,y,1,0.00562053918838501
hellorr_187.npy,hello,father,0.10219278186559677,coordinate_axis,z,2,0.0003187209367752075
hellorr_193.npy,hello,father,0.10120474547147751,joint,joint_00,0,0.00032195448875427246
hellorr_193.npy,hello,father,0.10120474547147751,joint,joint_01,1,-0.00011212378740310669
hellorr_193.npy,hello,father,0.10120474547147751,joint,joint_02,2,0.000513225793838501
hellorr_193.npy,hello,father,0.10120474547147751,joint,joint_03,3,0.000659458339214325
hellorr_193.npy,hello,father,0.10120474547147751,joint,joint_04,4,-0.00013852864503860474
hellorr_193.npy,hello,father,0.10120474547147751,joint,joint_05,5,0.0001702532172203064
hellorr_193.npy,hello,father,0.10120474547147751,joint,joint_06,6,3.340095281600952e-05
hellorr_193.npy,hello,father,0.10120474547147751,joint,joint_07,7,0.0005654245615005493
hellorr_193.npy,hello,father,0.10120474547147751,joint,joint_08,8,0.0002825930714607239
hellorr_193.npy,hello,father,0.10120474547147751,joint,joint_09,9,0.00030168890953063965
hellorr_193.npy,hello,father,0.10120474547147751,joint,joint_10,10,0.0011235997080802917
hellorr_193.npy,hello,father,0.10120474547147751,joint,joint_11,11,0.00027670711278915405
hellorr_193.npy,hello,father,0.10120474547147751,joint,joint_12,12,0.0009285509586334229
hellorr_193.npy,hello,father,0.10120474547147751,joint,joint_13,13,0.0014489740133285522
hellorr_193.npy,hello,father,0.10120474547147751,joint,joint_14,14,0.0002221614122390747
hellorr_193.npy,hello,father,0.10120474547147751,joint,joint_15,15,0.0018383115530014038
hellorr_193.npy,hello,father,0.10120474547147751,joint,joint_16,16,0.0023986399173736572
hellorr_193.npy,hello,father,0.10120474547147751,joint,joint_17,17,0.0015129968523979187
hellorr_193.npy,hello,father,0.10120474547147751,joint,joint_18,18,0.0006564408540725708
hellorr_193.npy,hello,father,0.10120474547147751,joint,joint_19,19,0.00031829625368118286
hellorr_193.npy,hello,father,0.10120474547147751,joint,joint_20,20,-0.00046803057193756104
hellorr_193.npy,hello,father,0.10120474547147751,joint,joint_21,21,1.4290213584899902e-05
hellorr_193.npy,hello,father,0.10120474547147751,joint,joint_22,22,2.8714537620544434e-05
hellorr_193.npy,hello,father,0.10120474547147751,joint,joint_23,23,1.9259750843048096e-05
hellorr_193.npy,hello,father,0.10120474547147751,joint,joint_24,24,-3.232806921005249e-05
hellorr_193.npy,hello,father,0.10120474547147751,joint,joint_25,25,1.8849968910217285e-06
hellorr_193.npy,hello,father,0.10120474547147751,joint,joint_26,26,1.757591962814331e-05
hellorr_193.npy,hello,father,0.10120474547147751,joint,joint_27,27,-5.805492401123047e-05
hellorr_193.npy,hello,father,0.10120474547147751,joint,joint_28,28,-9.052455425262451e-06
hellorr_193.npy,hello,father,0.10120474547147751,joint,joint_29,29,1.8112361431121826e-05
hellorr_193.npy,hello,father,0.10120474547147751,joint,joint_30,30,1.3433396816253662e-05
hellorr_193.npy,hello,father,0.10120474547147751,joint,joint_31,31,2.399832010269165e-05
hellorr_193.npy,hello,father,0.10120474547147751,joint,joint_32,32,-2.7827918529510498e-05
hellorr_193.npy,hello,father,0.10120474547147751,joint,joint_33,33,3.0606985092163086e-05
hellorr_193.npy,hello,father,0.10120474547147751,joint,joint_34,34,-1.0229647159576416e-05
hellorr_193.npy,hello,father,0.10120474547147751,joint,joint_35,35,2.625584602355957e-05
hellorr_193.npy,hello,father,0.10120474547147751,joint,joint_36,36,3.2395124435424805e-05
hellorr_193.npy,hello,father,0.10120474547147751,joint,joint_37,37,-2.323836088180542e-05
hellorr_193.npy,hello,father,0.10120474547147751,joint,joint_38,38,7.12275505065918e-05
hellorr_193.npy,hello,father,0.10120474547147751,joint,joint_39,39,1.558661460876465e-05
hellorr_193.npy,hello,father,0.10120474547147751,joint,joint_40,40,-3.30507755279541e-05
hellorr_193.npy,hello,father,0.10120474547147751,joint,joint_41,41,6.698817014694214e-05
hellorr_193.npy,hello,father,0.10120474547147751,coordinate_axis,x,0,0.006969146430492401
hellorr_193.npy,hello,father,0.10120474547147751,coordinate_axis,y,1,0.005582205951213837
hellorr_193.npy,hello,father,0.10120474547147751,coordinate_axis,z,2,0.00027257204055786133
hellorr_198.npy,hello,father,0.10504408180713654,joint,joint_00,0,0.00042250752449035645
hellorr_198.npy,hello,father,0.10504408180713654,joint,joint_01,1,-0.00018318742513656616
hellorr_198.npy,hello,father,0.10504408180713654,joint,joint_02,2,0.0008934661746025085
hellorr_198.npy,hello,father,0.10504408180713654,joint,joint_03,3,0.0010790303349494934
hellorr_198.npy,hello,father,0.10504408180713654,joint,joint_04,4,-0.00017306208610534668
hellorr_198.npy,hello,father,0.10504408180713654,joint,joint_05,5,0.00039962679147720337
hellorr_198.npy,hello,father,0.10504408180713654,joint,joint_06,6,-1.125037670135498e-06
hellorr_198.npy,hello,father,0.10504408180713654,joint,joint_07,7,0.0009442716836929321
hellorr_198.npy,hello,father,0.10504408180713654,joint,joint_08,8,4.903972148895264e-05
hellorr_198.npy,hello,father,0.10504408180713654,joint,joint_09,9,0.00045609474182128906
hellorr_198.npy,hello,father,0.10504408180713654,joint,joint_10,10,0.0015165433287620544
hellorr_198.npy,hello,father,0.10504408180713654,joint,joint_11,11,0.0005470141768455505
hellorr_198.npy,hello,father,0.10504408180713654,joint,joint_12,12,0.0012993291020393372
hellorr_198.npy,hello,father,0.10504408180713654,joint,joint_13,13,0.0020786821842193604
hellorr_198.npy,hello,father,0.10504408180713654,joint,joint_14,14,0.0002621114253997803
hellorr_198.npy,hello,father,0.10504408180713654,joint,joint_15,15,0.002210840582847595
hellorr_198.npy,hello,father,0.10504408180713654,joint,joint_16,16,0.002758219838142395
hellorr_198.npy,hello,father,0.10504408180713654,joint,joint_17,17,0.0018533170223236084
hellorr_198.npy,hello,father,0.10504408180713654,joint,joint_18,18,0.0010568425059318542
hellorr_198.npy,hello,father,0.10504408180713654,joint,joint_19,19,0.0003987550735473633
hellorr_198.npy,hello,father,0.10504408180713654,joint,joint_20,20,-0.0006818920373916626
hellorr_198.npy,hello,father,0.10504408180713654,joint,joint_21,21,1.4789402484893799e-05
hellorr_198.npy,hello,father,0.10504408180713654,joint,joint_22,22,2.9921531677246094e-05
hellorr_198.npy,hello,father,0.10504408180713654,joint,joint_23,23,2.034008502960205e-05
hellorr_198.npy,hello,father,0.10504408180713654,joint,joint_24,24,-3.275275230407715e-05
hellorr_198.npy,hello,father,0.10504408180713654,joint,joint_25,25,1.7210841178894043e-06
hellorr_198.npy,hello,father,0.10504408180713654,joint,joint_26,26,1.814216375350952e-05
hellorr_198.npy,hello,father,0.10504408180713654,joint,joint_27,27,-6.115436553955078e-05
hellorr_198.npy,hello,father,0.10504408180713654,joint,joint_28,28,-9.901821613311768e-06
hellorr_198.npy,hello,father,0.10504408180713654,joint,joint_29,29,1.9378960132598877e-05
hellorr_198.npy,hello,father,0.10504408180713654,joint,joint_30,30,1.3962388038635254e-05
hellorr_198.npy,hello,father,0.10504408180713654,joint,joint_31,31,2.5741755962371826e-05
hellorr_198.npy,hello,father,0.10504408180713654,joint,joint_32,32,-2.915412187576294e-05
hellorr_198.npy,hello,father,0.10504408180713654,joint,joint_33,33,3.1188130378723145e-05
hellorr_198.npy,hello,father,0.10504408180713654,joint,joint_34,34,-1.0982155799865723e-05
hellorr_198.npy,hello,father,0.10504408180713654,joint,joint_35,35,2.7738511562347412e-05
hellorr_198.npy,hello,father,0.10504408180713654,joint,joint_36,36,3.376603126525879e-05
hellorr_198.npy,hello,father,0.10504408180713654,joint,joint_37,37,-2.393871545791626e-05
hellorr_198.npy,hello,father,0.10504408180713654,joint,joint_38,38,7.418543100357056e-05
hellorr_198.npy,hello,father,0.10504408180713654,joint,joint_39,39,1.652538776397705e-05
hellorr_198.npy,hello,father,0.10504408180713654,joint,joint_40,40,-3.458559513092041e-05
hellorr_198.npy,hello,father,0.10504408180713654,joint,joint_41,41,6.921589374542236e-05
hellorr_198.npy,hello,father,0.10504408180713654,coordinate_axis,x,0,0.010405465960502625
hellorr_198.npy,hello,father,0.10504408180713654,coordinate_axis,y,1,0.00613933801651001
hellorr_198.npy,hello,father,0.10504408180713654,coordinate_axis,z,2,0.00044042617082595825
hellorr_204.npy,hello,father,0.10421859472990036,joint,joint_00,0,0.0003816559910774231
hellorr_204.npy,hello,father,0.10421859472990036,joint,joint_01,1,-0.00014857202768325806
hellorr_204.npy,hello,father,0.10421859472990036,joint,joint_02,2,0.0008500590920448303
hellorr_204.npy,hello,father,0.10421859472990036,joint,joint_03,3,0.0009830519556999207
hellorr_204.npy,hello,father,0.10421859472990036,joint,joint_04,4,-8.247792720794678e-05
hellorr_204.npy,hello,father,0.10421859472990036,joint,joint_05,5,0.0004221200942993164
hellorr_204.npy,hello,father,0.10421859472990036,joint,joint_06,6,-2.3558735847473145e-05
hellorr_204.npy,hello,father,0.10421859472990036,joint,joint_07,7,0.0008941367268562317
hellorr_204.npy,hello,father,0.10421859472990036,joint,joint_08,8,-3.425031900405884e-05
hellorr_204.npy,hello,father,0.10421859472990036,joint,joint_09,9,0.0004340037703514099
hellorr_204.npy,hello,father,0.10421859472990036,joint,joint_10,10,0.0014007985591888428
hellorr_204.npy,hello,father,0.10421859472990036,joint,joint_11,11,0.0005391761660575867
hellorr_204.npy,hello,father,0.10421859472990036,joint,joint_12,12,0.0012346208095550537
hellorr_204.npy,hello,father,0.10421859472990036,joint,joint_13,13,0.001993700861930847
hellorr_204.npy,hello,father,0.10421859472990036,joint,joint_14,14,0.00026354193687438965
hellorr_204.npy,hello,father,0.10421859472990036,joint,joint_15,15,0.002049840986728668
hellorr_204.npy,hello,father,0.10421859472990036,joint,joint_16,16,0.0025613531470298767
hellorr_204.npy,hello,father,0.10421859472990036,joint,joint_17,17,0.0017420798540115356
hellorr_204.npy,hello,father,0.10421859472990036,joint,joint_18,18,0.0010240823030471802
hellorr_204.npy,hello,father,0.10421859472990036,joint,joint_19,19,0.00038229674100875854
hellorr_204.npy,hello,father,0.10421859472990036,joint,joint_20,20,-0.0006499961018562317
hellorr_204.npy,hello,father,0.10421859472990036,joint,joint_21,21,1.4603137969970703e-05
hellorr_204.npy,hello,father,0.10421859472990036,joint,joint_22,22,2.958625555038452e-05
hellorr_204.npy,hello,father,0.10421859472990036,joint,joint_23,23,2.012401819229126e-05
hellorr_204.npy,hello,father,0.10421859472990036,joint,joint_24,24,-3.272294998168945e-05
hellorr_204.npy,hello,father,0.10421859472990036,joint,joint_25,25,1.4901161193847656e-06
hellorr_204.npy,hello,father,0.10421859472990036,joint,joint_26,26,1.815706491470337e-05
hellorr_204.npy,hello,father,0.10421859472990036,joint,joint_27,27,-6.0558319091796875e-05
hellorr_204.npy,hello,father,0.10421859472990036,joint,joint_28,28,-9.715557098388672e-06
hellorr_204.npy,hello,father,0.10421859472990036,joint,joint_29,29,1.9200146198272705e-05
hellorr_204.npy,hello,father,0.10421859472990036,joint,joint_30,30,1.3791024684906006e-05
hellorr_204.npy,hello,father,0.10421859472990036,joint,joint_31,31,2.545863389968872e-05
hellorr_204.npy,hello,father,0.10421859472990036,joint,joint_32,32,-2.896040678024292e-05
hellorr_204.npy,hello,father,0.10421859472990036,joint,joint_33,33,3.078579902648926e-05
hellorr_204.npy,hello,father,0.10421859472990036,joint,joint_34,34,-1.0907649993896484e-05
hellorr_204.npy,hello,father,0.10421859472990036,joint,joint_35,35,2.7336180210113525e-05
hellorr_204.npy,hello,father,0.10421859472990036,joint,joint_36,36,3.3348798751831055e-05
hellorr_204.npy,hello,father,0.10421859472990036,joint,joint_37,37,-2.3789703845977783e-05
hellorr_204.npy,hello,father,0.10421859472990036,joint,joint_38,38,7.35744833946228e-05
hellorr_204.npy,hello,father,0.10421859472990036,joint,joint_39,39,1.642853021621704e-05
hellorr_204.npy,hello,father,0.10421859472990036,joint,joint_40,40,-3.438442945480347e-05
hellorr_204.npy,hello,father,0.10421859472990036,joint,joint_41,41,6.895512342453003e-05
hellorr_204.npy,hello,father,0.10421859472990036,coordinate_axis,x,0,0.01000872254371643
hellorr_204.npy,hello,father,0.10421859472990036,coordinate_axis,y,1,0.005660593509674072
hellorr_204.npy,hello,father,0.10421859472990036,coordinate_axis,z,2,0.0003876015543937683
hellorr_37.npy,hello,father,0.10635270923376083,joint,joint_00,0,0.00039900094270706177
hellorr_37.npy,hello,father,0.10635270923376083,joint,joint_01,1,-0.00017750263214111328
hellorr_37.npy,hello,father,0.10635270923376083,joint,joint_02,2,0.0011336207389831543
hellorr_37.npy,hello,father,0.10635270923376083,joint,joint_03,3,0.001398436725139618
hellorr_37.npy,hello,father,0.10635270923376083,joint,joint_04,4,-5.992501974105835e-05
hellorr_37.npy,hello,father,0.10635270923376083,joint,joint_05,5,0.0006409212946891785
hellorr_37.npy,hello,father,0.10635270923376083,joint,joint_06,6,-0.00010345131158828735
hellorr_37.npy,hello,father,0.10635270923376083,joint,joint_07,7,0.0010908246040344238
hellorr_37.npy,hello,father,0.10635270923376083,joint,joint_08,8,-0.00035771727561950684
hellorr_37.npy,hello,father,0.10635270923376083,joint,joint_09,9,0.0005006343126296997
hellorr_37.npy,hello,father,0.10635270923376083,joint,joint_10,10,0.001584954559803009
hellorr_37.npy,hello,father,0.10635270923376083,joint,joint_11,11,0.0007761791348457336
hellorr_37.npy,hello,father,0.10635270923376083,joint,joint_12,12,0.0015370845794677734
hellorr_37.npy,hello,father,0.10635270923376083,joint,joint_13,13,0.0024312734603881836
hellorr_37.npy,hello,father,0.10635270923376083,joint,joint_14,14,0.0002434179186820984
hellorr_37.npy,hello,father,0.10635270923376083,joint,joint_15,15,0.00217311829328537
hellorr_37.npy,hello,father,0.10635270923376083,joint,joint_16,16,0.002516411244869232
hellorr_37.npy,hello,father,0.10635270923376083,joint,joint_17,17,0.0019534826278686523
hellorr_37.npy,hello,father,0.10635270923376083,joint,joint_18,18,0.0013519451022148132
hellorr_37.npy,hello,father,0.10635270923376083,joint,joint_19,19,0.00038693100214004517
hellorr_37.npy,hello,father,0.10635270923376083,joint,joint_20,20,-0.0008622482419013977
hellorr_37.npy,hello,father,0.10635270923376083,joint,joint_21,21,1.5035271644592285e-05
hellorr_37.npy,hello,father,0.10635270923376083,joint,joint_22,22,3.0331313610076904e-05
hellorr_37.npy,hello,father,0.10635270923376083,joint,joint_23,23,1.9952654838562012e-05
hellorr_37.npy,hello,father,0.10635270923376083,joint,joint_24,24,-3.316253423690796e-05
hellorr_37.npy,hello,father,0.10635270923376083,joint,joint_25,25,1.7583370208740234e-06
hellorr_37.npy,hello,father,0.10635270923376083,joint,joint_26,26,1.7762184143066406e-05
hellorr_37.npy,hello,father,0.10635270923376083,joint,joint_27,27,-6.286799907684326e-05
hellorr_37.npy,hello,father,0.10635270923376083,joint,joint_28,28,-9.715557098388672e-06
hellorr_37.npy,hello,father,0.10635270923376083,joint,joint_29,29,2.0109117031097412e-05
hellorr_37.npy,hello,father,0.10635270923376083,joint,joint_30,30,1.3783574104309082e-05
hellorr_37.npy,hello,father,0.10635270923376083,joint,joint_31,31,2.5831162929534912e-05
hellorr_37.npy,hello,father,0.10635270923376083,joint,joint_32,32,-2.9280781745910645e-05
hellorr_37.npy,hello,father,0.10635270923376083,joint,joint_33,33,3.127753734588623e-05
hellorr_37.npy,hello,father,0.10635270923376083,joint,joint_34,34,-1.1339783668518066e-05
hellorr_37.npy,hello,father,0.10635270923376083,joint,joint_35,35,2.9005110263824463e-05
hellorr_37.npy,hello,father,0.10635270923376083,joint,joint_36,36,3.396719694137573e-05
hellorr_37.npy,hello,father,0.10635270923376083,joint,joint_37,37,-2.397596836090088e-05
hellorr_37.npy,hello,father,0.10635270923376083,joint,joint_38,38,7.505714893341064e-05
hellorr_37.npy,hello,father,0.10635270923376083,joint,joint_39,39,1.6048550605773926e-05
hellorr_37.npy,hello,father,0.10635270923376083,joint,joint_40,40,-3.5531818866729736e-05
hellorr_37.npy,hello,father,0.10635270923376083,joint,joint_41,41,7.016956806182861e-05
hellorr_37.npy,hello,father,0.10635270923376083,coordinate_axis,x,0,0.012579672038555145
hellorr_37.npy,hello,father,0.10635270923376083,coordinate_axis,y,1,0.005547031760215759
hellorr_37.npy,hello,father,0.10635270923376083,coordinate_axis,z,2,0.0001515224575996399
hellorr_43.npy,hello,father,0.10716167837381363,joint,joint_00,0,0.00038705021142959595
hellorr_43.npy,hello,father,0.10716167837381363,joint,joint_01,1,-0.0001648440957069397
hellorr_43.npy,hello,father,0.10716167837381363,joint,joint_02,2,0.0012419819831848145
hellorr_43.npy,hello,father,0.10716167837381363,joint,joint_03,3,0.0015005692839622498
hellorr_43.npy,hello,father,0.10716167837381363,joint,joint_04,4,-8.978694677352905e-05
hellorr_43.npy,hello,father,0.10716167837381363,joint,joint_05,5,0.0007403045892715454
hellorr_43.npy,hello,father,0.10716167837381363,joint,joint_06,6,-0.0001220405101776123
hellorr_43.npy,hello,father,0.10716167837381363,joint,joint_07,7,0.0011771321296691895
hellorr_43.npy,hello,father,0.10716167837381363,joint,joint_08,8,-0.00042379647493362427
hellorr_43.npy,hello,father,0.10716167837381363,joint,joint_09,9,0.0005320906639099121
hellorr_43.npy,hello,father,0.10716167837381363,joint,joint_10,10,0.0016601234674453735
hellorr_43.npy,hello,father,0.10716167837381363,joint,joint_11,11,0.0008437484502792358
hellorr_43.npy,hello,father,0.10716167837381363,joint,joint_12,12,0.0016106069087982178
hellorr_43.npy,hello,father,0.10716167837381363,joint,joint_13,13,0.0026177912950515747
hellorr_43.npy,hello,father,0.10716167837381363,joint,joint_14,14,0.00024821609258651733
hellorr_43.npy,hello,father,0.10716167837381363,joint,joint_15,15,0.002231389284133911
hellorr_43.npy,hello,father,0.10716167837381363,joint,joint_16,16,0.0025429800152778625
hellorr_43.npy,hello,father,0.10716167837381363,joint,joint_17,17,0.0020106062293052673
hellorr_43.npy,hello,father,0.10716167837381363,joint,joint_18,18,0.0015125647187232971
hellorr_43.npy,hello,father,0.10716167837381363,joint,joint_19,19,0.00039399415254592896
hellorr_43.npy,hello,father,0.10716167837381363,joint,joint_20,20,-0.0009108483791351318
hellorr_43.npy,hello,father,0.10716167837381363,joint,joint_21,21,1.52587890625e-05
hellorr_43.npy,hello,father,0.10716167837381363,joint,joint_22,22,3.055483102798462e-05
hellorr_43.npy,hello,father,0.10716167837381363,joint,joint_23,23,2.0235776901245117e-05
hellorr_43.npy,hello,father,0.10716167837381363,joint,joint_24,24,-3.353506326675415e-05
hellorr_43.npy,hello,father,0.10716167837381363,joint,joint_25,25,1.5944242477416992e-06
hellorr_43.npy,hello,father,0.10716167837381363,joint,joint_26,26,1.7836689949035645e-05
hellorr_43.npy,hello,father,0.10716167837381363,joint,joint_27,27,-6.355345249176025e-05
hellorr_43.npy,hello,father,0.10716167837381363,joint,joint_28,28,-9.5367431640625e-06
hellorr_43.npy,hello,father,0.10716167837381363,joint,joint_29,29,2.0094215869903564e-05
hellorr_43.npy,hello,father,0.10716167837381363,joint,joint_30,30,1.364201307296753e-05
hellorr_43.npy,hello,father,0.10716167837381363,joint,joint_31,31,2.6538968086242676e-05
hellorr_43.npy,hello,father,0.10716167837381363,joint,joint_32,32,-2.950429916381836e-05
hellorr_43.npy,hello,father,0.10716167837381363,joint,joint_33,33,3.177672624588013e-05
hellorr_43.npy,hello,father,0.10716167837381363,joint,joint_34,34,-1.1444091796875e-05
hellorr_43.npy,hello,father,0.10716167837381363,joint,joint_35,35,2.9206275939941406e-05
hellorr_43.npy,hello,father,0.10716167837381363,joint,joint_36,36,3.419816493988037e-05
hellorr_43.npy,hello,father,0.10716167837381363,joint,joint_37,37,-2.425163984298706e-05
hellorr_43.npy,hello,father,0.10716167837381363,joint,joint_38,38,7.555633783340454e-05
hellorr_43.npy,hello,father,0.10716167837381363,joint,joint_39,39,1.6242265701293945e-05
hellorr_43.npy,hello,father,0.10716167837381363,joint,joint_40,40,-3.606081008911133e-05
hellorr_43.npy,hello,father,0.10716167837381363,joint,joint_41,41,7.120519876480103e-05
hellorr_43.npy,hello,father,0.10716167837381363,coordinate_axis,x,0,0.013523466885089874
hellorr_43.npy,hello,father,0.10716167837381363,coordinate_axis,y,1,0.005441650748252869
hellorr_43.npy,hello,father,0.10716167837381363,coordinate_axis,z,2,0.0001650005578994751
hellorr_48.npy,hello,father,0.10824304074048996,joint,joint_00,0,0.0003901571035385132
hellorr_48.npy,hello,father,0.10824304074048996,joint,joint_01,1,-0.0001568421721458435
hellorr_48.npy,hello,father,0.10824304074048996,joint,joint_02,2,0.0013592392206192017
hellorr_48.npy,hello,father,0.10824304074048996,joint,joint_03,3,0.0015622451901435852
hellorr_48.npy,hello,father,0.10824304074048996,joint,joint_04,4,2.2158026695251465e-05
hellorr_48.npy,hello,father,0.10824304074048996,joint,joint_05,5,0.0008510574698448181
hellorr_48.npy,hello,father,0.10824304074048996,joint,joint_06,6,-0.00014066696166992188
hellorr_48.npy,hello,father,0.10824304074048996,joint,joint_07,7,0.0013355463743209839
hellorr_48.npy,hello,father,0.10824304074048996,joint,joint_08,8,-0.0006000027060508728
hellorr_48.npy,hello,father,0.10824304074048996,joint,joint_09,9,0.0005796924233436584
hellorr_48.npy,hello,father,0.10824304074048996,joint,joint_10,10,0.0017642825841903687
hellorr_48.npy,hello,father,0.10824304074048996,joint,joint_11,11,0.0009722933173179626
hellorr_48.npy,hello,father,0.10824304074048996,joint,joint_12,12,0.001712217926979065
hellorr_48.npy,hello,father,0.10824304074048996,joint,joint_13,13,0.0028434470295906067
hellorr_48.npy,hello,father,0.10824304074048996,joint,joint_14,14,0.00025713443756103516
hellorr_48.npy,hello,father,0.10824304074048996,joint,joint_15,15,0.002272993326187134
hellorr_48.npy,hello,father,0.10824304074048996,joint,joint_16,16,0.002558469772338867
hellorr_48.npy,hello,father,0.10824304074048996,joint,joint_17,17,0.002056211233139038
hellorr_48.npy,hello,father,0.10824304074048996,joint,joint_18,18,0.0017273873090744019
hellorr_48.npy,hello,father,0.10824304074048996,joint,joint_19,19,0.0004065185785293579
hellorr_48.npy,hello,father,0.10824304074048996,joint,joint_20,20,-0.0010043159127235413
hellorr_48.npy,hello,father,0.10824304074048996,joint,joint_21,21,1.516193151473999e-05
hellorr_48.npy,hello,father,0.10824304074048996,joint,joint_22,22,3.074854612350464e-05
hellorr_48.npy,hello,father,0.10824304074048996,joint,joint_23,23,2.034008502960205e-05
hellorr_48.npy,hello,father,0.10824304074048996,joint,joint_24,24,-3.381073474884033e-05
hellorr_48.npy,hello,father,0.10824304074048996,joint,joint_25,25,1.691281795501709e-06
hellorr_48.npy,hello,father,0.10824304074048996,joint,joint_26,26,1.8037855625152588e-05
hellorr_48.npy,hello,father,0.10824304074048996,joint,joint_27,27,-6.438791751861572e-05
hellorr_48.npy,hello,father,0.10824304074048996,joint,joint_28,28,-9.775161743164062e-06
hellorr_48.npy,hello,father,0.10824304074048996,joint,joint_29,29,2.0675361156463623e-05
hellorr_48.npy,hello,father,0.10824304074048996,joint,joint_30,30,1.3127923011779785e-05
hellorr_48.npy,hello,father,0.10824304074048996,joint,joint_31,31,2.7135014533996582e-05
hellorr_48.npy,hello,father,0.10824304074048996,joint,joint_32,32,-3.0346214771270752e-05
hellorr_48.npy,hello,father,0.10824304074048996,joint,joint_33,33,3.205984830856323e-05
hellorr_48.npy,hello,father,0.10824304074048996,joint,joint_34,34,-1.150369644165039e-05
hellorr_48.npy,hello,father,0.10824304074048996,joint,joint_35,35,2.9727816581726074e-05
hellorr_48.npy,hello,father,0.10824304074048996,joint,joint_36,36,3.419071435928345e-05
hellorr_48.npy,hello,father,0.10824304074048996,joint,joint_37,37,-2.4296343326568604e-05
hellorr_48.npy,hello,father,0.10824304074048996,joint,joint_38,38,7.621198892593384e-05
hellorr_48.npy,hello,father,0.10824304074048996,joint,joint_39,39,1.6607344150543213e-05
hellorr_48.npy,hello,father,0.10824304074048996,joint,joint_40,40,-3.653019666671753e-05
hellorr_48.npy,hello,father,0.10824304074048996,joint,joint_41,41,7.19800591468811e-05
hellorr_48.npy,hello,father,0.10824304074048996,coordinate_axis,x,0,0.01477213203907013
hellorr_48.npy,hello,father,0.10824304074048996,coordinate_axis,y,1,0.0051733702421188354
hellorr_48.npy,hello,father,0.10824304074048996,coordinate_axis,z,2,0.00031870603561401367
hellorr_51.npy,hello,father,0.10787678509950638,joint,joint_00,0,0.0003735944628715515
hellorr_51.npy,hello,father,0.10787678509950638,joint,joint_01,1,-0.0001434236764907837
hellorr_51.npy,hello,father,0.10787678509950638,joint,joint_02,2,0.0013362392783164978
hellorr_51.npy,hello,father,0.10787678509950638,joint,joint_03,3,0.0014715418219566345
hellorr_51.npy,hello,father,0.10787678509950638,joint,joint_04,4,3.550201654434204e-05
hellorr_51.npy,hello,father,0.10787678509950638,joint,joint_05,5,0.000877968966960907
hellorr_51.npy,hello,father,0.10787678509950638,joint,joint_06,6,-0.00016344338655471802
hellorr_51.npy,hello,father,0.10787678509950638,joint,joint_07,7,0.001298360526561737
hellorr_51.npy,hello,father,0.10787678509950638,joint,joint_08,8,-0.0005937963724136353
hellorr_51.npy,hello,father,0.10787678509950638,joint,joint_09,9,0.0005788952112197876
hellorr_51.npy,hello,father,0.10787678509950638,joint,joint_10,10,0.001725412905216217
hellorr_51.npy,hello,father,0.10787678509950638,joint,joint_11,11,0.000932842493057251
hellorr_51.npy,hello,father,0.10787678509950638,joint,joint_12,12,0.0016382113099098206
hellorr_51.npy,hello,father,0.10787678509950638,joint,joint_13,13,0.0028072819113731384
hellorr_51.npy,hello,father,0.10787678509950638,joint,joint_14,14,0.00021705776453018188
hellorr_51.npy,hello,father,0.10787678509950638,joint,joint_15,15,0.0022295042872428894
hellorr_51.npy,hello,father,0.10787678509950638,joint,joint_16,16,0.0025228559970855713
hellorr_51.npy,hello,father,0.10787678509950638,joint,joint_17,17,0.002026692032814026
hellorr_51.npy,hello,father,0.10787678509950638,joint,joint_18,18,0.0017404258251190186
hellorr_51.npy,hello,father,0.10787678509950638,joint,joint_19,19,0.00039043277502059937
hellorr_51.npy,hello,father,0.10787678509950638,joint,joint_20,20,-0.0009753555059432983
hellorr_51.npy,hello,father,0.10787678509950638,joint,joint_21,21,1.5050172805786133e-05
hellorr_51.npy,hello,father,0.10787678509950638,joint,joint_22,22,3.0547380447387695e-05
hellorr_51.npy,hello,father,0.10787678509950638,joint,joint_23,23,2.0176172256469727e-05
hellorr_51.npy,hello,father,0.10787678509950638,joint,joint_24,24,-3.372877836227417e-05
hellorr_51.npy,hello,father,0.10787678509950638,joint,joint_25,25,1.4603137969970703e-06
hellorr_51.npy,hello,father,0.10787678509950638,joint,joint_26,26,1.7940998077392578e-05
hellorr_51.npy,hello,father,0.10787678509950638,joint,joint_27,27,-6.415694952011108e-05
hellorr_51.npy,hello,father,0.10787678509950638,joint,joint_28,28,-9.752810001373291e-06
hellorr_51.npy,hello,father,0.10787678509950638,joint,joint_29,29,2.0526349544525146e-05
hellorr_51.npy,hello,father,0.10787678509950638,joint,joint_30,30,1.2964010238647461e-05
hellorr_51.npy,hello,father,0.10787678509950638,joint,joint_31,31,2.6963651180267334e-05
hellorr_51.npy,hello,father,0.10787678509950638,joint,joint_32,32,-3.0174851417541504e-05
hellorr_51.npy,hello,father,0.10787678509950638,joint,joint_33,33,3.185868263244629e-05
hellorr_51.npy,hello,father,0.10787678509950638,joint,joint_34,34,-1.1511147022247314e-05
hellorr_51.npy,hello,father,0.10787678509950638,joint,joint_35,35,2.9668211936950684e-05
hellorr_51.npy,hello,father,0.10787678509950638,joint,joint_36,36,3.40193510055542e-05
hellorr_51.npy,hello,father,0.10787678509950638,joint,joint_37,37,-2.4184584617614746e-05
hellorr_51.npy,hello,father,0.10787678509950638,joint,joint_38,38,7.595866918563843e-05
hellorr_51.npy,hello,father,0.10787678509950638,joint,joint_39,39,1.6592442989349365e-05
hellorr_51.npy,hello,father,0.10787678509950638,joint,joint_40,40,-3.6559998989105225e-05
hellorr_51.npy,hello,father,0.10787678509950638,joint,joint_41,41,7.173418998718262e-05
hellorr_51.npy,hello,father,0.10787678509950638,coordinate_axis,x,0,0.014555171132087708
hellorr_51.npy,hello,father,0.10787678509950638,coordinate_axis,y,1,0.004955977201461792
hellorr_51.npy,hello,father,0.10787678509950638,coordinate_axis,z,2,0.00034198909997940063
hellorr_61.npy,hello,father,0.10835640877485275,joint,joint_00,0,0.00036657601594924927
hellorr_61.npy,hello,father,0.10835640877485275,joint,joint_01,1,-0.00014363229274749756
hellorr_61.npy,hello,father,0.10835640877485275,joint,joint_02,2,0.0013123229146003723
hellorr_61.npy,hello,father,0.10835640877485275,joint,joint_03,3,0.001511313021183014
hellorr_61.npy,hello,father,0.10835640877485275,joint,joint_04,4,4.750490188598633e-05
hellorr_61.npy,hello,father,0.10835640877485275,joint,joint_05,5,0.0008141025900840759
hellorr_61.npy,hello,father,0.10835640877485275,joint,joint_06,6,-0.00013031065464019775
hellorr_61.npy,hello,father,0.10835640877485275,joint,joint_07,7,0.0013280436396598816
hellorr_61.npy,hello,father,0.10835640877485275,joint,joint_08,8,-0.0005394518375396729
hellorr_61.npy,hello,father,0.10835640877485275,joint,joint_09,9,0.0006006136536598206
hellorr_61.npy,hello,father,0.10835640877485275,joint,joint_10,10,0.0017998069524765015
hellorr_61.npy,hello,father,0.10835640877485275,joint,joint_11,11,0.0009470582008361816
hellorr_61.npy,hello,father,0.10835640877485275,joint,joint_12,12,0.001691192388534546
hellorr_61.npy,hello,father,0.10835640877485275,joint,joint_13,13,0.0028288662433624268
hellorr_61.npy,hello,father,0.10835640877485275,joint,joint_14,14,0.000238761305809021
hellorr_61.npy,hello,father,0.10835640877485275,joint,joint_15,15,0.0023399293422698975
hellorr_61.npy,hello,father,0.10835640877485275,joint,joint_16,16,0.0026670023798942566
hellorr_61.npy,hello,father,0.10835640877485275,joint,joint_17,17,0.002042032778263092
hellorr_61.npy,hello,father,0.10835640877485275,joint,joint_18,18,0.0017846077680587769
hellorr_61.npy,hello,father,0.10835640877485275,joint,joint_19,19,0.0004038587212562561
hellorr_61.npy,hello,father,0.10835640877485275,joint,joint_20,20,-0.000997394323348999
hellorr_61.npy,hello,father,0.10835640877485275,joint,joint_21,21,1.5139579772949219e-05
hellorr_61.npy,hello,father,0.10835640877485275,joint,joint_22,22,3.0763447284698486e-05
hellorr_61.npy,hello,father,0.10835640877485275,joint,joint_23,23,2.0310282707214355e-05
hellorr_61.npy,hello,father,0.10835640877485275,joint,joint_24,24,-3.3818185329437256e-05
hellorr_61.npy,hello,father,0.10835640877485275,joint,joint_25,25,1.601874828338623e-06
hellorr_61.npy,hello,father,0.10835640877485275,joint,joint_26,26,1.8037855625152588e-05
hellorr_61.npy,hello,father,0.10835640877485275,joint,joint_27,27,-6.443262100219727e-05
hellorr_61.npy,hello,father,0.10835640877485275,joint,joint_28,28,-9.782612323760986e-06
hellorr_61.npy,hello,father,0.10835640877485275,joint,joint_29,29,2.0734965801239014e-05
hellorr_61.npy,hello,father,0.10835640877485275,joint,joint_30,30,1.3135373592376709e-05
hellorr_61.npy,hello,father,0.10835640877485275,joint,joint_31,31,2.7202069759368896e-05
hellorr_61.npy,hello,father,0.10835640877485275,joint,joint_32,32,-3.028661012649536e-05
hellorr_61.npy,hello,father,0.10835640877485275,joint,joint_33,33,3.211945295333862e-05
hellorr_61.npy,hello,father,0.10835640877485275,joint,joint_34,34,-1.1458992958068848e-05
hellorr_61.npy,hello,father,0.10835640877485275,joint,joint_35,35,2.9772520065307617e-05
hellorr_61.npy,hello,father,0.10835640877485275,joint,joint_36,36,3.425031900405884e-05
hellorr_61.npy,hello,father,0.10835640877485275,joint,joint_37,37,-2.4221837520599365e-05
hellorr_61.npy,hello,father,0.10835640877485275,joint,joint_38,38,7.640570402145386e-05
hellorr_61.npy,hello,father,0.10835640877485275,joint,joint_39,39,1.6637146472930908e-05
hellorr_61.npy,hello,father,0.10835640877485275,joint,joint_40,40,-3.662705421447754e-05
hellorr_61.npy,hello,father,0.10835640877485275,joint,joint_41,41,7.202476263046265e-05
hellorr_61.npy,hello,father,0.10835640877485275,coordinate_axis,x,0,0.014677882194519043
hellorr_61.npy,hello,father,0.10835640877485275,coordinate_axis,y,1,0.005285002291202545
hellorr_61.npy,hello,father,0.10835640877485275,coordinate_axis,z,2,0.00046390295028686523
hellorr_69.npy,hello,father,0.1084102913737297,joint,joint_00,0,0.0003414079546928406
hellorr_69.npy,hello,father,0.1084102913737297,joint,joint_01,1,-0.00012116879224777222
hellorr_69.npy,hello,father,0.1084102913737297,joint,joint_02,2,0.0013698413968086243
hellorr_69.npy,hello,father,0.1084102913737297,joint,joint_03,3,0.001399993896484375
hellorr_69.npy,hello,father,0.1084102913737297,joint,joint_04,4,0.000214502215385437
hellorr_69.npy,hello,father,0.1084102913737297,joint,joint_05,5,0.000979207456111908
hellorr_69.npy,hello,father,0.1084102913737297,joint,joint_06,6,-0.00018822401762008667
hellorr_69.npy,hello,father,0.1084102913737297,joint,joint_07,7,0.0014088526368141174
hellorr_69.npy,hello,father,0.1084102913737297,joint,joint_08,8,-0.0007555857300758362
hellorr_69.npy,hello,father,0.1084102913737297,joint,joint_09,9,0.0006203949451446533
hellorr_69.npy,hello,father,0.1084102913737297,joint,joint_10,10,0.001765221357345581
hellorr_69.npy,hello,father,0.1084102913737297,joint,joint_11,11,0.0010133832693099976
hellorr_69.npy,hello,father,0.1084102913737297,joint,joint_12,12,0.0016770213842391968
hellorr_69.npy,hello,father,0.1084102913737297,joint,joint_13,13,0.0029415935277938843
hellorr_69.npy,hello,father,0.1084102913737297,joint,joint_14,14,0.0002201274037361145
hellorr_69.npy,hello,father,0.1084102913737297,joint,joint_15,15,0.002217605710029602
hellorr_69.npy,hello,father,0.1084102913737297,joint,joint_16,16,0.0025071725249290466
hellorr_69.npy,hello,father,0.1084102913737297,joint,joint_17,17,0.0019869059324264526
hellorr_69.npy,hello,father,0.1084102913737297,joint,joint_18,18,0.0019104927778244019
hellorr_69.npy,hello,father,0.1084102913737297,joint,joint_19,19,0.00040596723556518555
hellorr_69.npy,hello,father,0.1084102913737297,joint,joint_20,20,-0.001034371554851532
hellorr_69.npy,hello,father,0.1084102913737297,joint,joint_21,21,1.5221536159515381e-05
hellorr_69.npy,hello,father,0.1084102913737297,joint,joint_22,22,3.0353665351867676e-05
hellorr_69.npy,hello,father,0.1084102913737297,joint,joint_23,23,1.9729137420654297e-05
hellorr_69.npy,hello,father,0.1084102913737297,joint,joint_24,24,-3.425031900405884e-05
hellorr_69.npy,hello,father,0.1084102913737297,joint,joint_25,25,1.6614794731140137e-06
hellorr_69.npy,hello,father,0.1084102913737297,joint,joint_26,26,1.8753111362457275e-05
hellorr_69.npy,hello,father,0.1084102913737297,joint,joint_27,27,-6.490200757980347e-05
hellorr_69.npy,hello,father,0.1084102913737297,joint,joint_28,28,-9.916722774505615e-06
hellorr_69.npy,hello,father,0.1084102913737297,joint,joint_29,29,2.041459083557129e-05
hellorr_69.npy,hello,father,0.1084102913737297,joint,joint_30,30,1.2174248695373535e-05
hellorr_69.npy,hello,father,0.1084102913737297,joint,joint_31,31,2.656877040863037e-05
hellorr_69.npy,hello,father,0.1084102913737297,joint,joint_32,32,-3.0517578125e-05
hellorr_69.npy,hello,father,0.1084102913737297,joint,joint_33,33,3.2007694244384766e-05
hellorr_69.npy,hello,father,0.1084102913737297,joint,joint_34,34,-1.1786818504333496e-05
hellorr_69.npy,hello,father,0.1084102913737297,joint,joint_35,35,2.972036600112915e-05
hellorr_69.npy,hello,father,0.1084102913737297,joint,joint_36,36,3.492087125778198e-05
hellorr_69.npy,hello,father,0.1084102913737297,joint,joint_37,37,-2.3812055587768555e-05
hellorr_69.npy,hello,father,0.1084102913737297,joint,joint_38,38,7.595866918563843e-05
hellorr_69.npy,hello,father,0.1084102913737297,joint,joint_39,39,1.6108155250549316e-05
hellorr_69.npy,hello,father,0.1084102913737297,joint,joint_40,40,-3.59266996383667e-05
hellorr_69.npy,hello,father,0.1084102913737297,joint,joint_41,41,7.24494457244873e-05
hellorr_69.npy,hello,father,0.1084102913737297,coordinate_axis,x,0,0.015314541757106781
hellorr_69.npy,hello,father,0.1084102913737297,coordinate_axis,y,1,0.004505828022956848
hellorr_69.npy,hello,father,0.1084102913737297,coordinate_axis,z,2,0.000559389591217041
hellorr_79.npy,hello,father,0.1047874465584755,joint,joint_00,0,0.0004915893077850342
hellorr_79.npy,hello,father,0.1047874465584755,joint,joint_01,1,-0.0002140253782272339
hellorr_79.npy,hello,father,0.1047874465584755,joint,joint_02,2,0.0008575096726417542
hellorr_79.npy,hello,father,0.1047874465584755,joint,joint_03,3,0.0011014267802238464
hellorr_79.npy,hello,father,0.1047874465584755,joint,joint_04,4,-0.00022238492965698242
hellorr_79.npy,hello,father,0.1047874465584755,joint,joint_05,5,0.00022107362747192383
hellorr_79.npy,hello,father,0.1047874465584755,joint,joint_06,6,5.281716585159302e-05
hellorr_79.npy,hello,father,0.1047874465584755,joint,joint_07,7,0.000797957181930542
hellorr_79.npy,hello,father,0.1047874465584755,joint,joint_08,8,0.0002845972776412964
hellorr_79.npy,hello,father,0.1047874465584755,joint,joint_09,9,0.00043501704931259155
hellorr_79.npy,hello,father,0.1047874465584755,joint,joint_10,10,0.0014910101890563965
hellorr_79.npy,hello,father,0.1047874465584755,joint,joint_11,11,0.00040005892515182495
hellorr_79.npy,hello,father,0.1047874465584755,joint,joint_12,12,0.0011656656861305237
hellorr_79.npy,hello,father,0.1047874465584755,joint,joint_13,13,0.001957409083843231
hellorr_79.npy,hello,father,0.1047874465584755,joint,joint_14,14,0.00027923285961151123
hellorr_79.npy,hello,father,0.1047874465584755,joint,joint_15,15,0.0022962838411331177
hellorr_79.npy,hello,father,0.1047874465584755,joint,joint_16,16,0.0029052644968032837
hellorr_79.npy,hello,father,0.1047874465584755,joint,joint_17,17,0.0019650086760520935
hellorr_79.npy,hello,father,0.1047874465584755,joint,joint_18,18,0.0008632093667984009
hellorr_79.npy,hello,father,0.1047874465584755,joint,joint_19,19,0.00039896368980407715
hellorr_79.npy,hello,father,0.1047874465584755,joint,joint_20,20,-0.0006126910448074341
hellorr_79.npy,hello,father,0.1047874465584755,joint,joint_21,21,1.4476478099822998e-05
hellorr_79.npy,hello,father,0.1047874465584755,joint,joint_22,22,2.979487180709839e-05
hellorr_79.npy,hello,father,0.1047874465584755,joint,joint_23,23,2.0094215869903564e-05
hellorr_79.npy,hello,father,0.1047874465584755,joint,joint_24,24,-3.298372030258179e-05
hellorr_79.npy,hello,father,0.1047874465584755,joint,joint_25,25,1.7583370208740234e-06
hellorr_79.npy,hello,father,0.1047874465584755,joint,joint_26,26,1.786649227142334e-05
hellorr_79.npy,hello,father,0.1047874465584755,joint,joint_27,27,-6.072968244552612e-05
hellorr_79.npy,hello,father,0.1047874465584755,joint,joint_28,28,-9.670853614807129e-06
hellorr_79.npy,hello,father,0.1047874465584755,joint,joint_29,29,1.9297003746032715e-05
hellorr_79.npy,hello,father,0.1047874465584755,joint,joint_30,30,1.405179500579834e-05
hellorr_79.npy,hello,father,0.1047874465584755,joint,joint_31,31,2.5428831577301025e-05
hellorr_79.npy,hello,father,0.1047874465584755,joint,joint_32,32,-2.8684735298156738e-05
hellorr_79.npy,hello,father,0.1047874465584755,joint,joint_33,33,3.152340650558472e-05
hellorr_79.npy,hello,father,0.1047874465584755,joint,joint_34,34,-1.1004507541656494e-05
hellorr_79.npy,hello,father,0.1047874465584755,joint,joint_35,35,2.734363079071045e-05
hellorr_79.npy,hello,father,0.1047874465584755,joint,joint_36,36,3.368407487869263e-05
hellorr_79.npy,hello,father,0.1047874465584755,joint,joint_37,37,-2.3424625396728516e-05
hellorr_79.npy,hello,father,0.1047874465584755,joint,joint_38,38,7.423758506774902e-05
hellorr_79.npy,hello,father,0.1047874465584755,joint,joint_39,39,1.6227364540100098e-05
hellorr_79.npy,hello,father,0.1047874465584755,joint,joint_40,40,-3.429502248764038e-05
hellorr_79.npy,hello,father,0.1047874465584755,joint,joint_41,41,6.905943155288696e-05
hellorr_79.npy,hello,father,0.1047874465584755,coordinate_axis,x,0,0.009464025497436523
hellorr_79.npy,hello,father,0.1047874465584755,coordinate_axis,y,1,0.0068354010581970215
hellorr_79.npy,hello,father,0.1047874465584755,coordinate_axis,z,2,0.0004462525248527527
hellorr_91.npy,hello,father,0.10635065287351608,joint,joint_00,0,0.0005210191011428833
hellorr_91.npy,hello,father,0.10635065287351608,joint,joint_01,1,-0.00022291392087936401
hellorr_91.npy,hello,father,0.10635065287351608,joint,joint_02,2,0.0011141225695610046
hellorr_91.npy,hello,father,0.10635065287351608,joint,joint_03,3,0.00133582204580307
hellorr_91.npy,hello,father,0.10635065287351608,joint,joint_04,4,-0.00024002045392990112
hellorr_91.npy,hello,father,0.10635065287351608,joint,joint_05,5,0.0005008131265640259
hellorr_91.npy,hello,father,0.10635065287351608,joint,joint_06,6,-5.2869319915771484e-05
hellorr_91.npy,hello,father,0.10635065287351608,joint,joint_07,7,0.0009681209921836853
hellorr_91.npy,hello,father,0.10635065287351608,joint,joint_08,8,-1.5407800674438477e-05
hellorr_91.npy,hello,father,0.10635065287351608,joint,joint_09,9,0.0005087628960609436
hellorr_91.npy,hello,father,0.10635065287351608,joint,joint_10,10,0.001620173454284668
hellorr_91.npy,hello,father,0.10635065287351608,joint,joint_11,11,0.0005925074219703674
hellorr_91.npy,hello,father,0.10635065287351608,joint,joint_12,12,0.0013513192534446716
hellorr_91.npy,hello,father,0.10635065287351608,joint,joint_13,13,0.002365417778491974
hellorr_91.npy,hello,father,0.10635065287351608,joint,joint_14,14,0.00025988370180130005
hellorr_91.npy,hello,father,0.10635065287351608,joint,joint_15,15,0.0023243650794029236
hellorr_91.npy,hello,father,0.10635065287351608,joint,joint_16,16,0.0028052479028701782
hellorr_91.npy,hello,father,0.10635065287351608,joint,joint_17,17,0.002134948968887329
hellorr_91.npy,hello,father,0.10635065287351608,joint,joint_18,18,0.0011414065957069397
hellorr_91.npy,hello,father,0.10635065287351608,joint,joint_19,19,0.00040596723556518555
hellorr_91.npy,hello,father,0.10635065287351608,joint,joint_20,20,-0.0007272213697433472
hellorr_91.npy,hello,father,0.10635065287351608,joint,joint_21,21,1.5079975128173828e-05
hellorr_91.npy,hello,father,0.10635065287351608,joint,joint_22,22,3.032386302947998e-05
hellorr_91.npy,hello,father,0.10635065287351608,joint,joint_23,23,2.0444393157958984e-05
hellorr_91.npy,hello,father,0.10635065287351608,joint,joint_24,24,-3.335624933242798e-05
hellorr_91.npy,hello,father,0.10635065287351608,joint,joint_25,25,1.6391277313232422e-06
hellorr_91.npy,hello,father,0.10635065287351608,joint,joint_26,26,1.8090009689331055e-05
hellorr_91.npy,hello,father,0.10635065287351608,joint,joint_27,27,-6.21601939201355e-05
hellorr_91.npy,hello,father,0.10635065287351608,joint,joint_28,28,-1.004338264465332e-05
hellorr_91.npy,hello,father,0.10635065287351608,joint,joint_29,29,1.9408762454986572e-05
hellorr_91.npy,hello,father,0.10635065287351608,joint,joint_30,30,1.389533281326294e-05
hellorr_91.npy,hello,father,0.10635065287351608,joint,joint_31,31,2.6047229766845703e-05
hellorr_91.npy,hello,father,0.10635065287351608,joint,joint_32,32,-2.9064714908599854e-05
hellorr_91.npy,hello,father,0.10635065287351608,joint,joint_33,33,3.165006637573242e-05
hellorr_91.npy,hello,father,0.10635065287351608,joint,joint_34,34,-1.1488795280456543e-05
hellorr_91.npy,hello,father,0.10635065287351608,joint,joint_35,35,2.8289854526519775e-05
hellorr_91.npy,hello,father,0.10635065287351608,joint,joint_36,36,3.406405448913574e-05
hellorr_91.npy,hello,father,0.10635065287351608,joint,joint_37,37,-2.4303793907165527e-05
hellorr_91.npy,hello,father,0.10635065287351608,joint,joint_38,38,7.51689076423645e-05
hellorr_91.npy,hello,father,0.10635065287351608,joint,joint_39,39,1.6801059246063232e-05
hellorr_91.npy,hello,father,0.10635065287351608,joint,joint_40,40,-3.5114586353302e-05
hellorr_91.npy,hello,father,0.10635065287351608,joint,joint_41,41,6.988644599914551e-05
hellorr_91.npy,hello,father,0.10635065287351608,coordinate_axis,x,0,0.011663153767585754
hellorr_91.npy,hello,father,0.10635065287351608,coordinate_axis,y,1,0.006462253630161285
hellorr_91.npy,hello,father,0.10635065287351608,coordinate_axis,z,2,0.00026936084032058716
isr_10.npy,is,father,0.23941442370414734,joint,joint_00,0,0.001645699143409729
isr_10.npy,is,father,0.23941442370414734,joint,joint_01,1,-0.00021623075008392334
isr_10.npy,is,father,0.23941442370414734,joint,joint_02,2,1.0535120964050293e-05
isr_10.npy,is,father,0.23941442370414734,joint,joint_03,3,-0.00029915571212768555
isr_10.npy,is,father,0.23941442370414734,joint,joint_04,4,-0.0017159134149551392
isr_10.npy,is,father,0.23941442370414734,joint,joint_05,5,-0.002004370093345642
isr_10.npy,is,father,0.23941442370414734,joint,joint_06,6,0.0006979256868362427
isr_10.npy,is,father,0.23941442370414734,joint,joint_07,7,0.002287536859512329
isr_10.npy,is,father,0.23941442370414734,joint,joint_08,8,-0.0005483329296112061
isr_10.npy,is,father,0.23941442370414734,joint,joint_09,9,0.0019350945949554443
isr_10.npy,is,father,0.23941442370414734,joint,joint_10,10,0.0019391030073165894
isr_10.npy,is,father,0.23941442370414734,joint,joint_11,11,0.00022713840007781982
isr_10.npy,is,father,0.23941442370414734,joint,joint_12,12,0.0009393841028213501
isr_10.npy,is,father,0.23941442370414734,joint,joint_13,13,0.0027675479650497437
isr_10.npy,is,father,0.23941442370414734,joint,joint_14,14,0.0006095916032791138
isr_10.npy,is,father,0.23941442370414734,joint,joint_15,15,0.005286961793899536
isr_10.npy,is,father,0.23941442370414734,joint,joint_16,16,0.0009935647249221802
isr_10.npy,is,father,0.23941442370414734,joint,joint_17,17,0.004654482007026672
isr_10.npy,is,father,0.23941442370414734,joint,joint_18,18,0.005447059869766235
isr_10.npy,is,father,0.23941442370414734,joint,joint_19,19,0.004205033183097839
isr_10.npy,is,father,0.23941442370414734,joint,joint_20,20,0.003217250108718872
isr_10.npy,is,father,0.23941442370414734,joint,joint_21,21,0.0002932995557785034
isr_10.npy,is,father,0.23941442370414734,joint,joint_22,22,-0.0007534176111221313
isr_10.npy,is,father,0.23941442370414734,joint,joint_23,23,-0.0005164742469787598
isr_10.npy,is,father,0.23941442370414734,joint,joint_24,24,-9.73045825958252e-05
isr_10.npy,is,father,0.23941442370414734,joint,joint_25,25,0.0005802363157272339
isr_10.npy,is,father,0.23941442370414734,joint,joint_26,26,4.017353057861328e-05
isr_10.npy,is,father,0.23941442370414734,joint,joint_27,27,-5.8844685554504395e-05
isr_10.npy,is,father,0.23941442370414734,joint,joint_28,28,-0.00027751922607421875
isr_10.npy,is,father,0.23941442370414734,joint,joint_29,29,0.00021468102931976318
isr_10.npy,is,father,0.23941442370414734,joint,joint_30,30,2.714991569519043e-05
isr_10.npy,is,father,0.23941442370414734,joint,joint_31,31,-0.0006961077451705933
isr_10.npy,is,father,0.23941442370414734,joint,joint_32,32,0.0005518496036529541
isr_10.npy,is,father,0.23941442370414734,joint,joint_33,33,0.00042547285556793213
isr_10.npy,is,father,0.23941442370414734,joint,joint_34,34,-0.00037732720375061035
isr_10.npy,is,father,0.23941442370414734,joint,joint_35,35,-0.0002009570598602295
isr_10.npy,is,father,0.23941442370414734,joint,joint_36,36,0.0002499818801879883
isr_10.npy,is,father,0.23941442370414734,joint,joint_37,37,0.00020240247249603271
isr_10.npy,is,father,0.23941442370414734,joint,joint_38,38,5.142390727996826e-05
isr_10.npy,is,father,0.23941442370414734,joint,joint_39,39,0.0001131296157836914
isr_10.npy,is,father,0.23941442370414734,joint,joint_40,40,0.00010667741298675537
isr_10.npy,is,father,0.23941442370414734,joint,joint_41,41,-0.00023695826530456543
isr_10.npy,is,father,0.23941442370414734,coordinate_axis,x,0,-0.00039283931255340576
isr_10.npy,is,father,0.23941442370414734,coordinate_axis,y,1,0.029170140624046326
isr_10.npy,is,father,0.23941442370414734,coordinate_axis,z,2,0.001980721950531006
isr_100.npy,is,father,0.2240639477968216,joint,joint_00,0,0.0001583397388458252
isr_100.npy,is,father,0.2240639477968216,joint,joint_01,1,1.195073127746582e-05
isr_100.npy,is,father,0.2240639477968216,joint,joint_02,2,0.0008225739002227783
isr_100.npy,is,father,0.2240639477968216,joint,joint_03,3,-0.00021794438362121582
isr_100.npy,is,father,0.2240639477968216,joint,joint_04,4,-0.0001842975616455078
isr_100.npy,is,father,0.2240639477968216,joint,joint_05,5,-0.0006064474582672119
isr_100.npy,is,father,0.2240639477968216,joint,joint_06,6,0.0002193152904510498
isr_100.npy,is,father,0.2240639477968216,joint,joint_07,7,0.0005320608615875244
isr_100.npy,is,father,0.2240639477968216,joint,joint_08,8,-6.955862045288086e-05
isr_100.npy,is,father,0.2240639477968216,joint,joint_09,9,0.0006626695394515991
isr_100.npy,is,father,0.2240639477968216,joint,joint_10,10,0.0007209926843643188
isr_100.npy,is,father,0.2240639477968216,joint,joint_11,11,-6.854534149169922e-05
isr_100.npy,is,father,0.2240639477968216,joint,joint_12,12,0.00039537250995635986
isr_100.npy,is,father,0.2240639477968216,joint,joint_13,13,0.0010435134172439575
isr_100.npy,is,father,0.2240639477968216,joint,joint_14,14,0.0005526244640350342
isr_100.npy,is,father,0.2240639477968216,joint,joint_15,15,0.0023680180311203003
isr_100.npy,is,father,0.2240639477968216,joint,joint_16,16,0.0003599226474761963
isr_100.npy,is,father,0.2240639477968216,joint,joint_17,17,0.0013063102960586548
isr_100.npy,is,father,0.2240639477968216,joint,joint_18,18,0.0026641935110092163
isr_100.npy,is,father,0.2240639477968216,joint,joint_19,19,0.002349853515625
isr_100.npy,is,father,0.2240639477968216,joint,joint_20,20,0.0029743462800979614
isr_100.npy,is,father,0.2240639477968216,joint,joint_21,21,-3.55839729309082e-05
isr_100.npy,is,father,0.2240639477968216,joint,joint_22,22,7.483363151550293e-05
isr_100.npy,is,father,0.2240639477968216,joint,joint_23,23,7.489323616027832e-05
isr_100.npy,is,father,0.2240639477968216,joint,joint_24,24,6.258487701416016e-06
isr_100.npy,is,father,0.2240639477968216,joint,joint_25,25,-8.495151996612549e-05
isr_100.npy,is,father,0.2240639477968216,joint,joint_26,26,9.238719940185547e-06
isr_100.npy,is,father,0.2240639477968216,joint,joint_27,27,3.7044286727905273e-05
isr_100.npy,is,father,0.2240639477968216,joint,joint_28,28,3.355741500854492e-05
isr_100.npy,is,father,0.2240639477968216,joint,joint_29,29,-4.340708255767822e-05
isr_100.npy,is,father,0.2240639477968216,joint,joint_30,30,-1.798570156097412e-05
isr_100.npy,is,father,0.2240639477968216,joint,joint_31,31,0.00010581314563751221
isr_100.npy,is,father,0.2240639477968216,joint,joint_32,32,-8.74251127243042e-05
isr_100.npy,is,father,0.2240639477968216,joint,joint_33,33,-9.073317050933838e-05
isr_100.npy,is,father,0.2240639477968216,joint,joint_34,34,6.315112113952637e-05
isr_100.npy,is,father,0.2240639477968216,joint,joint_35,35,3.470480442047119e-05
isr_100.npy,is,father,0.2240639477968216,joint,joint_36,36,-4.70280647277832e-05
isr_100.npy,is,father,0.2240639477968216,joint,joint_37,37,-7.867813110351562e-06
isr_100.npy,is,father,0.2240639477968216,joint,joint_38,38,-1.1518597602844238e-05
isr_100.npy,is,father,0.2240639477968216,joint,joint_39,39,-1.8030405044555664e-06
isr_100.npy,is,father,0.2240639477968216,joint,joint_40,40,-2.89231538772583e-05
isr_100.npy,is,father,0.2240639477968216,joint,joint_41,41,-4.202127456665039e-06
isr_100.npy,is,father,0.2240639477968216,coordinate_axis,x,0,0.0016416162252426147
isr_100.npy,is,father,0.2240639477968216,coordinate_axis,y,1,0.013547703623771667
isr_100.npy,is,father,0.2240639477968216,coordinate_axis,z,2,0.0005064159631729126
isr_106.npy,is,father,0.22537699341773987,joint,joint_00,0,0.0001551508903503418
isr_106.npy,is,father,0.22537699341773987,joint,joint_01,1,-5.170702934265137e-06
isr_106.npy,is,father,0.22537699341773987,joint,joint_02,2,0.00018583238124847412
isr_106.npy,is,father,0.22537699341773987,joint,joint_03,3,-2.561509609222412e-05
isr_106.npy,is,father,0.22537699341773987,joint,joint_04,4,-7.258355617523193e-05
isr_106.npy,is,father,0.22537699341773987,joint,joint_05,5,-0.00029768049716949463
isr_106.npy,is,father,0.22537699341773987,joint,joint_06,6,0.00015619397163391113
isr_106.npy,is,father,0.22537699341773987,joint,joint_07,7,0.0004585385322570801
isr_106.npy,is,father,0.22537699341773987,joint,joint_08,8,-0.00018619000911712646
isr_106.npy,is,father,0.22537699341773987,joint,joint_09,9,0.0008727461099624634
isr_106.npy,is,father,0.22537699341773987,joint,joint_10,10,0.0008963644504547119
isr_106.npy,is,father,0.22537699341773987,joint,joint_11,11,-0.0004170536994934082
isr_106.npy,is,father,0.22537699341773987,joint,joint_12,12,0.0006088167428970337
isr_106.npy,is,father,0.22537699341773987,joint,joint_13,13,0.0010759085416793823
isr_106.npy,is,father,0.22537699341773987,joint,joint_14,14,0.0008333921432495117
isr_106.npy,is,father,0.22537699341773987,joint,joint_15,15,0.0027855783700942993
isr_106.npy,is,father,0.22537699341773987,joint,joint_16,16,0.00023721158504486084
isr_106.npy,is,father,0.22537699341773987,joint,joint_17,17,0.0010806173086166382
isr_106.npy,is,father,0.22537699341773987,joint,joint_18,18,0.0029842257499694824
isr_106.npy,is,father,0.22537699341773987,joint,joint_19,19,0.0027180016040802
isr_106.npy,is,father,0.22537699341773987,joint,joint_20,20,0.003425896167755127
isr_106.npy,is,father,0.22537699341773987,joint,joint_21,21,-3.6135315895080566e-05
isr_106.npy,is,father,0.22537699341773987,joint,joint_22,22,7.511675357818604e-05
isr_106.npy,is,father,0.22537699341773987,joint,joint_23,23,7.514655590057373e-05
isr_106.npy,is,father,0.22537699341773987,joint,joint_24,24,5.0067901611328125e-06
isr_106.npy,is,father,0.22537699341773987,joint,joint_25,25,-8.61436128616333e-05
isr_106.npy,is,father,0.22537699341773987,joint,joint_26,26,1.0162591934204102e-05
isr_106.npy,is,father,0.22537699341773987,joint,joint_27,27,3.6150217056274414e-05
isr_106.npy,is,father,0.22537699341773987,joint,joint_28,28,3.3155083656311035e-05
isr_106.npy,is,father,0.22537699341773987,joint,joint_29,29,-4.3258070945739746e-05
isr_106.npy,is,father,0.22537699341773987,joint,joint_30,30,-1.8805265426635742e-05
isr_106.npy,is,father,0.22537699341773987,joint,joint_31,31,0.00010637938976287842
isr_106.npy,is,father,0.22537699341773987,joint,joint_32,32,-8.735060691833496e-05
isr_106.npy,is,father,0.22537699341773987,joint,joint_33,33,-9.113550186157227e-05
isr_106.npy,is,father,0.22537699341773987,joint,joint_34,34,6.173551082611084e-05
isr_106.npy,is,father,0.22537699341773987,joint,joint_35,35,3.4555792808532715e-05
isr_106.npy,is,father,0.22537699341773987,joint,joint_36,36,-4.623830318450928e-05
isr_106.npy,is,father,0.22537699341773987,joint,joint_37,37,-6.765127182006836e-06
isr_106.npy,is,father,0.22537699341773987,joint,joint_38,38,-1.3321638107299805e-05
isr_106.npy,is,father,0.22537699341773987,joint,joint_39,39,-1.6391277313232422e-06
isr_106.npy,is,father,0.22537699341773987,joint,joint_40,40,-2.847611904144287e-05
isr_106.npy,is,father,0.22537699341773987,joint,joint_41,41,-2.726912498474121e-06
isr_106.npy,is,father,0.22537699341773987,coordinate_axis,x,0,0.002864629030227661
isr_106.npy,is,father,0.22537699341773987,coordinate_axis,y,1,0.013735651969909668
isr_106.npy,is,father,0.22537699341773987,coordinate_axis,z,2,0.000530734658241272
isr_108.npy,is,father,0.22593598067760468,joint,joint_00,0,0.00016576051712036133
isr_108.npy,is,father,0.22593598067760468,joint,joint_01,1,-5.155801773071289e-06
isr_108.npy,is,father,0.22593598067760468,joint,joint_02,2,0.00011858344078063965
isr_108.npy,is,father,0.22593598067760468,joint,joint_03,3,-1.093745231628418e-05
isr_108.npy,is,father,0.22593598067760468,joint,joint_04,4,-8.495151996612549e-05
isr_108.npy,is,father,0.22593598067760468,joint,joint_05,5,-0.00030441582202911377
isr_108.npy,is,father,0.22593598067760468,joint,joint_06,6,0.0001738518476486206
isr_108.npy,is,father,0.22593598067760468,joint,joint_07,7,0.0005404353141784668
isr_108.npy,is,father,0.22593598067760468,joint,joint_08,8,-0.00022420287132263184
isr_108.npy,is,father,0.22593598067760468,joint,joint_09,9,0.0009361058473587036
isr_108.npy,is,father,0.22593598067760468,joint,joint_10,10,0.0009819269180297852
isr_108.npy,is,father,0.22593598067760468,joint,joint_11,11,-0.00047907233238220215
isr_108.npy,is,father,0.22593598067760468,joint,joint_12,12,0.0006661713123321533
isr_108.npy,is,father,0.22593598067760468,joint,joint_13,13,0.0011323541402816772
isr_108.npy,is,father,0.22593598067760468,joint,joint_14,14,0.0008906573057174683
isr_108.npy,is,father,0.22593598067760468,joint,joint_15,15,0.002940043807029724
isr_108.npy,is,father,0.22593598067760468,joint,joint_16,16,0.00024268031120300293
isr_108.npy,is,father,0.22593598067760468,joint,joint_17,17,0.0010914206504821777
isr_108.npy,is,father,0.22593598067760468,joint,joint_18,18,0.003034934401512146
isr_108.npy,is,father,0.22593598067760468,joint,joint_19,19,0.0027696341276168823
isr_108.npy,is,father,0.22593598067760468,joint,joint_20,20,0.00347292423248291
isr_108.npy,is,father,0.22593598067760468,joint,joint_21,21,-3.644824028015137e-05
isr_108.npy,is,father,0.22593598067760468,joint,joint_22,22,7.516145706176758e-05
isr_108.npy,is,father,0.22593598067760468,joint,joint_23,23,7.575750350952148e-05
isr_108.npy,is,father,0.22593598067760468,joint,joint_24,24,4.664063453674316e-06
isr_108.npy,is,father,0.22593598067760468,joint,joint_25,25,-8.688867092132568e-05
isr_108.npy,is,father,0.22593598067760468,joint,joint_26,26,1.0699033737182617e-05
isr_108.npy,is,father,0.22593598067760468,joint,joint_27,27,3.7103891372680664e-05
isr_108.npy,is,father,0.22593598067760468,joint,joint_28,28,3.300607204437256e-05
isr_108.npy,is,father,0.22593598067760468,joint,joint_29,29,-4.385411739349365e-05
isr_108.npy,is,father,0.22593598067760468,joint,joint_30,30,-1.9297003746032715e-05
isr_108.npy,is,father,0.22593598067760468,joint,joint_31,31,0.00010566413402557373
isr_108.npy,is,father,0.22593598067760468,joint,joint_32,32,-8.872151374816895e-05
isr_108.npy,is,father,0.22593598067760468,joint,joint_33,33,-9.128451347351074e-05
isr_108.npy,is,father,0.22593598067760468,joint,joint_34,34,6.151199340820312e-05
isr_108.npy,is,father,0.22593598067760468,joint,joint_35,35,3.2842159271240234e-05
isr_108.npy,is,father,0.22593598067760468,joint,joint_36,36,-4.634261131286621e-05
isr_108.npy,is,father,0.22593598067760468,joint,joint_37,37,-6.973743438720703e-06
isr_108.npy,is,father,0.22593598067760468,joint,joint_38,38,-1.3515353202819824e-05
isr_108.npy,is,father,0.22593598067760468,joint,joint_39,39,-3.4123659133911133e-06
isr_108.npy,is,father,0.22593598067760468,joint,joint_40,40,-2.8133392333984375e-05
isr_108.npy,is,father,0.22593598067760468,joint,joint_41,41,-1.862645149230957e-06
isr_108.npy,is,father,0.22593598067760468,coordinate_axis,x,0,0.003073260188102722
isr_108.npy,is,father,0.22593598067760468,coordinate_axis,y,1,0.014008685946464539
isr_108.npy,is,father,0.22593598067760468,coordinate_axis,z,2,0.0006419569253921509
isr_112.npy,is,father,0.22607019543647766,joint,joint_00,0,0.00019516050815582275
isr_112.npy,is,father,0.22607019543647766,joint,joint_01,1,-1.5467405319213867e-05
isr_112.npy,is,father,0.22607019543647766,joint,joint_02,2,-0.00010024011135101318
isr_112.npy,is,father,0.22607019543647766,joint,joint_03,3,5.4776668548583984e-05
isr_112.npy,is,father,0.22607019543647766,joint,joint_04,4,-9.192526340484619e-05
isr_112.npy,is,father,0.22607019543647766,joint,joint_05,5,-0.00021785497665405273
isr_112.npy,is,father,0.22607019543647766,joint,joint_06,6,0.00016817450523376465
isr_112.npy,is,father,0.22607019543647766,joint,joint_07,7,0.0005867481231689453
isr_112.npy,is,father,0.22607019543647766,joint,joint_08,8,-0.0002521127462387085
isr_112.npy,is,father,0.22607019543647766,joint,joint_09,9,0.0010174810886383057
isr_112.npy,is,father,0.22607019543647766,joint,joint_10,10,0.0010310560464859009
isr_112.npy,is,father,0.22607019543647766,joint,joint_11,11,-0.0006010979413986206
isr_112.npy,is,father,0.22607019543647766,joint,joint_12,12,0.0006952434778213501
isr_112.npy,is,father,0.22607019543647766,joint,joint_13,13,0.0010999590158462524
isr_112.npy,is,father,0.22607019543647766,joint,joint_14,14,0.0009679198265075684
isr_112.npy,is,father,0.22607019543647766,joint,joint_15,15,0.0028599202632904053
isr_112.npy,is,father,0.22607019543647766,joint,joint_16,16,0.00018900632858276367
isr_112.npy,is,father,0.22607019543647766,joint,joint_17,17,0.0009352266788482666
isr_112.npy,is,father,0.22607019543647766,joint,joint_18,18,0.0029901713132858276
isr_112.npy,is,father,0.22607019543647766,joint,joint_19,19,0.0028705745935440063
isr_112.npy,is,father,0.22607019543647766,joint,joint_20,20,0.0037732869386672974
isr_112.npy,is,father,0.22607019543647766,joint,joint_21,21,-3.693997859954834e-05
isr_112.npy,is,father,0.22607019543647766,joint,joint_22,22,7.577240467071533e-05
isr_112.npy,is,father,0.22607019543647766,joint,joint_23,23,7.669627666473389e-05
isr_112.npy,is,father,0.22607019543647766,joint,joint_24,24,3.859400749206543e-06
isr_112.npy,is,father,0.22607019543647766,joint,joint_25,25,-8.80211591720581e-05
isr_112.npy,is,father,0.22607019543647766,joint,joint_26,26,1.0624527931213379e-05
isr_112.npy,is,father,0.22607019543647766,joint,joint_27,27,3.7536025047302246e-05
isr_112.npy,is,father,0.22607019543647766,joint,joint_28,28,3.33935022354126e-05
isr_112.npy,is,father,0.22607019543647766,joint,joint_29,29,-4.3645501136779785e-05
isr_112.npy,is,father,0.22607019543647766,joint,joint_30,30,-1.9684433937072754e-05
isr_112.npy,is,father,0.22607019543647766,joint,joint_31,31,0.00010664761066436768
isr_112.npy,is,father,0.22607019543647766,joint,joint_32,32,-8.946657180786133e-05
isr_112.npy,is,father,0.22607019543647766,joint,joint_33,33,-9.149312973022461e-05
isr_112.npy,is,father,0.22607019543647766,joint,joint_34,34,6.225705146789551e-05
isr_112.npy,is,father,0.22607019543647766,joint,joint_35,35,3.2261013984680176e-05
isr_112.npy,is,father,0.22607019543647766,joint,joint_36,36,-4.760921001434326e-05
isr_112.npy,is,father,0.22607019543647766,joint,joint_37,37,-7.227063179016113e-06
isr_112.npy,is,father,0.22607019543647766,joint,joint_38,38,-1.4230608940124512e-05
isr_112.npy,is,father,0.22607019543647766,joint,joint_39,39,-3.2335519790649414e-06
isr_112.npy,is,father,0.22607019543647766,joint,joint_40,40,-2.8118491172790527e-05
isr_112.npy,is,father,0.22607019543647766,joint,joint_41,41,-2.592802047729492e-06
isr_112.npy,is,father,0.22607019543647766,coordinate_axis,x,0,0.0037561804056167603
isr_112.npy,is,father,0.22607019543647766,coordinate_axis,y,1,0.013502150774002075
isr_112.npy,is,father,0.22607019543647766,coordinate_axis,z,2,0.000661507248878479
isr_129.npy,is,father,0.22520393133163452,joint,joint_00,0,2.9772520065307617e-05
isr_129.npy,is,father,0.22520393133163452,joint,joint_01,1,6.884336471557617e-06
isr_129.npy,is,father,0.22520393133163452,joint,joint_02,2,-0.0006110966205596924
isr_129.npy,is,father,0.22520393133163452,joint,joint_03,3,0.00021156668663024902
isr_129.npy,is,father,0.22520393133163452,joint,joint_04,4,-4.5806169509887695e-05
isr_129.npy,is,father,0.22520393133163452,joint,joint_05,5,8.937716484069824e-05
isr_129.npy,is,father,0.22520393133163452,joint,joint_06,6,0.0002018958330154419
isr_129.npy,is,father,0.22520393133163452,joint,joint_07,7,0.0010508894920349121
isr_129.npy,is,father,0.22520393133163452,joint,joint_08,8,-0.0006355047225952148
isr_129.npy,is,father,0.22520393133163452,joint,joint_09,9,0.001282915472984314
isr_129.npy,is,father,0.22520393133163452,joint,joint_10,10,0.0011842548847198486
isr_129.npy,is,father,0.22520393133163452,joint,joint_11,11,-0.0008034110069274902
isr_129.npy,is,father,0.22520393133163452,joint,joint_12,12,0.000873267650604248
isr_129.npy,is,father,0.22520393133163452,joint,joint_13,13,0.0008286982774734497
isr_129.npy,is,father,0.22520393133163452,joint,joint_14,14,0.0010546445846557617
isr_129.npy,is,father,0.22520393133163452,joint,joint_15,15,0.0026577413082122803
isr_129.npy,is,father,0.22520393133163452,joint,joint_16,16,7.647275924682617e-05
isr_129.npy,is,father,0.22520393133163452,joint,joint_17,17,0.000299796462059021
isr_129.npy,is,father,0.22520393133163452,joint,joint_18,18,0.0028644055128097534
isr_129.npy,is,father,0.22520393133163452,joint,joint_19,19,0.0027297884225845337
isr_129.npy,is,father,0.22520393133163452,joint,joint_20,20,0.0038221627473831177
isr_129.npy,is,father,0.22520393133163452,joint,joint_21,21,-3.723800182342529e-05
isr_129.npy,is,father,0.22520393133163452,joint,joint_22,22,7.484853267669678e-05
isr_129.npy,is,father,0.22520393133163452,joint,joint_23,23,7.528066635131836e-05
isr_129.npy,is,father,0.22520393133163452,joint,joint_24,24,3.889203071594238e-06
isr_129.npy,is,father,0.22520393133163452,joint,joint_25,25,-8.821487426757812e-05
isr_129.npy,is,father,0.22520393133163452,joint,joint_26,26,1.0401010513305664e-05
isr_129.npy,is,father,0.22520393133163452,joint,joint_27,27,3.74913215637207e-05
isr_129.npy,is,father,0.22520393133163452,joint,joint_28,28,3.3348798751831055e-05
isr_129.npy,is,father,0.22520393133163452,joint,joint_29,29,-4.346668720245361e-05
isr_129.npy,is,father,0.22520393133163452,joint,joint_30,30,-2.0310282707214355e-05
isr_129.npy,is,father,0.22520393133163452,joint,joint_31,31,0.00010663270950317383
isr_129.npy,is,father,0.22520393133163452,joint,joint_32,32,-8.915364742279053e-05
isr_129.npy,is,father,0.22520393133163452,joint,joint_33,33,-9.18656587600708e-05
isr_129.npy,is,father,0.22520393133163452,joint,joint_34,34,6.139278411865234e-05
isr_129.npy,is,father,0.22520393133163452,joint,joint_35,35,3.2514333724975586e-05
isr_129.npy,is,father,0.22520393133163452,joint,joint_36,36,-4.7206878662109375e-05
isr_129.npy,is,father,0.22520393133163452,joint,joint_37,37,-6.5267086029052734e-06
isr_129.npy,is,father,0.22520393133163452,joint,joint_38,38,-1.4528632164001465e-05
isr_129.npy,is,father,0.22520393133163452,joint,joint_39,39,-3.1888484954833984e-06
isr_129.npy,is,father,0.22520393133163452,joint,joint_40,40,-2.828240394592285e-05
isr_129.npy,is,father,0.22520393133163452,joint,joint_41,41,-1.996755599975586e-06
isr_129.npy,is,father,0.22520393133163452,coordinate_axis,x,0,0.004206255078315735
isr_129.npy,is,father,0.22520393133163452,coordinate_axis,y,1,0.012674421072006226
isr_129.npy,is,father,0.22520393133163452,coordinate_axis,z,2,0.00020653009414672852
isr_134.npy,is,father,0.2229759842157364,joint,joint_00,0,-2.251565456390381e-05
isr_134.npy,is,father,0.2229759842157364,joint,joint_01,1,-7.912516593933105e-06
isr_134.npy,is,father,0.2229759842157364,joint,joint_02,2,2.759695053100586e-05
isr_134.npy,is,father,0.2229759842157364,joint,joint_03,3,3.316998481750488e-05
isr_134.npy,is,father,0.2229759842157364,joint,joint_04,4,4.89652156829834e-05
isr_134.npy,is,father,0.2229759842157364,joint,joint_05,5,-8.90195369720459e-05
isr_134.npy,is,father,0.2229759842157364,joint,joint_06,6,0.00014750659465789795
isr_134.npy,is,father,0.2229759842157364,joint,joint_07,7,0.00035743415355682373
isr_134.npy,is,father,0.2229759842157364,joint,joint_08,8,-0.0002304166555404663
isr_134.npy,is,father,0.2229759842157364,joint,joint_09,9,0.0008360296487808228
isr_134.npy,is,father,0.2229759842157364,joint,joint_10,10,0.0008281022310256958
isr_134.npy,is,father,0.2229759842157364,joint,joint_11,11,-0.0005200356245040894
isr_134.npy,is,father,0.2229759842157364,joint,joint_12,12,0.000578954815864563
isr_134.npy,is,father,0.2229759842157364,joint,joint_13,13,0.0008430629968643188
isr_134.npy,is,father,0.2229759842157364,joint,joint_14,14,0.0008458197116851807
isr_134.npy,is,father,0.2229759842157364,joint,joint_15,15,0.0021673589944839478
isr_134.npy,is,father,0.2229759842157364,joint,joint_16,16,3.3348798751831055e-05
isr_134.npy,is,father,0.2229759842157364,joint,joint_17,17,0.0006226450204849243
isr_134.npy,is,father,0.2229759842157364,joint,joint_18,18,0.0026500821113586426
isr_134.npy,is,father,0.2229759842157364,joint,joint_19,19,0.002465084195137024
isr_134.npy,is,father,0.2229759842157364,joint,joint_20,20,0.0033453702926635742
isr_134.npy,is,father,0.2229759842157364,joint,joint_21,21,-3.643333911895752e-05
isr_134.npy,is,father,0.2229759842157364,joint,joint_22,22,7.426738739013672e-05
isr_134.npy,is,father,0.2229759842157364,joint,joint_23,23,7.43865966796875e-05
isr_134.npy,is,father,0.2229759842157364,joint,joint_24,24,4.26173210144043e-06
isr_134.npy,is,father,0.2229759842157364,joint,joint_25,25,-8.685886859893799e-05
isr_134.npy,is,father,0.2229759842157364,joint,joint_26,26,9.5367431640625e-06
isr_134.npy,is,father,0.2229759842157364,joint,joint_27,27,3.591179847717285e-05
isr_134.npy,is,father,0.2229759842157364,joint,joint_28,28,3.2961368560791016e-05
isr_134.npy,is,father,0.2229759842157364,joint,joint_29,29,-4.246830940246582e-05
isr_134.npy,is,father,0.2229759842157364,joint,joint_30,30,-1.9744038581848145e-05
isr_134.npy,is,father,0.2229759842157364,joint,joint_31,31,0.00010631978511810303
isr_134.npy,is,father,0.2229759842157364,joint,joint_32,32,-8.712708950042725e-05
isr_134.npy,is,father,0.2229759842157364,joint,joint_33,33,-9.068846702575684e-05
isr_134.npy,is,father,0.2229759842157364,joint,joint_34,34,6.139278411865234e-05
isr_134.npy,is,father,0.2229759842157364,joint,joint_35,35,3.428757190704346e-05
isr_134.npy,is,father,0.2229759842157364,joint,joint_36,36,-4.704296588897705e-05
isr_134.npy,is,father,0.2229759842157364,joint,joint_37,37,-6.988644599914551e-06
isr_134.npy,is,father,0.2229759842157364,joint,joint_38,38,-1.424551010131836e-05
isr_134.npy,is,father,0.2229759842157364,joint,joint_39,39,-1.3262033462524414e-06
isr_134.npy,is,father,0.2229759842157364,joint,joint_40,40,-2.8893351554870605e-05
isr_134.npy,is,father,0.2229759842157364,joint,joint_41,41,-2.8908252716064453e-06
isr_134.npy,is,father,0.2229759842157364,coordinate_axis,x,0,0.003104478120803833
isr_134.npy,is,father,0.2229759842157364,coordinate_axis,y,1,0.011296987533569336
isr_134.npy,is,father,0.2229759842157364,coordinate_axis,z,2,0.0002778768539428711
isr_142.npy,is,father,0.22275975346565247,joint,joint_00,0,-5.945563316345215e-05
isr_142.npy,is,father,0.22275975346565247,joint,joint_01,1,2.8014183044433594e-06
isr_142.npy,is,father,0.22275975346565247,joint,joint_02,2,6.45071268081665e-05
isr_142.npy,is,father,0.22275975346565247,joint,joint_03,3,3.78340482711792e-05
isr_142.npy,is,father,0.22275975346565247,joint,joint_04,4,5.900859832763672e-06
isr_142.npy,is,father,0.22275975346565247,joint,joint_05,5,-9.660422801971436e-05
isr_142.npy,is,father,0.22275975346565247,joint,joint_06,6,0.0001351088285446167
isr_142.npy,is,father,0.22275975346565247,joint,joint_07,7,0.00032813847064971924
isr_142.npy,is,father,0.22275975346565247,joint,joint_08,8,-0.00018581748008728027
isr_142.npy,is,father,0.22275975346565247,joint,joint_09,9,0.0008091628551483154
isr_142.npy,is,father,0.22275975346565247,joint,joint_10,10,0.0008284598588943481
isr_142.npy,is,father,0.22275975346565247,joint,joint_11,11,-0.0005217939615249634
isr_142.npy,is,father,0.22275975346565247,joint,joint_12,12,0.0005515962839126587
isr_142.npy,is,father,0.22275975346565247,joint,joint_13,13,0.0008109211921691895
isr_142.npy,is,father,0.22275975346565247,joint,joint_14,14,0.0008575171232223511
isr_142.npy,is,father,0.22275975346565247,joint,joint_15,15,0.0021212249994277954
isr_142.npy,is,father,0.22275975346565247,joint,joint_16,16,2.1219253540039062e-05
isr_142.npy,is,father,0.22275975346565247,joint,joint_17,17,0.0005847364664077759
isr_142.npy,is,father,0.22275975346565247,joint,joint_18,18,0.00259380042552948
isr_142.npy,is,father,0.22275975346565247,joint,joint_19,19,0.00245589017868042
isr_142.npy,is,father,0.22275975346565247,joint,joint_20,20,0.0033652931451797485
isr_142.npy,is,father,0.22275975346565247,joint,joint_21,21,-3.635883331298828e-05
isr_142.npy,is,father,0.22275975346565247,joint,joint_22,22,7.417798042297363e-05
isr_142.npy,is,father,0.22275975346565247,joint,joint_23,23,7.414817810058594e-05
isr_142.npy,is,father,0.22275975346565247,joint,joint_24,24,3.993511199951172e-06
isr_142.npy,is,father,0.22275975346565247,joint,joint_25,25,-8.703768253326416e-05
isr_142.npy,is,father,0.22275975346565247,joint,joint_26,26,9.492039680480957e-06
isr_142.npy,is,father,0.22275975346565247,joint,joint_27,27,3.580749034881592e-05
isr_142.npy,is,father,0.22275975346565247,joint,joint_28,28,3.288686275482178e-05
isr_142.npy,is,father,0.22275975346565247,joint,joint_29,29,-4.251301288604736e-05
isr_142.npy,is,father,0.22275975346565247,joint,joint_30,30,-1.9729137420654297e-05
isr_142.npy,is,father,0.22275975346565247,joint,joint_31,31,0.0001071244478225708
isr_142.npy,is,father,0.22275975346565247,joint,joint_32,32,-8.720159530639648e-05
isr_142.npy,is,father,0.22275975346565247,joint,joint_33,33,-9.068846702575684e-05
isr_142.npy,is,father,0.22275975346565247,joint,joint_34,34,6.148219108581543e-05
isr_142.npy,is,father,0.22275975346565247,joint,joint_35,35,3.4108757972717285e-05
isr_142.npy,is,father,0.22275975346565247,joint,joint_36,36,-4.70280647277832e-05
isr_142.npy,is,father,0.22275975346565247,joint,joint_37,37,-6.988644599914551e-06
isr_142.npy,is,father,0.22275975346565247,joint,joint_38,38,-1.4230608940124512e-05
isr_142.npy,is,father,0.22275975346565247,joint,joint_39,39,-8.195638656616211e-07
isr_142.npy,is,father,0.22275975346565247,joint,joint_40,40,-2.899765968322754e-05
isr_142.npy,is,father,0.22275975346565247,joint,joint_41,41,-2.771615982055664e-06
isr_142.npy,is,father,0.22275975346565247,coordinate_axis,x,0,0.00315093994140625
isr_142.npy,is,father,0.22275975346565247,coordinate_axis,y,1,0.01101328432559967
isr_142.npy,is,father,0.22275975346565247,coordinate_axis,z,2,0.0002928227186203003
isr_143.npy,is,father,0.22274093329906464,joint,joint_00,0,-6.905198097229004e-05
isr_143.npy,is,father,0.22274093329906464,joint,joint_01,1,2.7567148208618164e-06
isr_143.npy,is,father,0.22274093329906464,joint,joint_02,2,8.746981620788574e-05
isr_143.npy,is,father,0.22274093329906464,joint,joint_03,3,3.8176774978637695e-05
isr_143.npy,is,father,0.22274093329906464,joint,joint_04,4,-3.1739473342895508e-06
isr_143.npy,is,father,0.22274093329906464,joint,joint_05,5,-4.997849464416504e-05
isr_143.npy,is,father,0.22274093329906464,joint,joint_06,6,0.00012074410915374756
isr_143.npy,is,father,0.22274093329906464,joint,joint_07,7,0.0003101825714111328
isr_143.npy,is,father,0.22274093329906464,joint,joint_08,8,-0.0001750737428665161
isr_143.npy,is,father,0.22274093329906464,joint,joint_09,9,0.0007924139499664307
isr_143.npy,is,father,0.22274093329906464,joint,joint_10,10,0.0008201152086257935
isr_143.npy,is,father,0.22274093329906464,joint,joint_11,11,-0.0005319267511367798
isr_143.npy,is,father,0.22274093329906464,joint,joint_12,12,0.0005289912223815918
isr_143.npy,is,father,0.22274093329906464,joint,joint_13,13,0.0007969886064529419
isr_143.npy,is,father,0.22274093329906464,joint,joint_14,14,0.000854790210723877
isr_143.npy,is,father,0.22274093329906464,joint,joint_15,15,0.002095043659210205
isr_143.npy,is,father,0.22274093329906464,joint,joint_16,16,1.893937587738037e-05
isr_143.npy,is,father,0.22274093329906464,joint,joint_17,17,0.0005781501531600952
isr_143.npy,is,father,0.22274093329906464,joint,joint_18,18,0.0025784820318222046
isr_143.npy,is,father,0.22274093329906464,joint,joint_19,19,0.0024730265140533447
isr_143.npy,is,father,0.22274093329906464,joint,joint_20,20,0.0034085065126419067
isr_143.npy,is,father,0.22274093329906464,joint,joint_21,21,-3.6582350730895996e-05
isr_143.npy,is,father,0.22274093329906464,joint,joint_22,22,7.398426532745361e-05
isr_143.npy,is,father,0.22274093329906464,joint,joint_23,23,7.422268390655518e-05
isr_143.npy,is,father,0.22274093329906464,joint,joint_24,24,4.0978193283081055e-06
isr_143.npy,is,father,0.22274093329906464,joint,joint_25,25,-8.718669414520264e-05
isr_143.npy,is,father,0.22274093329906464,joint,joint_26,26,9.402632713317871e-06
isr_143.npy,is,father,0.22274093329906464,joint,joint_27,27,3.594160079956055e-05
isr_143.npy,is,father,0.22274093329906464,joint,joint_28,28,3.2529234886169434e-05
isr_143.npy,is,father,0.22274093329906464,joint,joint_29,29,-4.29302453994751e-05
isr_143.npy,is,father,0.22274093329906464,joint,joint_30,30,-2.0205974578857422e-05
isr_143.npy,is,father,0.22274093329906464,joint,joint_31,31,0.00010724365711212158
isr_143.npy,is,father,0.22274093329906464,joint,joint_32,32,-8.749961853027344e-05
isr_143.npy,is,father,0.22274093329906464,joint,joint_33,33,-9.055435657501221e-05
isr_143.npy,is,father,0.22274093329906464,joint,joint_34,34,6.16908073425293e-05
isr_143.npy,is,father,0.22274093329906464,joint,joint_35,35,3.361701965332031e-05
isr_143.npy,is,father,0.22274093329906464,joint,joint_36,36,-4.7206878662109375e-05
isr_143.npy,is,father,0.22274093329906464,joint,joint_37,37,-7.167458534240723e-06
isr_143.npy,is,father,0.22274093329906464,joint,joint_38,38,-1.424551010131836e-05
isr_143.npy,is,father,0.22274093329906464,joint,joint_39,39,-5.960464477539062e-07
isr_143.npy,is,father,0.22274093329906464,joint,joint_40,40,-2.8774142265319824e-05
isr_143.npy,is,father,0.22274093329906464,joint,joint_41,41,-2.816319465637207e-06
isr_143.npy,is,father,0.22274093329906464,coordinate_axis,x,0,0.0032341033220291138
isr_143.npy,is,father,0.22274093329906464,coordinate_axis,y,1,0.010842278599739075
isr_143.npy,is,father,0.22274093329906464,coordinate_axis,z,2,0.0003625154495239258
isr_144.npy,is,father,0.22408343851566315,joint,joint_00,0,-4.331767559051514e-05
isr_144.npy,is,father,0.22408343851566315,joint,joint_01,1,-5.185604095458984e-06
isr_144.npy,is,father,0.22408343851566315,joint,joint_02,2,-0.00012680888175964355
isr_144.npy,is,father,0.22408343851566315,joint,joint_03,3,9.621679782867432e-05
isr_144.npy,is,father,0.22408343851566315,joint,joint_04,4,-5.617737770080566e-06
isr_144.npy,is,father,0.22408343851566315,joint,joint_05,5,4.5046210289001465e-05
isr_144.npy,is,father,0.22408343851566315,joint,joint_06,6,0.00011451542377471924
isr_144.npy,is,father,0.22408343851566315,joint,joint_07,7,0.0004310905933380127
isr_144.npy,is,father,0.22408343851566315,joint,joint_08,8,-0.0002081841230392456
isr_144.npy,is,father,0.22408343851566315,joint,joint_09,9,0.0009527802467346191
isr_144.npy,is,father,0.22408343851566315,joint,joint_10,10,0.0009880810976028442
isr_144.npy,is,father,0.22408343851566315,joint,joint_11,11,-0.0006781667470932007
isr_144.npy,is,father,0.22408343851566315,joint,joint_12,12,0.0006038695573806763
isr_144.npy,is,father,0.22408343851566315,joint,joint_13,13,0.0008213818073272705
isr_144.npy,is,father,0.22408343851566315,joint,joint_14,14,0.0009540766477584839
isr_144.npy,is,father,0.22408343851566315,joint,joint_15,15,0.0024301111698150635
isr_144.npy,is,father,0.22408343851566315,joint,joint_16,16,7.200241088867188e-05
isr_144.npy,is,father,0.22408343851566315,joint,joint_17,17,0.00042398273944854736
isr_144.npy,is,father,0.22408343851566315,joint,joint_18,18,0.002660900354385376
isr_144.npy,is,father,0.22408343851566315,joint,joint_19,19,0.0027020424604415894
isr_144.npy,is,father,0.22408343851566315,joint,joint_20,20,0.0037543028593063354
isr_144.npy,is,father,0.22408343851566315,joint,joint_21,21,-3.688037395477295e-05
isr_144.npy,is,father,0.22408343851566315,joint,joint_22,22,7.447600364685059e-05
isr_144.npy,is,father,0.22408343851566315,joint,joint_23,23,7.589161396026611e-05
isr_144.npy,is,father,0.22408343851566315,joint,joint_24,24,3.978610038757324e-06
isr_144.npy,is,father,0.22408343851566315,joint,joint_25,25,-8.849799633026123e-05
isr_144.npy,is,father,0.22408343851566315,joint,joint_26,26,1.0371208190917969e-05
isr_144.npy,is,father,0.22408343851566315,joint,joint_27,27,3.75211238861084e-05
isr_144.npy,is,father,0.22408343851566315,joint,joint_28,28,3.281235694885254e-05
isr_144.npy,is,father,0.22408343851566315,joint,joint_29,29,-4.363059997558594e-05
isr_144.npy,is,father,0.22408343851566315,joint,joint_30,30,-2.0742416381835938e-05
isr_144.npy,is,father,0.22408343851566315,joint,joint_31,31,0.00010670721530914307
isr_144.npy,is,father,0.22408343851566315,joint,joint_32,32,-8.900463581085205e-05
isr_144.npy,is,father,0.22408343851566315,joint,joint_33,33,-9.104609489440918e-05
isr_144.npy,is,father,0.22408343851566315,joint,joint_34,34,6.189942359924316e-05
isr_144.npy,is,father,0.22408343851566315,joint,joint_35,35,3.190338611602783e-05
isr_144.npy,is,father,0.22408343851566315,joint,joint_36,36,-4.728138446807861e-05
isr_144.npy,is,father,0.22408343851566315,joint,joint_37,37,-7.107853889465332e-06
isr_144.npy,is,father,0.22408343851566315,joint,joint_38,38,-1.4662742614746094e-05
isr_144.npy,is,father,0.22408343851566315,joint,joint_39,39,-2.339482307434082e-06
isr_144.npy,is,father,0.22408343851566315,joint,joint_40,40,-2.841651439666748e-05
isr_144.npy,is,father,0.22408343851566315,joint,joint_41,41,-2.0265579223632812e-06
isr_144.npy,is,father,0.22408343851566315,coordinate_axis,x,0,0.004137575626373291
isr_144.npy,is,father,0.22408343851566315,coordinate_axis,y,1,0.01114778220653534
isr_144.npy,is,father,0.22408343851566315,coordinate_axis,z,2,0.000585407018661499
isr_154.npy,is,father,0.2171160876750946,joint,joint_00,0,-0.0003994405269622803
isr_154.npy,is,father,0.2171160876750946,joint,joint_01,1,1.691281795501709e-05
isr_154.npy,is,father,0.2171160876750946,joint,joint_02,2,0.0006853491067886353
isr_154.npy,is,father,0.2171160876750946,joint,joint_03,3,-5.485117435455322e-05
isr_154.npy,is,father,0.2171160876750946,joint,joint_04,4,0.00015194714069366455
isr_154.npy,is,father,0.2171160876750946,joint,joint_05,5,0.00029090046882629395
isr_154.npy,is,father,0.2171160876750946,joint,joint_06,6,-1.817941665649414e-05
isr_154.npy,is,father,0.2171160876750946,joint,joint_07,7,-0.00021184980869293213
isr_154.npy,is,father,0.2171160876750946,joint,joint_08,8,1.7181038856506348e-05
isr_154.npy,is,father,0.2171160876750946,joint,joint_09,9,0.00034669041633605957
isr_154.npy,is,father,0.2171160876750946,joint,joint_10,10,0.0004318654537200928
isr_154.npy,is,father,0.2171160876750946,joint,joint_11,11,-0.00043526291847229004
isr_154.npy,is,father,0.2171160876750946,joint,joint_12,12,0.00012277066707611084
isr_154.npy,is,father,0.2171160876750946,joint,joint_13,13,0.0003964751958847046
isr_154.npy,is,father,0.2171160876750946,joint,joint_14,14,0.0006079971790313721
isr_154.npy,is,father,0.2171160876750946,joint,joint_15,15,0.0008728653192520142
isr_154.npy,is,father,0.2171160876750946,joint,joint_16,16,-0.00017307698726654053
isr_154.npy,is,father,0.2171160876750946,joint,joint_17,17,0.0001455247402191162
isr_154.npy,is,father,0.2171160876750946,joint,joint_18,18,0.0016651898622512817
isr_154.npy,is,father,0.2171160876750946,joint,joint_19,19,0.001775890588760376
isr_154.npy,is,father,0.2171160876750946,joint,joint_20,20,0.0024829059839248657
isr_154.npy,is,father,0.2171160876750946,joint,joint_21,21,-3.503262996673584e-05
isr_154.npy,is,father,0.2171160876750946,joint,joint_22,22,7.262825965881348e-05
isr_154.npy,is,father,0.2171160876750946,joint,joint_23,23,7.371604442596436e-05
isr_154.npy,is,father,0.2171160876750946,joint,joint_24,24,4.5746564865112305e-06
isr_154.npy,is,father,0.2171160876750946,joint,joint_25,25,-8.559226989746094e-05
isr_154.npy,is,father,0.2171160876750946,joint,joint_26,26,9.194016456604004e-06
isr_154.npy,is,father,0.2171160876750946,joint,joint_27,27,3.5569071769714355e-05
isr_154.npy,is,father,0.2171160876750946,joint,joint_28,28,3.218650817871094e-05
isr_154.npy,is,father,0.2171160876750946,joint,joint_29,29,-4.222989082336426e-05
isr_154.npy,is,father,0.2171160876750946,joint,joint_30,30,-1.977384090423584e-05
isr_154.npy,is,father,0.2171160876750946,joint,joint_31,31,0.00010441243648529053
isr_154.npy,is,father,0.2171160876750946,joint,joint_32,32,-8.584558963775635e-05
isr_154.npy,is,father,0.2171160876750946,joint,joint_33,33,-8.818507194519043e-05
isr_154.npy,is,father,0.2171160876750946,joint,joint_34,34,6.064772605895996e-05
isr_154.npy,is,father,0.2171160876750946,joint,joint_35,35,3.3020973205566406e-05
isr_154.npy,is,father,0.2171160876750946,joint,joint_36,36,-4.602968692779541e-05
isr_154.npy,is,father,0.2171160876750946,joint,joint_37,37,-7.554888725280762e-06
isr_154.npy,is,father,0.2171160876750946,joint,joint_38,38,-1.4692544937133789e-05
isr_154.npy,is,father,0.2171160876750946,joint,joint_39,39,7.450580596923828e-08
isr_154.npy,is,father,0.2171160876750946,joint,joint_40,40,-2.8654932975769043e-05
isr_154.npy,is,father,0.2171160876750946,joint,joint_41,41,-2.652406692504883e-06
isr_154.npy,is,father,0.2171160876750946,coordinate_axis,x,0,0.0025970935821533203
isr_154.npy,is,father,0.2171160876750946,coordinate_axis,y,1,0.005480736494064331
isr_154.npy,is,father,0.2171160876750946,coordinate_axis,z,2,0.0005391687154769897
isr_157.npy,is,father,0.2171095758676529,joint,joint_00,0,-0.00040619075298309326
isr_157.npy,is,father,0.2171095758676529,joint,joint_01,1,2.0757317543029785e-05
isr_157.npy,is,father,0.2171095758676529,joint,joint_02,2,0.0006958991289138794
isr_157.npy,is,father,0.2171095758676529,joint,joint_03,3,-5.2288174629211426e-05
isr_157.npy,is,father,0.2171095758676529,joint,joint_04,4,0.0001049041748046875
isr_157.npy,is,father,0.2171095758676529,joint,joint_05,5,0.000219687819480896
isr_157.npy,is,father,0.2171095758676529,joint,joint_06,6,-3.889203071594238e-06
isr_157.npy,is,father,0.2171095758676529,joint,joint_07,7,-0.00014540553092956543
isr_157.npy,is,father,0.2171095758676529,joint,joint_08,8,3.2261013984680176e-05
isr_157.npy,is,father,0.2171095758676529,joint,joint_09,9,0.0003648102283477783
isr_157.npy,is,father,0.2171095758676529,joint,joint_10,10,0.0004477947950363159
isr_157.npy,is,father,0.2171095758676529,joint,joint_11,11,-0.00039805471897125244
isr_157.npy,is,father,0.2171095758676529,joint,joint_12,12,0.0001292973756790161
isr_157.npy,is,father,0.2171095758676529,joint,joint_13,13,0.0003916919231414795
isr_157.npy,is,father,0.2171095758676529,joint,joint_14,14,0.0006005764007568359
isr_157.npy,is,father,0.2171095758676529,joint,joint_15,15,0.0008921176195144653
isr_157.npy,is,father,0.2171095758676529,joint,joint_16,16,-0.00017195940017700195
isr_157.npy,is,father,0.2171095758676529,joint,joint_17,17,0.00010989606380462646
isr_157.npy,is,father,0.2171095758676529,joint,joint_18,18,0.0016520172357559204
isr_157.npy,is,father,0.2171095758676529,joint,joint_19,19,0.0017476528882980347
isr_157.npy,is,father,0.2171095758676529,joint,joint_20,20,0.002473175525665283
isr_157.npy,is,father,0.2171095758676529,joint,joint_21,21,-3.5062432289123535e-05
isr_157.npy,is,father,0.2171095758676529,joint,joint_22,22,7.258355617523193e-05
isr_157.npy,is,father,0.2171095758676529,joint,joint_23,23,7.365643978118896e-05
isr_157.npy,is,father,0.2171095758676529,joint,joint_24,24,4.678964614868164e-06
isr_157.npy,is,father,0.2171095758676529,joint,joint_25,25,-8.542835712432861e-05
isr_157.npy,is,father,0.2171095758676529,joint,joint_26,26,9.119510650634766e-06
isr_157.npy,is,father,0.2171095758676529,joint,joint_27,27,3.5643577575683594e-05
isr_157.npy,is,father,0.2171095758676529,joint,joint_28,28,3.2201409339904785e-05
isr_157.npy,is,father,0.2171095758676529,joint,joint_29,29,-4.220008850097656e-05
isr_157.npy,is,father,0.2171095758676529,joint,joint_30,30,-1.9684433937072754e-05
isr_157.npy,is,father,0.2171095758676529,joint,joint_31,31,0.00010436773300170898
isr_157.npy,is,father,0.2171095758676529,joint,joint_32,32,-8.58306884765625e-05
isr_157.npy,is,father,0.2171095758676529,joint,joint_33,33,-8.80807638168335e-05
isr_157.npy,is,father,0.2171095758676529,joint,joint_34,34,6.0752034187316895e-05
isr_157.npy,is,father,0.2171095758676529,joint,joint_35,35,3.287196159362793e-05
isr_157.npy,is,father,0.2171095758676529,joint,joint_36,36,-4.598498344421387e-05
isr_157.npy,is,father,0.2171095758676529,joint,joint_37,37,-7.599592208862305e-06
isr_157.npy,is,father,0.2171095758676529,joint,joint_38,38,-1.4662742614746094e-05
isr_157.npy,is,father,0.2171095758676529,joint,joint_39,39,-2.9802322387695312e-08
isr_157.npy,is,father,0.2171095758676529,joint,joint_40,40,-2.8625130653381348e-05
isr_157.npy,is,father,0.2171095758676529,joint,joint_41,41,-2.8014183044433594e-06
isr_157.npy,is,father,0.2171095758676529,coordinate_axis,x,0,0.002645745873451233
isr_157.npy,is,father,0.2171095758676529,coordinate_axis,y,1,0.00549653172492981
isr_157.npy,is,father,0.2171095758676529,coordinate_axis,z,2,0.00046934187412261963
isr_166.npy,is,father,0.21823137998580933,joint,joint_00,0,-0.0003484785556793213
isr_166.npy,is,father,0.21823137998580933,joint,joint_01,1,1.6629695892333984e-05
isr_166.npy,is,father,0.21823137998580933,joint,joint_02,2,0.0005361884832382202
isr_166.npy,is,father,0.21823137998580933,joint,joint_03,3,-2.1889805793762207e-05
isr_166.npy,is,father,0.21823137998580933,joint,joint_04,4,8.279085159301758e-05
isr_166.npy,is,father,0.21823137998580933,joint,joint_05,5,0.00021216273307800293
isr_166.npy,is,father,0.21823137998580933,joint,joint_06,6,2.1383166313171387e-05
isr_166.npy,is,father,0.21823137998580933,joint,joint_07,7,-9.432435035705566e-06
isr_166.npy,is,father,0.21823137998580933,joint,joint_08,8,-3.72081995010376e-05
isr_166.npy,is,father,0.21823137998580933,joint,joint_09,9,0.00048770010471343994
isr_166.npy,is,father,0.21823137998580933,joint,joint_10,10,0.0005757361650466919
isr_166.npy,is,father,0.21823137998580933,joint,joint_11,11,-0.0004965513944625854
isr_166.npy,is,father,0.21823137998580933,joint,joint_12,12,0.00021475553512573242
isr_166.npy,is,father,0.21823137998580933,joint,joint_13,13,0.0004455298185348511
isr_166.npy,is,father,0.21823137998580933,joint,joint_14,14,0.0006932914257049561
isr_166.npy,is,father,0.21823137998580933,joint,joint_15,15,0.0010863542556762695
isr_166.npy,is,father,0.21823137998580933,joint,joint_16,16,-0.00017347931861877441
isr_166.npy,is,father,0.21823137998580933,joint,joint_17,17,7.826089859008789e-05
isr_166.npy,is,father,0.21823137998580933,joint,joint_18,18,0.001764923334121704
isr_166.npy,is,father,0.21823137998580933,joint,joint_19,19,0.0019198805093765259
isr_166.npy,is,father,0.21823137998580933,joint,joint_20,20,0.002765744924545288
isr_166.npy,is,father,0.21823137998580933,joint,joint_21,21,-3.577768802642822e-05
isr_166.npy,is,father,0.21823137998580933,joint,joint_22,22,7.259845733642578e-05
isr_166.npy,is,father,0.21823137998580933,joint,joint_23,23,7.225573062896729e-05
isr_166.npy,is,father,0.21823137998580933,joint,joint_24,24,4.842877388000488e-06
isr_166.npy,is,father,0.21823137998580933,joint,joint_25,25,-8.566677570343018e-05
isr_166.npy,is,father,0.21823137998580933,joint,joint_26,26,9.164214134216309e-06
isr_166.npy,is,father,0.21823137998580933,joint,joint_27,27,3.547966480255127e-05
isr_166.npy,is,father,0.21823137998580933,joint,joint_28,28,3.2261013984680176e-05
isr_166.npy,is,father,0.21823137998580933,joint,joint_29,29,-4.197657108306885e-05
isr_166.npy,is,father,0.21823137998580933,joint,joint_30,30,-2.008676528930664e-05
isr_166.npy,is,father,0.21823137998580933,joint,joint_31,31,0.00010514259338378906
isr_166.npy,is,father,0.21823137998580933,joint,joint_32,32,-8.594989776611328e-05
isr_166.npy,is,father,0.21823137998580933,joint,joint_33,33,-8.87066125869751e-05
isr_166.npy,is,father,0.21823137998580933,joint,joint_34,34,6.052851676940918e-05
isr_166.npy,is,father,0.21823137998580933,joint,joint_35,35,3.3542513847351074e-05
isr_166.npy,is,father,0.21823137998580933,joint,joint_36,36,-4.614889621734619e-05
isr_166.npy,is,father,0.21823137998580933,joint,joint_37,37,-7.450580596923828e-06
isr_166.npy,is,father,0.21823137998580933,joint,joint_38,38,-1.4200806617736816e-05
isr_166.npy,is,father,0.21823137998580933,joint,joint_39,39,1.4901161193847656e-08
isr_166.npy,is,father,0.21823137998580933,joint,joint_40,40,-2.8893351554870605e-05
isr_166.npy,is,father,0.21823137998580933,joint,joint_41,41,-2.950429916381836e-06
isr_166.npy,is,father,0.21823137998580933,coordinate_axis,x,0,0.0031583160161972046
isr_166.npy,is,father,0.21823137998580933,coordinate_axis,y,1,0.00608806312084198
isr_166.npy,is,father,0.21823137998580933,coordinate_axis,z,2,0.0005177706480026245
isr_167.npy,is,father,0.21504689753055573,joint,joint_00,0,-0.0003553628921508789
isr_167.npy,is,father,0.21504689753055573,joint,joint_01,1,3.166496753692627e-05
isr_167.npy,is,father,0.21504689753055573,joint,joint_02,2,0.0010349154472351074
isr_167.npy,is,father,0.21504689753055573,joint,joint_03,3,-0.00016170740127563477
isr_167.npy,is,father,0.21504689753055573,joint,joint_04,4,0.0001138150691986084
isr_167.npy,is,father,0.21504689753055573,joint,joint_05,5,0.00027254223823547363
isr_167.npy,is,father,0.21504689753055573,joint,joint_06,6,-5.179643630981445e-05
isr_167.npy,is,father,0.21504689753055573,joint,joint_07,7,-6.766617298126221e-05
isr_167.npy,is,father,0.21504689753055573,joint,joint_08,8,-1.2606382369995117e-05
isr_167.npy,is,father,0.21504689753055573,joint,joint_09,9,0.0001487433910369873
isr_167.npy,is,father,0.21504689753055573,joint,joint_10,10,0.00031763315200805664
isr_167.npy,is,father,0.21504689753055573,joint,joint_11,11,-0.00026379525661468506
isr_167.npy,is,father,0.21504689753055573,joint,joint_12,12,0.00017030537128448486
isr_167.npy,is,father,0.21504689753055573,joint,joint_13,13,0.00030954182147979736
isr_167.npy,is,father,0.21504689753055573,joint,joint_14,14,0.0003663003444671631
isr_167.npy,is,father,0.21504689753055573,joint,joint_15,15,0.0005056560039520264
isr_167.npy,is,father,0.21504689753055573,joint,joint_16,16,-0.00011335313320159912
isr_167.npy,is,father,0.21504689753055573,joint,joint_17,17,0.00017531216144561768
isr_167.npy,is,father,0.21504689753055573,joint,joint_18,18,0.0011494308710098267
isr_167.npy,is,father,0.21504689753055573,joint,joint_19,19,0.001285448670387268
isr_167.npy,is,father,0.21504689753055573,joint,joint_20,20,0.0017281025648117065
isr_167.npy,is,father,0.21504689753055573,joint,joint_21,21,-3.343820571899414e-05
isr_167.npy,is,father,0.21504689753055573,joint,joint_22,22,7.221102714538574e-05
isr_167.npy,is,father,0.21504689753055573,joint,joint_23,23,7.286667823791504e-05
isr_167.npy,is,father,0.21504689753055573,joint,joint_24,24,4.9173831939697266e-06
isr_167.npy,is,father,0.21504689753055573,joint,joint_25,25,-8.350610733032227e-05
isr_167.npy,is,father,0.21504689753055573,joint,joint_26,26,7.838010787963867e-06
isr_167.npy,is,father,0.21504689753055573,joint,joint_27,27,3.306567668914795e-05
isr_167.npy,is,father,0.21504689753055573,joint,joint_28,28,3.2573938369750977e-05
isr_167.npy,is,father,0.21504689753055573,joint,joint_29,29,-4.1157007217407227e-05
isr_167.npy,is,father,0.21504689753055573,joint,joint_30,30,-1.9982457160949707e-05
isr_167.npy,is,father,0.21504689753055573,joint,joint_31,31,0.00010283291339874268
isr_167.npy,is,father,0.21504689753055573,joint,joint_32,32,-8.432567119598389e-05
isr_167.npy,is,father,0.21504689753055573,joint,joint_33,33,-8.659064769744873e-05
isr_167.npy,is,father,0.21504689753055573,joint,joint_34,34,6.027519702911377e-05
isr_167.npy,is,father,0.21504689753055573,joint,joint_35,35,3.625452518463135e-05
isr_167.npy,is,father,0.21504689753055573,joint,joint_36,36,-4.54634428024292e-05
isr_167.npy,is,father,0.21504689753055573,joint,joint_37,37,-6.9141387939453125e-06
isr_167.npy,is,father,0.21504689753055573,joint,joint_38,38,-1.2159347534179688e-05
isr_167.npy,is,father,0.21504689753055573,joint,joint_39,39,9.387731552124023e-07
isr_167.npy,is,father,0.21504689753055573,joint,joint_40,40,-2.937018871307373e-05
isr_167.npy,is,father,0.21504689753055573,joint,joint_41,41,-3.069639205932617e-06
isr_167.npy,is,father,0.21504689753055573,coordinate_axis,x,0,0.0019232779741287231
isr_167.npy,is,father,0.21504689753055573,coordinate_axis,y,1,0.003943011164665222
isr_167.npy,is,father,0.21504689753055573,coordinate_axis,z,2,0.0006789565086364746
isr_171.npy,is,father,0.2193974256515503,joint,joint_00,0,-0.00026880204677581787
isr_171.npy,is,father,0.2193974256515503,joint,joint_01,1,1.704692840576172e-05
isr_171.npy,is,father,0.2193974256515503,joint,joint_02,2,0.0006258785724639893
isr_171.npy,is,father,0.2193974256515503,joint,joint_03,3,-8.724629878997803e-05
isr_171.npy,is,father,0.2193974256515503,joint,joint_04,4,8.553266525268555e-05
isr_171.npy,is,father,0.2193974256515503,joint,joint_05,5,-2.752244472503662e-05
isr_171.npy,is,father,0.2193974256515503,joint,joint_06,6,6.967782974243164e-05
isr_171.npy,is,father,0.2193974256515503,joint,joint_07,7,-3.090500831604004e-05
isr_171.npy,is,father,0.2193974256515503,joint,joint_08,8,-1.049041748046875e-05
isr_171.npy,is,father,0.2193974256515503,joint,joint_09,9,0.00046424567699432373
isr_171.npy,is,father,0.2193974256515503,joint,joint_10,10,0.0005525052547454834
isr_171.npy,is,father,0.2193974256515503,joint,joint_11,11,-0.0003621429204940796
isr_171.npy,is,father,0.2193974256515503,joint,joint_12,12,0.00022208690643310547
isr_171.npy,is,father,0.2193974256515503,joint,joint_13,13,0.0005216002464294434
isr_171.npy,is,father,0.2193974256515503,joint,joint_14,14,0.0006477981805801392
isr_171.npy,is,father,0.2193974256515503,joint,joint_15,15,0.0012828856706619263
isr_171.npy,is,father,0.2193974256515503,joint,joint_16,16,-8.52346420288086e-05
isr_171.npy,is,father,0.2193974256515503,joint,joint_17,17,0.00032579898834228516
isr_171.npy,is,father,0.2193974256515503,joint,joint_18,18,0.0020243823528289795
isr_171.npy,is,father,0.2193974256515503,joint,joint_19,19,0.0020871609449386597
isr_171.npy,is,father,0.2193974256515503,joint,joint_20,20,0.003025338053703308
isr_171.npy,is,father,0.2193974256515503,joint,joint_21,21,-3.591179847717285e-05
isr_171.npy,is,father,0.2193974256515503,joint,joint_22,22,7.329881191253662e-05
isr_171.npy,is,father,0.2193974256515503,joint,joint_23,23,7.27623701095581e-05
isr_171.npy,is,father,0.2193974256515503,joint,joint_24,24,4.932284355163574e-06
isr_171.npy,is,father,0.2193974256515503,joint,joint_25,25,-8.581578731536865e-05
isr_171.npy,is,father,0.2193974256515503,joint,joint_26,26,9.2238187789917e-06
isr_171.npy,is,father,0.2193974256515503,joint,joint_27,27,3.555417060852051e-05
isr_171.npy,is,father,0.2193974256515503,joint,joint_28,28,3.2395124435424805e-05
isr_171.npy,is,father,0.2193974256515503,joint,joint_29,29,-4.222989082336426e-05
isr_171.npy,is,father,0.2193974256515503,joint,joint_30,30,-1.9609928131103516e-05
isr_171.npy,is,father,0.2193974256515503,joint,joint_31,31,0.00010547041893005371
isr_171.npy,is,father,0.2193974256515503,joint,joint_32,32,-8.644163608551025e-05
isr_171.npy,is,father,0.2193974256515503,joint,joint_33,33,-8.894503116607666e-05
isr_171.npy,is,father,0.2193974256515503,joint,joint_34,34,6.099045276641846e-05
isr_171.npy,is,father,0.2193974256515503,joint,joint_35,35,3.358721733093262e-05
isr_171.npy,is,father,0.2193974256515503,joint,joint_36,36,-4.635751247406006e-05
isr_171.npy,is,father,0.2193974256515503,joint,joint_37,37,-7.525086402893066e-06
isr_171.npy,is,father,0.2193974256515503,joint,joint_38,38,-1.3813376426696777e-05
isr_171.npy,is,father,0.2193974256515503,joint,joint_39,39,-2.086162567138672e-07
isr_171.npy,is,father,0.2193974256515503,joint,joint_40,40,-2.8908252716064453e-05
isr_171.npy,is,father,0.2193974256515503,joint,joint_41,41,-2.8759241104125977e-06
isr_171.npy,is,father,0.2193974256515503,coordinate_axis,x,0,0.00304277241230011
isr_171.npy,is,father,0.2193974256515503,coordinate_axis,y,1,0.007652729749679565
isr_171.npy,is,father,0.2193974256515503,coordinate_axis,z,2,0.0002572983503341675
isr_19.npy,is,father,0.22966624796390533,joint,joint_00,0,0.0008473247289657593
isr_19.npy,is,father,0.22966624796390533,joint,joint_01,1,-0.00011879205703735352
isr_19.npy,is,father,0.22966624796390533,joint,joint_02,2,0.0009719133377075195
isr_19.npy,is,father,0.22966624796390533,joint,joint_03,3,-0.0003630518913269043
isr_19.npy,is,father,0.22966624796390533,joint,joint_04,4,-0.0011074244976043701
isr_19.npy,is,father,0.22966624796390533,joint,joint_05,5,-0.0013345032930374146
isr_19.npy,is,father,0.22966624796390533,joint,joint_06,6,0.0004360079765319824
isr_19.npy,is,father,0.22966624796390533,joint,joint_07,7,0.0011375099420547485
isr_19.npy,is,father,0.22966624796390533,joint,joint_08,8,3.1322240829467773e-05
isr_19.npy,is,father,0.22966624796390533,joint,joint_09,9,0.001208677887916565
isr_19.npy,is,father,0.22966624796390533,joint,joint_10,10,0.0011146366596221924
isr_19.npy,is,father,0.22966624796390533,joint,joint_11,11,0.00028981268405914307
isr_19.npy,is,father,0.22966624796390533,joint,joint_12,12,2.9265880584716797e-05
isr_19.npy,is,father,0.22966624796390533,joint,joint_13,13,0.0019605904817581177
isr_19.npy,is,father,0.22966624796390533,joint,joint_14,14,0.0002000182867050171
isr_19.npy,is,father,0.22966624796390533,joint,joint_15,15,0.0027759671211242676
isr_19.npy,is,father,0.22966624796390533,joint,joint_16,16,0.000531807541847229
isr_19.npy,is,father,0.22966624796390533,joint,joint_17,17,0.003133714199066162
isr_19.npy,is,father,0.22966624796390533,joint,joint_18,18,0.0038775205612182617
isr_19.npy,is,father,0.22966624796390533,joint,joint_19,19,0.0030065327882766724
isr_19.npy,is,father,0.22966624796390533,joint,joint_20,20,0.0025784671306610107
isr_19.npy,is,father,0.22966624796390533,joint,joint_21,21,-3.248453140258789e-05
isr_19.npy,is,father,0.22966624796390533,joint,joint_22,22,8.51750373840332e-05
isr_19.npy,is,father,0.22966624796390533,joint,joint_23,23,8.048117160797119e-05
isr_19.npy,is,father,0.22966624796390533,joint,joint_24,24,5.97536563873291e-06
isr_19.npy,is,father,0.22966624796390533,joint,joint_25,25,-8.165836334228516e-05
isr_19.npy,is,father,0.22966624796390533,joint,joint_26,26,1.0088086128234863e-05
isr_19.npy,is,father,0.22966624796390533,joint,joint_27,27,4.093348979949951e-05
isr_19.npy,is,father,0.22966624796390533,joint,joint_28,28,3.6597251892089844e-05
isr_19.npy,is,father,0.22966624796390533,joint,joint_29,29,-4.477798938751221e-05
isr_19.npy,is,father,0.22966624796390533,joint,joint_30,30,-1.2114644050598145e-05
isr_19.npy,is,father,0.22966624796390533,joint,joint_31,31,0.00010728836059570312
isr_19.npy,is,father,0.22966624796390533,joint,joint_32,32,-8.830428123474121e-05
isr_19.npy,is,father,0.22966624796390533,joint,joint_33,33,-8.983910083770752e-05
isr_19.npy,is,father,0.22966624796390533,joint,joint_34,34,7.490813732147217e-05
isr_19.npy,is,father,0.22966624796390533,joint,joint_35,35,3.2529234886169434e-05
isr_19.npy,is,father,0.22966624796390533,joint,joint_36,36,-5.005300045013428e-05
isr_19.npy,is,father,0.22966624796390533,joint,joint_37,37,-1.4320015907287598e-05
isr_19.npy,is,father,0.22966624796390533,joint,joint_38,38,-7.88271427154541e-06
isr_19.npy,is,father,0.22966624796390533,joint,joint_39,39,2.2351741790771484e-07
isr_19.npy,is,father,0.22966624796390533,joint,joint_40,40,-2.6986002922058105e-05
isr_19.npy,is,father,0.22966624796390533,joint,joint_41,41,-6.407499313354492e-06
isr_19.npy,is,father,0.22966624796390533,coordinate_axis,x,0,-0.001540839672088623
isr_19.npy,is,father,0.22966624796390533,coordinate_axis,y,1,0.020473837852478027
isr_19.npy,is,father,0.22966624796390533,coordinate_axis,z,2,0.002011999487876892
isr_193.npy,is,father,0.21949264407157898,joint,joint_00,0,-0.0003004521131515503
isr_193.npy,is,father,0.21949264407157898,joint,joint_01,1,6.586313247680664e-06
isr_193.npy,is,father,0.21949264407157898,joint,joint_02,2,0.0005729049444198608
isr_193.npy,is,father,0.21949264407157898,joint,joint_03,3,-8.004903793334961e-05
isr_193.npy,is,father,0.21949264407157898,joint,joint_04,4,8.185207843780518e-05
isr_193.npy,is,father,0.21949264407157898,joint,joint_05,5,2.3230910301208496e-05
isr_193.npy,is,father,0.21949264407157898,joint,joint_06,6,8.644163608551025e-05
isr_193.npy,is,father,0.21949264407157898,joint,joint_07,7,9.88692045211792e-05
isr_193.npy,is,father,0.21949264407157898,joint,joint_08,8,-8.033215999603271e-05
isr_193.npy,is,father,0.21949264407157898,joint,joint_09,9,0.0005125552415847778
isr_193.npy,is,father,0.21949264407157898,joint,joint_10,10,0.0005638003349304199
isr_193.npy,is,father,0.21949264407157898,joint,joint_11,11,-0.0004001706838607788
isr_193.npy,is,father,0.21949264407157898,joint,joint_12,12,0.00026829540729522705
isr_193.npy,is,father,0.21949264407157898,joint,joint_13,13,0.0005137920379638672
isr_193.npy,is,father,0.21949264407157898,joint,joint_14,14,0.0006922781467437744
isr_193.npy,is,father,0.21949264407157898,joint,joint_15,15,0.001250341534614563
isr_193.npy,is,father,0.21949264407157898,joint,joint_16,16,-0.00010749697685241699
isr_193.npy,is,father,0.21949264407157898,joint,joint_17,17,0.000233381986618042
isr_193.npy,is,father,0.21949264407157898,joint,joint_18,18,0.00204506516456604
isr_193.npy,is,father,0.21949264407157898,joint,joint_19,19,0.0021221786737442017
isr_193.npy,is,father,0.21949264407157898,joint,joint_20,20,0.0030797719955444336
isr_193.npy,is,father,0.21949264407157898,joint,joint_21,21,-3.6016106605529785e-05
isr_193.npy,is,father,0.21949264407157898,joint,joint_22,22,7.326900959014893e-05
isr_193.npy,is,father,0.21949264407157898,joint,joint_23,23,7.285177707672119e-05
isr_193.npy,is,father,0.21949264407157898,joint,joint_24,24,4.9173831939697266e-06
isr_193.npy,is,father,0.21949264407157898,joint,joint_25,25,-8.587539196014404e-05
isr_193.npy,is,father,0.21949264407157898,joint,joint_26,26,9.194016456604004e-06
isr_193.npy,is,father,0.21949264407157898,joint,joint_27,27,3.553926944732666e-05
isr_193.npy,is,father,0.21949264407157898,joint,joint_28,28,3.246963024139404e-05
isr_193.npy,is,father,0.21949264407157898,joint,joint_29,29,-4.2185187339782715e-05
isr_193.npy,is,father,0.21949264407157898,joint,joint_30,30,-1.9878149032592773e-05
isr_193.npy,is,father,0.21949264407157898,joint,joint_31,31,0.00010564923286437988
isr_193.npy,is,father,0.21949264407157898,joint,joint_32,32,-8.64267349243164e-05
isr_193.npy,is,father,0.21949264407157898,joint,joint_33,33,-8.906424045562744e-05
isr_193.npy,is,father,0.21949264407157898,joint,joint_34,34,6.10649585723877e-05
isr_193.npy,is,father,0.21949264407157898,joint,joint_35,35,3.378093242645264e-05
isr_193.npy,is,father,0.21949264407157898,joint,joint_36,36,-4.6312808990478516e-05
isr_193.npy,is,father,0.21949264407157898,joint,joint_37,37,-7.465481758117676e-06
isr_193.npy,is,father,0.21949264407157898,joint,joint_38,38,-1.3902783393859863e-05
isr_193.npy,is,father,0.21949264407157898,joint,joint_39,39,-1.4901161193847656e-07
isr_193.npy,is,father,0.21949264407157898,joint,joint_40,40,-2.886354923248291e-05
isr_193.npy,is,father,0.21949264407157898,joint,joint_41,41,-2.86102294921875e-06
isr_193.npy,is,father,0.21949264407157898,coordinate_axis,x,0,0.0031786561012268066
isr_193.npy,is,father,0.21949264407157898,coordinate_axis,y,1,0.007635325193405151
isr_193.npy,is,father,0.21949264407157898,coordinate_axis,z,2,0.0002431422472000122
isr_200.npy,is,father,0.21825866401195526,joint,joint_00,0,-0.0003349035978317261
isr_200.npy,is,father,0.21825866401195526,joint,joint_01,1,2.288818359375e-05
isr_200.npy,is,father,0.21825866401195526,joint,joint_02,2,0.0008291900157928467
isr_200.npy,is,father,0.21825866401195526,joint,joint_03,3,-0.0001471787691116333
isr_200.npy,is,father,0.21825866401195526,joint,joint_04,4,7.082521915435791e-05
isr_200.npy,is,father,0.21825866401195526,joint,joint_05,5,5.824863910675049e-05
isr_200.npy,is,father,0.21825866401195526,joint,joint_06,6,4.506111145019531e-05
isr_200.npy,is,father,0.21825866401195526,joint,joint_07,7,8.404254913330078e-05
isr_200.npy,is,father,0.21825866401195526,joint,joint_08,8,-2.2798776626586914e-06
isr_200.npy,is,father,0.21825866401195526,joint,joint_09,9,0.0004341602325439453
isr_200.npy,is,father,0.21825866401195526,joint,joint_10,10,0.00046969950199127197
isr_200.npy,is,father,0.21825866401195526,joint,joint_11,11,-0.00026938319206237793
isr_200.npy,is,father,0.21825866401195526,joint,joint_12,12,0.00016626715660095215
isr_200.npy,is,father,0.21825866401195526,joint,joint_13,13,0.0005518198013305664
isr_200.npy,is,father,0.21825866401195526,joint,joint_14,14,0.0005170553922653198
isr_200.npy,is,father,0.21825866401195526,joint,joint_15,15,0.0008329302072525024
isr_200.npy,is,father,0.21825866401195526,joint,joint_16,16,-0.00014969706535339355
isr_200.npy,is,father,0.21825866401195526,joint,joint_17,17,0.00040668249130249023
isr_200.npy,is,father,0.21825866401195526,joint,joint_18,18,0.0019019395112991333
isr_200.npy,is,father,0.21825866401195526,joint,joint_19,19,0.001879855990409851
isr_200.npy,is,father,0.21825866401195526,joint,joint_20,20,0.0025588423013687134
isr_200.npy,is,father,0.21825866401195526,joint,joint_21,21,-3.5449862480163574e-05
isr_200.npy,is,father,0.21825866401195526,joint,joint_22,22,7.322430610656738e-05
isr_200.npy,is,father,0.21825866401195526,joint,joint_23,23,7.267296314239502e-05
isr_200.npy,is,father,0.21825866401195526,joint,joint_24,24,4.395842552185059e-06
isr_200.npy,is,father,0.21825866401195526,joint,joint_25,25,-8.468329906463623e-05
isr_200.npy,is,father,0.21825866401195526,joint,joint_26,26,9.2238187789917e-06
isr_200.npy,is,father,0.21825866401195526,joint,joint_27,27,3.4928321838378906e-05
isr_200.npy,is,father,0.21825866401195526,joint,joint_28,28,3.2454729080200195e-05
isr_200.npy,is,father,0.21825866401195526,joint,joint_29,29,-4.194676876068115e-05
isr_200.npy,is,father,0.21825866401195526,joint,joint_30,30,-1.8984079360961914e-05
isr_200.npy,is,father,0.21825866401195526,joint,joint_31,31,0.00010387599468231201
isr_200.npy,is,father,0.21825866401195526,joint,joint_32,32,-8.560717105865479e-05
isr_200.npy,is,father,0.21825866401195526,joint,joint_33,33,-8.842349052429199e-05
isr_200.npy,is,father,0.21825866401195526,joint,joint_34,34,6.015598773956299e-05
isr_200.npy,is,father,0.21825866401195526,joint,joint_35,35,3.4242868423461914e-05
isr_200.npy,is,father,0.21825866401195526,joint,joint_36,36,-4.552304744720459e-05
isr_200.npy,is,father,0.21825866401195526,joint,joint_37,37,-7.37607479095459e-06
isr_200.npy,is,father,0.21825866401195526,joint,joint_38,38,-1.33514404296875e-05
isr_200.npy,is,father,0.21825866401195526,joint,joint_39,39,-7.897615432739258e-07
isr_200.npy,is,father,0.21825866401195526,joint,joint_40,40,-2.886354923248291e-05
isr_200.npy,is,father,0.21825866401195526,joint,joint_41,41,-2.428889274597168e-06
isr_200.npy,is,father,0.21825866401195526,coordinate_axis,x,0,0.0021308809518814087
isr_200.npy,is,father,0.21825866401195526,coordinate_axis,y,1,0.007115691900253296
isr_200.npy,is,father,0.21825866401195526,coordinate_axis,z,2,0.0005378127098083496
isr_207.npy,is,father,0.2182554006576538,joint,joint_00,0,-0.0003129541873931885
isr_207.npy,is,father,0.2182554006576538,joint,joint_01,1,1.8104910850524902e-05
isr_207.npy,is,father,0.2182554006576538,joint,joint_02,2,0.0008058995008468628
isr_207.npy,is,father,0.2182554006576538,joint,joint_03,3,-0.0001389235258102417
isr_207.npy,is,father,0.2182554006576538,joint,joint_04,4,6.878376007080078e-05
isr_207.npy,is,father,0.2182554006576538,joint,joint_05,5,7.468461990356445e-05
isr_207.npy,is,father,0.2182554006576538,joint,joint_06,6,3.628432750701904e-05
isr_207.npy,is,father,0.2182554006576538,joint,joint_07,7,5.595386028289795e-05
isr_207.npy,is,father,0.2182554006576538,joint,joint_08,8,-9.551644325256348e-06
isr_207.npy,is,father,0.2182554006576538,joint,joint_09,9,0.0004309415817260742
isr_207.npy,is,father,0.2182554006576538,joint,joint_10,10,0.0004560202360153198
isr_207.npy,is,father,0.2182554006576538,joint,joint_11,11,-0.0002904236316680908
isr_207.npy,is,father,0.2182554006576538,joint,joint_12,12,0.00015345215797424316
isr_207.npy,is,father,0.2182554006576538,joint,joint_13,13,0.0005646795034408569
isr_207.npy,is,father,0.2182554006576538,joint,joint_14,14,0.0005337148904800415
isr_207.npy,is,father,0.2182554006576538,joint,joint_15,15,0.0008831173181533813
isr_207.npy,is,father,0.2182554006576538,joint,joint_16,16,-0.00013712048530578613
isr_207.npy,is,father,0.2182554006576538,joint,joint_17,17,0.0004242211580276489
isr_207.npy,is,father,0.2182554006576538,joint,joint_18,18,0.0019247978925704956
isr_207.npy,is,father,0.2182554006576538,joint,joint_19,19,0.0018922239542007446
isr_207.npy,is,father,0.2182554006576538,joint,joint_20,20,0.0024968087673187256
isr_207.npy,is,father,0.2182554006576538,joint,joint_21,21,-3.549456596374512e-05
isr_207.npy,is,father,0.2182554006576538,joint,joint_22,22,7.320940494537354e-05
isr_207.npy,is,father,0.2182554006576538,joint,joint_23,23,7.259845733642578e-05
isr_207.npy,is,father,0.2182554006576538,joint,joint_24,24,4.500150680541992e-06
isr_207.npy,is,father,0.2182554006576538,joint,joint_25,25,-8.469820022583008e-05
isr_207.npy,is,father,0.2182554006576538,joint,joint_26,26,9.2238187789917e-06
isr_207.npy,is,father,0.2182554006576538,joint,joint_27,27,3.497302532196045e-05
isr_207.npy,is,father,0.2182554006576538,joint,joint_28,28,3.248453140258789e-05
isr_207.npy,is,father,0.2182554006576538,joint,joint_29,29,-4.202127456665039e-05
isr_207.npy,is,father,0.2182554006576538,joint,joint_30,30,-1.8984079360961914e-05
isr_207.npy,is,father,0.2182554006576538,joint,joint_31,31,0.00010387599468231201
isr_207.npy,is,father,0.2182554006576538,joint,joint_32,32,-8.563697338104248e-05
isr_207.npy,is,father,0.2182554006576538,joint,joint_33,33,-8.845329284667969e-05
isr_207.npy,is,father,0.2182554006576538,joint,joint_34,34,6.015598773956299e-05
isr_207.npy,is,father,0.2182554006576538,joint,joint_35,35,3.428757190704346e-05
isr_207.npy,is,father,0.2182554006576538,joint,joint_36,36,-4.550814628601074e-05
isr_207.npy,is,father,0.2182554006576538,joint,joint_37,37,-7.405877113342285e-06
isr_207.npy,is,father,0.2182554006576538,joint,joint_38,38,-1.341104507446289e-05
isr_207.npy,is,father,0.2182554006576538,joint,joint_39,39,-7.897615432739258e-07
isr_207.npy,is,father,0.2182554006576538,joint,joint_40,40,-2.8848648071289062e-05
isr_207.npy,is,father,0.2182554006576538,joint,joint_41,41,-2.3543834686279297e-06
isr_207.npy,is,father,0.2182554006576538,coordinate_axis,x,0,0.0022414028644561768
isr_207.npy,is,father,0.2182554006576538,coordinate_axis,y,1,0.006967112421989441
isr_207.npy,is,father,0.2182554006576538,coordinate_axis,z,2,0.000574067234992981
isr_208.npy,is,father,0.21796347200870514,joint,joint_00,0,-0.0003120601177215576
isr_208.npy,is,father,0.21796347200870514,joint,joint_01,1,1.87605619430542e-05
isr_208.npy,is,father,0.21796347200870514,joint,joint_02,2,0.0008072406053543091
isr_208.npy,is,father,0.21796347200870514,joint,joint_03,3,-0.0001331716775894165
isr_208.npy,is,father,0.21796347200870514,joint,joint_04,4,7.565319538116455e-05
isr_208.npy,is,father,0.21796347200870514,joint,joint_05,5,0.0001010894775390625
isr_208.npy,is,father,0.21796347200870514,joint,joint_06,6,2.491474151611328e-05
isr_208.npy,is,father,0.21796347200870514,joint,joint_07,7,6.340444087982178e-05
isr_208.npy,is,father,0.21796347200870514,joint,joint_08,8,4.32133674621582e-06
isr_208.npy,is,father,0.21796347200870514,joint,joint_09,9,0.0004444420337677002
isr_208.npy,is,father,0.21796347200870514,joint,joint_10,10,0.0005006343126296997
isr_208.npy,is,father,0.21796347200870514,joint,joint_11,11,-0.0003233999013900757
isr_208.npy,is,father,0.21796347200870514,joint,joint_12,12,0.00016479194164276123
isr_208.npy,is,father,0.21796347200870514,joint,joint_13,13,0.0005801767110824585
isr_208.npy,is,father,0.21796347200870514,joint,joint_14,14,0.0005494654178619385
isr_208.npy,is,father,0.21796347200870514,joint,joint_15,15,0.0009237378835678101
isr_208.npy,is,father,0.21796347200870514,joint,joint_16,16,-0.0001399219036102295
isr_208.npy,is,father,0.21796347200870514,joint,joint_17,17,0.0004082024097442627
isr_208.npy,is,father,0.21796347200870514,joint,joint_18,18,0.0018606036901474
isr_208.npy,is,father,0.21796347200870514,joint,joint_19,19,0.0017788857221603394
isr_208.npy,is,father,0.21796347200870514,joint,joint_20,20,0.0022270679473876953
isr_208.npy,is,father,0.21796347200870514,joint,joint_21,21,-3.534555435180664e-05
isr_208.npy,is,father,0.21796347200870514,joint,joint_22,22,7.31050968170166e-05
isr_208.npy,is,father,0.21796347200870514,joint,joint_23,23,7.243454456329346e-05
isr_208.npy,is,father,0.21796347200870514,joint,joint_24,24,4.470348358154297e-06
isr_208.npy,is,father,0.21796347200870514,joint,joint_25,25,-8.466839790344238e-05
isr_208.npy,is,father,0.21796347200870514,joint,joint_26,26,9.28342342376709e-06
isr_208.npy,is,father,0.21796347200870514,joint,joint_27,27,3.5002827644348145e-05
isr_208.npy,is,father,0.21796347200870514,joint,joint_28,28,3.243982791900635e-05
isr_208.npy,is,father,0.21796347200870514,joint,joint_29,29,-4.184246063232422e-05
isr_208.npy,is,father,0.21796347200870514,joint,joint_30,30,-1.9073486328125e-05
isr_208.npy,is,father,0.21796347200870514,joint,joint_31,31,0.00010371208190917969
isr_208.npy,is,father,0.21796347200870514,joint,joint_32,32,-8.542835712432861e-05
isr_208.npy,is,father,0.21796347200870514,joint,joint_33,33,-8.837878704071045e-05
isr_208.npy,is,father,0.21796347200870514,joint,joint_34,34,6.0111284255981445e-05
isr_208.npy,is,father,0.21796347200870514,joint,joint_35,35,3.4183263778686523e-05
isr_208.npy,is,father,0.21796347200870514,joint,joint_36,36,-4.553794860839844e-05
isr_208.npy,is,father,0.21796347200870514,joint,joint_37,37,-7.465481758117676e-06
isr_208.npy,is,father,0.21796347200870514,joint,joint_38,38,-1.3440847396850586e-05
isr_208.npy,is,father,0.21796347200870514,joint,joint_39,39,-6.109476089477539e-07
isr_208.npy,is,father,0.21796347200870514,joint,joint_40,40,-2.8878450393676758e-05
isr_208.npy,is,father,0.21796347200870514,joint,joint_41,41,-2.473592758178711e-06
isr_208.npy,is,father,0.21796347200870514,coordinate_axis,x,0,0.0022556036710739136
isr_208.npy,is,father,0.21796347200870514,coordinate_axis,y,1,0.006561651825904846
isr_208.npy,is,father,0.21796347200870514,coordinate_axis,z,2,0.0006678104400634766
isr_22.npy,is,father,0.2278502732515335,joint,joint_00,0,0.0007618367671966553
isr_22.npy,is,father,0.2278502732515335,joint,joint_01,1,-0.00012680888175964355
isr_22.npy,is,father,0.2278502732515335,joint,joint_02,2,0.0011837631464004517
isr_22.npy,is,father,0.2278502732515335,joint,joint_03,3,-0.00038689374923706055
isr_22.npy,is,father,0.2278502732515335,joint,joint_04,4,-0.0010895878076553345
isr_22.npy,is,father,0.2278502732515335,joint,joint_05,5,-0.0012843310832977295
isr_22.npy,is,father,0.2278502732515335,joint,joint_06,6,0.0003892630338668823
isr_22.npy,is,father,0.2278502732515335,joint,joint_07,7,0.0009955763816833496
isr_22.npy,is,father,0.2278502732515335,joint,joint_08,8,0.0001090317964553833
isr_22.npy,is,father,0.2278502732515335,joint,joint_09,9,0.00111408531665802
isr_22.npy,is,father,0.2278502732515335,joint,joint_10,10,0.0010218024253845215
isr_22.npy,is,father,0.2278502732515335,joint,joint_11,11,0.00032417476177215576
isr_22.npy,is,father,0.2278502732515335,joint,joint_12,12,-9.140372276306152e-05
isr_22.npy,is,father,0.2278502732515335,joint,joint_13,13,0.00195293128490448
isr_22.npy,is,father,0.2278502732515335,joint,joint_14,14,9.495019912719727e-05
isr_22.npy,is,father,0.2278502732515335,joint,joint_15,15,0.0023870617151260376
isr_22.npy,is,father,0.2278502732515335,joint,joint_16,16,0.00045962631702423096
isr_22.npy,is,father,0.2278502732515335,joint,joint_17,17,0.0031084269285202026
isr_22.npy,is,father,0.2278502732515335,joint,joint_18,18,0.0035974085330963135
isr_22.npy,is,father,0.2278502732515335,joint,joint_19,19,0.0026651471853256226
isr_22.npy,is,father,0.2278502732515335,joint,joint_20,20,0.001933947205543518
isr_22.npy,is,father,0.2278502732515335,joint,joint_21,21,-3.236532211303711e-05
isr_22.npy,is,father,0.2278502732515335,joint,joint_22,22,8.456408977508545e-05
isr_22.npy,is,father,0.2278502732515335,joint,joint_23,23,7.991492748260498e-05
isr_22.npy,is,father,0.2278502732515335,joint,joint_24,24,5.662441253662109e-06
isr_22.npy,is,father,0.2278502732515335,joint,joint_25,25,-8.112192153930664e-05
isr_22.npy,is,father,0.2278502732515335,joint,joint_26,26,9.909272193908691e-06
isr_22.npy,is,father,0.2278502732515335,joint,joint_27,27,4.0650367736816406e-05
isr_22.npy,is,father,0.2278502732515335,joint,joint_28,28,3.6463141441345215e-05
isr_22.npy,is,father,0.2278502732515335,joint,joint_29,29,-4.482269287109375e-05
isr_22.npy,is,father,0.2278502732515335,joint,joint_30,30,-1.2323260307312012e-05
isr_22.npy,is,father,0.2278502732515335,joint,joint_31,31,0.00010617077350616455
isr_22.npy,is,father,0.2278502732515335,joint,joint_32,32,-8.769333362579346e-05
isr_22.npy,is,father,0.2278502732515335,joint,joint_33,33,-8.90493392944336e-05
isr_22.npy,is,father,0.2278502732515335,joint,joint_34,34,7.40736722946167e-05
isr_22.npy,is,father,0.2278502732515335,joint,joint_35,35,3.238022327423096e-05
isr_22.npy,is,father,0.2278502732515335,joint,joint_36,36,-5.005300045013428e-05
isr_22.npy,is,father,0.2278502732515335,joint,joint_37,37,-1.430511474609375e-05
isr_22.npy,is,father,0.2278502732515335,joint,joint_38,38,-8.314847946166992e-06
isr_22.npy,is,father,0.2278502732515335,joint,joint_39,39,3.8743019104003906e-07
isr_22.npy,is,father,0.2278502732515335,joint,joint_40,40,-2.7000904083251953e-05
isr_22.npy,is,father,0.2278502732515335,joint,joint_41,41,-6.496906280517578e-06
isr_22.npy,is,father,0.2278502732515335,coordinate_axis,x,0,-0.0021645277738571167
isr_22.npy,is,father,0.2278502732515335,coordinate_axis,y,1,0.019047707319259644
isr_22.npy,is,father,0.2278502732515335,coordinate_axis,z,2,0.002175047993659973
isr_27.npy,is,father,0.21620823442935944,joint,joint_00,0,-0.00022158026695251465
isr_27.npy,is,father,0.21620823442935944,joint,joint_01,1,0.00010989606380462646
isr_27.npy,is,father,0.21620823442935944,joint,joint_02,2,0.002041861414909363
isr_27.npy,is,father,0.21620823442935944,joint,joint_03,3,-0.0003371685743331909
isr_27.npy,is,father,0.21620823442935944,joint,joint_04,4,-0.00033971667289733887
isr_27.npy,is,father,0.21620823442935944,joint,joint_05,5,9.891390800476074e-05
isr_27.npy,is,father,0.21620823442935944,joint,joint_06,6,-5.62816858291626e-05
isr_27.npy,is,father,0.21620823442935944,joint,joint_07,7,-0.00019027292728424072
isr_27.npy,is,father,0.21620823442935944,joint,joint_08,8,0.0005100071430206299
isr_27.npy,is,father,0.21620823442935944,joint,joint_09,9,0.00022676587104797363
isr_27.npy,is,father,0.21620823442935944,joint,joint_10,10,0.0002705007791519165
isr_27.npy,is,father,0.21620823442935944,joint,joint_11,11,0.0001671314239501953
isr_27.npy,is,father,0.21620823442935944,joint,joint_12,12,-0.0005780607461929321
isr_27.npy,is,father,0.21620823442935944,joint,joint_13,13,0.0007905662059783936
isr_27.npy,is,father,0.21620823442935944,joint,joint_14,14,-3.0472874641418457e-05
isr_27.npy,is,father,0.21620823442935944,joint,joint_15,15,-5.358457565307617e-05
isr_27.npy,is,father,0.21620823442935944,joint,joint_16,16,-0.0001443922519683838
isr_27.npy,is,father,0.21620823442935944,joint,joint_17,17,0.0012589097023010254
isr_27.npy,is,father,0.21620823442935944,joint,joint_18,18,0.0015421509742736816
isr_27.npy,is,father,0.21620823442935944,joint,joint_19,19,0.001439511775970459
isr_27.npy,is,father,0.21620823442935944,joint,joint_20,20,0.0012632310390472412
isr_27.npy,is,father,0.21620823442935944,joint,joint_21,21,-3.0055642127990723e-05
isr_27.npy,is,father,0.21620823442935944,joint,joint_22,22,7.623434066772461e-05
isr_27.npy,is,father,0.21620823442935944,joint,joint_23,23,7.283687591552734e-05
isr_27.npy,is,father,0.21620823442935944,joint,joint_24,24,6.9588422775268555e-06
isr_27.npy,is,father,0.21620823442935944,joint,joint_25,25,-8.046627044677734e-05
isr_27.npy,is,father,0.21620823442935944,joint,joint_26,26,8.64267349243164e-06
isr_27.npy,is,father,0.21620823442935944,joint,joint_27,27,3.363192081451416e-05
isr_27.npy,is,father,0.21620823442935944,joint,joint_28,28,3.038346767425537e-05
isr_27.npy,is,father,0.21620823442935944,joint,joint_29,29,-3.871321678161621e-05
isr_27.npy,is,father,0.21620823442935944,joint,joint_30,30,-1.849234104156494e-05
isr_27.npy,is,father,0.21620823442935944,joint,joint_31,31,0.00010061264038085938
isr_27.npy,is,father,0.21620823442935944,joint,joint_32,32,-8.369982242584229e-05
isr_27.npy,is,father,0.21620823442935944,joint,joint_33,33,-8.428096771240234e-05
isr_27.npy,is,father,0.21620823442935944,joint,joint_34,34,6.628036499023438e-05
isr_27.npy,is,father,0.21620823442935944,joint,joint_35,35,3.673136234283447e-05
isr_27.npy,is,father,0.21620823442935944,joint,joint_36,36,-4.754960536956787e-05
isr_27.npy,is,father,0.21620823442935944,joint,joint_37,37,-1.0773539543151855e-05
isr_27.npy,is,father,0.21620823442935944,joint,joint_38,38,-1.0445713996887207e-05
isr_27.npy,is,father,0.21620823442935944,joint,joint_39,39,2.130866050720215e-06
isr_27.npy,is,father,0.21620823442935944,joint,joint_40,40,-2.9787421226501465e-05
isr_27.npy,is,father,0.21620823442935944,joint,joint_41,41,-5.0067901611328125e-06
isr_27.npy,is,father,0.21620823442935944,coordinate_axis,x,0,-0.0003155171871185303
isr_27.npy,is,father,0.21620823442935944,coordinate_axis,y,1,0.005901947617530823
isr_27.npy,is,father,0.21620823442935944,coordinate_axis,z,2,0.0021713972091674805
isr_3.npy,is,father,0.22785617411136627,joint,joint_00,0,0.0008696317672729492
isr_3.npy,is,father,0.22785617411136627,joint,joint_01,1,5.550682544708252e-05
isr_3.npy,is,father,0.22785617411136627,joint,joint_02,2,-3.9696693420410156e-05
isr_3.npy,is,father,0.22785617411136627,joint,joint_03,3,-7.499754428863525e-05
isr_3.npy,is,father,0.22785617411136627,joint,joint_04,4,-0.0010587126016616821
isr_3.npy,is,father,0.22785617411136627,joint,joint_05,5,-0.0012436211109161377
isr_3.npy,is,father,0.22785617411136627,joint,joint_06,6,0.0005704611539840698
isr_3.npy,is,father,0.22785617411136627,joint,joint_07,7,0.0011924505233764648
isr_3.npy,is,father,0.22785617411136627,joint,joint_08,8,-0.0005667805671691895
isr_3.npy,is,father,0.22785617411136627,joint,joint_09,9,0.001232832670211792
isr_3.npy,is,father,0.22785617411136627,joint,joint_10,10,0.0013360977172851562
isr_3.npy,is,father,0.22785617411136627,joint,joint_11,11,-9.950995445251465e-05
isr_3.npy,is,father,0.22785617411136627,joint,joint_12,12,0.0004764050245285034
isr_3.npy,is,father,0.22785617411136627,joint,joint_13,13,0.001448795199394226
isr_3.npy,is,father,0.22785617411136627,joint,joint_14,14,0.0005163997411727905
isr_3.npy,is,father,0.22785617411136627,joint,joint_15,15,0.0030151009559631348
isr_3.npy,is,father,0.22785617411136627,joint,joint_16,16,0.000786513090133667
isr_3.npy,is,father,0.22785617411136627,joint,joint_17,17,0.002690359950065613
isr_3.npy,is,father,0.22785617411136627,joint,joint_18,18,0.003422185778617859
isr_3.npy,is,father,0.22785617411136627,joint,joint_19,19,0.002574041485786438
isr_3.npy,is,father,0.22785617411136627,joint,joint_20,20,0.0025713443756103516
isr_3.npy,is,father,0.22785617411136627,joint,joint_21,21,0.000680282711982727
isr_3.npy,is,father,0.22785617411136627,joint,joint_22,22,-0.0020051151514053345
isr_3.npy,is,father,0.22785617411136627,joint,joint_23,23,-0.0015926361083984375
isr_3.npy,is,father,0.22785617411136627,joint,joint_24,24,2.8386712074279785e-05
isr_3.npy,is,father,0.22785617411136627,joint,joint_25,25,0.0015975236892700195
isr_3.npy,is,father,0.22785617411136627,joint,joint_26,26,-0.00017501413822174072
isr_3.npy,is,father,0.22785617411136627,joint,joint_27,27,-0.0008434802293777466
isr_3.npy,is,father,0.22785617411136627,joint,joint_28,28,-0.0008181780576705933
isr_3.npy,is,father,0.22785617411136627,joint,joint_29,29,0.0006436258554458618
isr_3.npy,is,father,0.22785617411136627,joint,joint_30,30,0.00032679736614227295
isr_3.npy,is,father,0.22785617411136627,joint,joint_31,31,-0.0019080787897109985
isr_3.npy,is,father,0.22785617411136627,joint,joint_32,32,0.0013201385736465454
isr_3.npy,is,father,0.22785617411136627,joint,joint_33,33,0.0015084147453308105
isr_3.npy,is,father,0.22785617411136627,joint,joint_34,34,-0.0015005916357040405
isr_3.npy,is,father,0.22785617411136627,joint,joint_35,35,-0.000556260347366333
isr_3.npy,is,father,0.22785617411136627,joint,joint_36,36,0.0008610785007476807
isr_3.npy,is,father,0.22785617411136627,joint,joint_37,37,0.0005998611450195312
isr_3.npy,is,father,0.22785617411136627,joint,joint_38,38,6.54458999633789e-05
isr_3.npy,is,father,0.22785617411136627,joint,joint_39,39,0.00018315017223358154
isr_3.npy,is,father,0.22785617411136627,joint,joint_40,40,0.0005594491958618164
isr_3.npy,is,father,0.22785617411136627,joint,joint_41,41,-0.00020514428615570068
isr_3.npy,is,father,0.22785617411136627,coordinate_axis,x,0,0.0023495852947235107
isr_3.npy,is,father,0.22785617411136627,coordinate_axis,y,1,0.01616130769252777
isr_3.npy,is,father,0.22785617411136627,coordinate_axis,z,2,0.0004045814275741577
isr_4.npy,is,father,0.22418414056301117,joint,joint_00,0,0.0005265474319458008
isr_4.npy,is,father,0.22418414056301117,joint,joint_01,1,-0.00010098516941070557
isr_4.npy,is,father,0.22418414056301117,joint,joint_02,2,0.0015778839588165283
isr_4.npy,is,father,0.22418414056301117,joint,joint_03,3,-0.0005300939083099365
isr_4.npy,is,father,0.22418414056301117,joint,joint_04,4,-0.0009785592555999756
isr_4.npy,is,father,0.22418414056301117,joint,joint_05,5,-0.001376137137413025
isr_4.npy,is,father,0.22418414056301117,joint,joint_06,6,0.0003952980041503906
isr_4.npy,is,father,0.22418414056301117,joint,joint_07,7,0.0008866786956787109
isr_4.npy,is,father,0.22418414056301117,joint,joint_08,8,-1.3709068298339844e-06
isr_4.npy,is,father,0.22418414056301117,joint,joint_09,9,0.0006813406944274902
isr_4.npy,is,father,0.22418414056301117,joint,joint_10,10,0.0007408559322357178
isr_4.npy,is,father,0.22418414056301117,joint,joint_11,11,0.00054149329662323
isr_4.npy,is,father,0.22418414056301117,joint,joint_12,12,-0.00016865134239196777
isr_4.npy,is,father,0.22418414056301117,joint,joint_13,13,0.0014472752809524536
isr_4.npy,is,father,0.22418414056301117,joint,joint_14,14,-1.963973045349121e-05
isr_4.npy,is,father,0.22418414056301117,joint,joint_15,15,0.0020995736122131348
isr_4.npy,is,father,0.22418414056301117,joint,joint_16,16,0.00047725439071655273
isr_4.npy,is,father,0.22418414056301117,joint,joint_17,17,0.002786293625831604
isr_4.npy,is,father,0.22418414056301117,joint,joint_18,18,0.0029946863651275635
isr_4.npy,is,father,0.22418414056301117,joint,joint_19,19,0.0020152628421783447
isr_4.npy,is,father,0.22418414056301117,joint,joint_20,20,0.0013183504343032837
isr_4.npy,is,father,0.22418414056301117,joint,joint_21,21,-3.059208393096924e-05
isr_4.npy,is,father,0.22418414056301117,joint,joint_22,22,8.380413055419922e-05
isr_4.npy,is,father,0.22418414056301117,joint,joint_23,23,8.00788402557373e-05
isr_4.npy,is,father,0.22418414056301117,joint,joint_24,24,6.243586540222168e-06
isr_4.npy,is,father,0.22418414056301117,joint,joint_25,25,-7.988512516021729e-05
isr_4.npy,is,father,0.22418414056301117,joint,joint_26,26,8.508563041687012e-06
isr_4.npy,is,father,0.22418414056301117,joint,joint_27,27,3.844499588012695e-05
isr_4.npy,is,father,0.22418414056301117,joint,joint_28,28,3.6388635635375977e-05
isr_4.npy,is,father,0.22418414056301117,joint,joint_29,29,-4.3585896492004395e-05
isr_4.npy,is,father,0.22418414056301117,joint,joint_30,30,-1.2964010238647461e-05
isr_4.npy,is,father,0.22418414056301117,joint,joint_31,31,0.00010497868061065674
isr_4.npy,is,father,0.22418414056301117,joint,joint_32,32,-8.639693260192871e-05
isr_4.npy,is,father,0.22418414056301117,joint,joint_33,33,-8.682906627655029e-05
isr_4.npy,is,father,0.22418414056301117,joint,joint_34,34,7.455050945281982e-05
isr_4.npy,is,father,0.22418414056301117,joint,joint_35,35,3.427267074584961e-05
isr_4.npy,is,father,0.22418414056301117,joint,joint_36,36,-5.030632019042969e-05
isr_4.npy,is,father,0.22418414056301117,joint,joint_37,37,-1.399219036102295e-05
isr_4.npy,is,father,0.22418414056301117,joint,joint_38,38,-6.586313247680664e-06
isr_4.npy,is,father,0.22418414056301117,joint,joint_39,39,1.6838312149047852e-06
isr_4.npy,is,father,0.22418414056301117,joint,joint_40,40,-2.7418136596679688e-05
isr_4.npy,is,father,0.22418414056301117,joint,joint_41,41,-7.450580596923828e-06
isr_4.npy,is,father,0.22418414056301117,coordinate_axis,x,0,-0.002800688147544861
isr_4.npy,is,father,0.22418414056301117,coordinate_axis,y,1,0.017121195793151855
isr_4.npy,is,father,0.22418414056301117,coordinate_axis,z,2,0.000872880220413208
isr_42.npy,is,father,0.21676307916641235,joint,joint_00,0,-7.505714893341064e-05
isr_42.npy,is,father,0.21676307916641235,joint,joint_01,1,8.280575275421143e-05
isr_42.npy,is,father,0.21676307916641235,joint,joint_02,2,0.0018936246633529663
isr_42.npy,is,father,0.21676307916641235,joint,joint_03,3,-0.0003288835287094116
isr_42.npy,is,father,0.21676307916641235,joint,joint_04,4,-0.00034487247467041016
isr_42.npy,is,father,0.21676307916641235,joint,joint_05,5,5.1409006118774414e-05
isr_42.npy,is,father,0.21676307916641235,joint,joint_06,6,-8.244812488555908e-05
isr_42.npy,is,father,0.21676307916641235,joint,joint_07,7,-7.08550214767456e-05
isr_42.npy,is,father,0.21676307916641235,joint,joint_08,8,0.0004623532295227051
isr_42.npy,is,father,0.21676307916641235,joint,joint_09,9,0.0002336055040359497
isr_42.npy,is,father,0.21676307916641235,joint,joint_10,10,0.00028751790523529053
isr_42.npy,is,father,0.21676307916641235,joint,joint_11,11,0.00010466575622558594
isr_42.npy,is,father,0.21676307916641235,joint,joint_12,12,-0.0005057603120803833
isr_42.npy,is,father,0.21676307916641235,joint,joint_13,13,0.0008664727210998535
isr_42.npy,is,father,0.21676307916641235,joint,joint_14,14,1.2487173080444336e-05
isr_42.npy,is,father,0.21676307916641235,joint,joint_15,15,0.00016131997108459473
isr_42.npy,is,father,0.21676307916641235,joint,joint_16,16,-7.361173629760742e-05
isr_42.npy,is,father,0.21676307916641235,joint,joint_17,17,0.0013363659381866455
isr_42.npy,is,father,0.21676307916641235,joint,joint_18,18,0.0016238540410995483
isr_42.npy,is,father,0.21676307916641235,joint,joint_19,19,0.0014692097902297974
isr_42.npy,is,father,0.21676307916641235,joint,joint_20,20,0.0012090802192687988
isr_42.npy,is,father,0.21676307916641235,joint,joint_21,21,-3.0279159545898438e-05
isr_42.npy,is,father,0.21676307916641235,joint,joint_22,22,7.568299770355225e-05
isr_42.npy,is,father,0.21676307916641235,joint,joint_23,23,7.280707359313965e-05
isr_42.npy,is,father,0.21676307916641235,joint,joint_24,24,6.511807441711426e-06
isr_42.npy,is,father,0.21676307916641235,joint,joint_25,25,-8.113682270050049e-05
isr_42.npy,is,father,0.21676307916641235,joint,joint_26,26,7.68899917602539e-06
isr_42.npy,is,father,0.21676307916641235,joint,joint_27,27,3.3155083656311035e-05
isr_42.npy,is,father,0.21676307916641235,joint,joint_28,28,3.0502676963806152e-05
isr_42.npy,is,father,0.21676307916641235,joint,joint_29,29,-3.914535045623779e-05
isr_42.npy,is,father,0.21676307916641235,joint,joint_30,30,-1.919269561767578e-05
isr_42.npy,is,father,0.21676307916641235,joint,joint_31,31,0.00010138750076293945
isr_42.npy,is,father,0.21676307916641235,joint,joint_32,32,-8.383393287658691e-05
isr_42.npy,is,father,0.21676307916641235,joint,joint_33,33,-8.475780487060547e-05
isr_42.npy,is,father,0.21676307916641235,joint,joint_34,34,6.629526615142822e-05
isr_42.npy,is,father,0.21676307916641235,joint,joint_35,35,3.6910176277160645e-05
isr_42.npy,is,father,0.21676307916641235,joint,joint_36,36,-4.711747169494629e-05
isr_42.npy,is,father,0.21676307916641235,joint,joint_37,37,-1.0460615158081055e-05
isr_42.npy,is,father,0.21676307916641235,joint,joint_38,38,-1.0788440704345703e-05
isr_42.npy,is,father,0.21676307916641235,joint,joint_39,39,2.637505531311035e-06
isr_42.npy,is,father,0.21676307916641235,joint,joint_40,40,-3.013014793395996e-05
isr_42.npy,is,father,0.21676307916641235,joint,joint_41,41,-4.693865776062012e-06
isr_42.npy,is,father,0.21676307916641235,coordinate_axis,x,0,-0.00016820430755615234
isr_42.npy,is,father,0.21676307916641235,coordinate_axis,y,1,0.006191536784172058
isr_42.npy,is,father,0.21676307916641235,coordinate_axis,z,2,0.002288922667503357
isr_45.npy,is,father,0.21729251742362976,joint,joint_00,0,-4.9173831939697266e-05
isr_45.npy,is,father,0.21729251742362976,joint,joint_01,1,0.00010122358798980713
isr_45.npy,is,father,0.21729251742362976,joint,joint_02,2,0.0018328279256820679
isr_45.npy,is,father,0.21729251742362976,joint,joint_03,3,-0.00029878318309783936
isr_45.npy,is,father,0.21729251742362976,joint,joint_04,4,-0.00037357211112976074
isr_45.npy,is,father,0.21729251742362976,joint,joint_05,5,8.939206600189209e-05
isr_45.npy,is,father,0.21729251742362976,joint,joint_06,6,-7.477402687072754e-05
isr_45.npy,is,father,0.21729251742362976,joint,joint_07,7,-7.18832015991211e-05
isr_45.npy,is,father,0.21729251742362976,joint,joint_08,8,0.0004622042179107666
isr_45.npy,is,father,0.21729251742362976,joint,joint_09,9,0.0002701878547668457
isr_45.npy,is,father,0.21729251742362976,joint,joint_10,10,0.0003518611192703247
isr_45.npy,is,father,0.21729251742362976,joint,joint_11,11,6.10649585723877e-05
isr_45.npy,is,father,0.21729251742362976,joint,joint_12,12,-0.00046640634536743164
isr_45.npy,is,father,0.21729251742362976,joint,joint_13,13,0.00090789794921875
isr_45.npy,is,father,0.21729251742362976,joint,joint_14,14,5.491077899932861e-05
isr_45.npy,is,father,0.21729251742362976,joint,joint_15,15,0.00036597251892089844
isr_45.npy,is,father,0.21729251742362976,joint,joint_16,16,-4.096329212188721e-05
isr_45.npy,is,father,0.21729251742362976,joint,joint_17,17,0.0013579875230789185
isr_45.npy,is,father,0.21729251742362976,joint,joint_18,18,0.0016873925924301147
isr_45.npy,is,father,0.21729251742362976,joint,joint_19,19,0.001529410481452942
isr_45.npy,is,father,0.21729251742362976,joint,joint_20,20,0.001220017671585083
isr_45.npy,is,father,0.21729251742362976,joint,joint_21,21,-3.045797348022461e-05
isr_45.npy,is,father,0.21729251742362976,joint,joint_22,22,7.592141628265381e-05
isr_45.npy,is,father,0.21729251742362976,joint,joint_23,23,7.283687591552734e-05
isr_45.npy,is,father,0.21729251742362976,joint,joint_24,24,6.273388862609863e-06
isr_45.npy,is,father,0.21729251742362976,joint,joint_25,25,-8.1673264503479e-05
isr_45.npy,is,father,0.21729251742362976,joint,joint_26,26,7.897615432739258e-06
isr_45.npy,is,father,0.21729251742362976,joint,joint_27,27,3.345310688018799e-05
isr_45.npy,is,father,0.21729251742362976,joint,joint_28,28,3.0606985092163086e-05
isr_45.npy,is,father,0.21729251742362976,joint,joint_29,29,-3.9517879486083984e-05
isr_45.npy,is,father,0.21729251742362976,joint,joint_30,30,-1.9088387489318848e-05
isr_45.npy,is,father,0.21729251742362976,joint,joint_31,31,0.00010184943675994873
isr_45.npy,is,father,0.21729251742362976,joint,joint_32,32,-8.399784564971924e-05
isr_45.npy,is,father,0.21729251742362976,joint,joint_33,33,-8.492171764373779e-05
isr_45.npy,is,father,0.21729251742362976,joint,joint_34,34,6.648898124694824e-05
isr_45.npy,is,father,0.21729251742362976,joint,joint_35,35,3.695487976074219e-05
isr_45.npy,is,father,0.21729251742362976,joint,joint_36,36,-4.7266483306884766e-05
isr_45.npy,is,father,0.21729251742362976,joint,joint_37,37,-1.0564923286437988e-05
isr_45.npy,is,father,0.21729251742362976,joint,joint_38,38,-1.093745231628418e-05
isr_45.npy,is,father,0.21729251742362976,joint,joint_39,39,2.473592758178711e-06
isr_45.npy,is,father,0.21729251742362976,joint,joint_40,40,-3.02046537399292e-05
isr_45.npy,is,father,0.21729251742362976,joint,joint_41,41,-4.76837158203125e-06
isr_45.npy,is,father,0.21729251742362976,coordinate_axis,x,0,-7.541477680206299e-05
isr_45.npy,is,father,0.21729251742362976,coordinate_axis,y,1,0.00653955340385437
isr_45.npy,is,father,0.21729251742362976,coordinate_axis,z,2,0.002394840121269226
isr_54.npy,is,father,0.21535976231098175,joint,joint_00,0,-0.00013269484043121338
isr_54.npy,is,father,0.21535976231098175,joint,joint_01,1,8.040666580200195e-05
isr_54.npy,is,father,0.21535976231098175,joint,joint_02,2,0.0018620342016220093
isr_54.npy,is,father,0.21535976231098175,joint,joint_03,3,-0.0003560483455657959
isr_54.npy,is,father,0.21535976231098175,joint,joint_04,4,-0.0003719329833984375
isr_54.npy,is,father,0.21535976231098175,joint,joint_05,5,-5.2168965339660645e-05
isr_54.npy,is,father,0.21535976231098175,joint,joint_06,6,-4.456937313079834e-05
isr_54.npy,is,father,0.21535976231098175,joint,joint_07,7,-0.00010739266872406006
isr_54.npy,is,father,0.21535976231098175,joint,joint_08,8,0.0004308372735977173
isr_54.npy,is,father,0.21535976231098175,joint,joint_09,9,0.00012062489986419678
isr_54.npy,is,father,0.21535976231098175,joint,joint_10,10,0.0001595020294189453
isr_54.npy,is,father,0.21535976231098175,joint,joint_11,11,0.00021059811115264893
isr_54.npy,is,father,0.21535976231098175,joint,joint_12,12,-0.000525251030921936
isr_54.npy,is,father,0.21535976231098175,joint,joint_13,13,0.0007186233997344971
isr_54.npy,is,father,0.21535976231098175,joint,joint_14,14,-2.4110078811645508e-05
isr_54.npy,is,father,0.21535976231098175,joint,joint_15,15,-3.838539123535156e-05
isr_54.npy,is,father,0.21535976231098175,joint,joint_16,16,-8.9302659034729e-05
isr_54.npy,is,father,0.21535976231098175,joint,joint_17,17,0.0012070685625076294
isr_54.npy,is,father,0.21535976231098175,joint,joint_18,18,0.0014589279890060425
isr_54.npy,is,father,0.21535976231098175,joint,joint_19,19,0.001279875636100769
isr_54.npy,is,father,0.21535976231098175,joint,joint_20,20,0.0011186003684997559
isr_54.npy,is,father,0.21535976231098175,joint,joint_21,21,-3.0174851417541504e-05
isr_54.npy,is,father,0.21535976231098175,joint,joint_22,22,7.59512186050415e-05
isr_54.npy,is,father,0.21535976231098175,joint,joint_23,23,7.234513759613037e-05
isr_54.npy,is,father,0.21535976231098175,joint,joint_24,24,6.332993507385254e-06
isr_54.npy,is,father,0.21535976231098175,joint,joint_25,25,-8.060038089752197e-05
isr_54.npy,is,father,0.21535976231098175,joint,joint_26,26,8.344650268554688e-06
isr_54.npy,is,father,0.21535976231098175,joint,joint_27,27,3.3289194107055664e-05
isr_54.npy,is,father,0.21535976231098175,joint,joint_28,28,3.032386302947998e-05
isr_54.npy,is,father,0.21535976231098175,joint,joint_29,29,-3.91155481338501e-05
isr_54.npy,is,father,0.21535976231098175,joint,joint_30,30,-1.8090009689331055e-05
isr_54.npy,is,father,0.21535976231098175,joint,joint_31,31,0.00010073184967041016
isr_54.npy,is,father,0.21535976231098175,joint,joint_32,32,-8.319318294525146e-05
isr_54.npy,is,father,0.21535976231098175,joint,joint_33,33,-8.399784564971924e-05
isr_54.npy,is,father,0.21535976231098175,joint,joint_34,34,6.632506847381592e-05
isr_54.npy,is,father,0.21535976231098175,joint,joint_35,35,3.65525484085083e-05
isr_54.npy,is,father,0.21535976231098175,joint,joint_36,36,-4.690885543823242e-05
isr_54.npy,is,father,0.21535976231098175,joint,joint_37,37,-1.0520219802856445e-05
isr_54.npy,is,father,0.21535976231098175,joint,joint_38,38,-1.0833144187927246e-05
isr_54.npy,is,father,0.21535976231098175,joint,joint_39,39,2.294778823852539e-06
isr_54.npy,is,father,0.21535976231098175,joint,joint_40,40,-2.9772520065307617e-05
isr_54.npy,is,father,0.21535976231098175,joint,joint_41,41,-4.604458808898926e-06
isr_54.npy,is,father,0.21535976231098175,coordinate_axis,x,0,-0.00039340555667877197
isr_54.npy,is,father,0.21535976231098175,coordinate_axis,y,1,0.005479633808135986
isr_54.npy,is,father,0.21535976231098175,coordinate_axis,z,2,0.0017952919006347656
isr_61.npy,is,father,0.2140599638223648,joint,joint_00,0,-0.00024369359016418457
isr_61.npy,is,father,0.2140599638223648,joint,joint_01,1,0.00011144578456878662
isr_61.npy,is,father,0.2140599638223648,joint,joint_02,2,0.002167627215385437
isr_61.npy,is,father,0.2140599638223648,joint,joint_03,3,-0.00039270520210266113
isr_61.npy,is,father,0.2140599638223648,joint,joint_04,4,-0.00025144219398498535
isr_61.npy,is,father,0.2140599638223648,joint,joint_05,5,0.00012166798114776611
isr_61.npy,is,father,0.2140599638223648,joint,joint_06,6,-9.66489315032959e-05
isr_61.npy,is,father,0.2140599638223648,joint,joint_07,7,-0.0002305060625076294
isr_61.npy,is,father,0.2140599638223648,joint,joint_08,8,0.0005228668451309204
isr_61.npy,is,father,0.2140599638223648,joint,joint_09,9,2.6211142539978027e-05
isr_61.npy,is,father,0.2140599638223648,joint,joint_10,10,7.480382919311523e-05
isr_61.npy,is,father,0.2140599638223648,joint,joint_11,11,0.00027760863304138184
isr_61.npy,is,father,0.2140599638223648,joint,joint_12,12,-0.0006621778011322021
isr_61.npy,is,father,0.2140599638223648,joint,joint_13,13,0.0006143748760223389
isr_61.npy,is,father,0.2140599638223648,joint,joint_14,14,-0.00015069544315338135
isr_61.npy,is,father,0.2140599638223648,joint,joint_15,15,-0.0003439784049987793
isr_61.npy,is,father,0.2140599638223648,joint,joint_16,16,-8.623301982879639e-05
isr_61.npy,is,father,0.2140599638223648,joint,joint_17,17,0.001183927059173584
isr_61.npy,is,father,0.2140599638223648,joint,joint_18,18,0.0011670589447021484
isr_61.npy,is,father,0.2140599638223648,joint,joint_19,19,0.0010227560997009277
isr_61.npy,is,father,0.2140599638223648,joint,joint_20,20,0.0007064491510391235
isr_61.npy,is,father,0.2140599638223648,joint,joint_21,21,-2.987682819366455e-05
isr_61.npy,is,father,0.2140599638223648,joint,joint_22,22,7.557868957519531e-05
isr_61.npy,is,father,0.2140599638223648,joint,joint_23,23,7.28219747543335e-05
isr_61.npy,is,father,0.2140599638223648,joint,joint_24,24,6.750226020812988e-06
isr_61.npy,is,father,0.2140599638223648,joint,joint_25,25,-7.957220077514648e-05
isr_61.npy,is,father,0.2140599638223648,joint,joint_26,26,8.83638858795166e-06
isr_61.npy,is,father,0.2140599638223648,joint,joint_27,27,3.415346145629883e-05
isr_61.npy,is,father,0.2140599638223648,joint,joint_28,28,3.053247928619385e-05
isr_61.npy,is,father,0.2140599638223648,joint,joint_29,29,-3.851950168609619e-05
isr_61.npy,is,father,0.2140599638223648,joint,joint_30,30,-1.792609691619873e-05
isr_61.npy,is,father,0.2140599638223648,joint,joint_31,31,9.962916374206543e-05
isr_61.npy,is,father,0.2140599638223648,joint,joint_32,32,-8.334219455718994e-05
isr_61.npy,is,father,0.2140599638223648,joint,joint_33,33,-8.346140384674072e-05
isr_61.npy,is,father,0.2140599638223648,joint,joint_34,34,6.601214408874512e-05
isr_61.npy,is,father,0.2140599638223648,joint,joint_35,35,3.661215305328369e-05
isr_61.npy,is,father,0.2140599638223648,joint,joint_36,36,-4.7147274017333984e-05
isr_61.npy,is,father,0.2140599638223648,joint,joint_37,37,-1.0848045349121094e-05
isr_61.npy,is,father,0.2140599638223648,joint,joint_38,38,-1.0505318641662598e-05
isr_61.npy,is,father,0.2140599638223648,joint,joint_39,39,2.2649765014648438e-06
isr_61.npy,is,father,0.2140599638223648,joint,joint_40,40,-2.9042363166809082e-05
isr_61.npy,is,father,0.2140599638223648,joint,joint_41,41,-4.798173904418945e-06
isr_61.npy,is,father,0.2140599638223648,coordinate_axis,x,0,-0.0009310543537139893
isr_61.npy,is,father,0.2140599638223648,coordinate_axis,y,1,0.004508480429649353
isr_61.npy,is,father,0.2140599638223648,coordinate_axis,z,2,0.0020059943199157715
isr_62.npy,is,father,0.21392172574996948,joint,joint_00,0,-0.00024372339248657227
isr_62.npy,is,father,0.21392172574996948,joint,joint_01,1,0.00010104477405548096
isr_62.npy,is,father,0.21392172574996948,joint,joint_02,2,0.002170279622077942
isr_62.npy,is,father,0.21392172574996948,joint,joint_03,3,-0.0003792494535446167
isr_62.npy,is,father,0.21392172574996948,joint,joint_04,4,-0.0002380162477493286
isr_62.npy,is,father,0.21392172574996948,joint,joint_05,5,0.0001668781042098999
isr_62.npy,is,father,0.21392172574996948,joint,joint_06,6,-0.00011862814426422119
isr_62.npy,is,father,0.21392172574996948,joint,joint_07,7,-0.00026541948318481445
isr_62.npy,is,father,0.21392172574996948,joint,joint_08,8,0.0005522817373275757
isr_62.npy,is,father,0.21392172574996948,joint,joint_09,9,2.7567148208618164e-05
isr_62.npy,is,father,0.21392172574996948,joint,joint_10,10,9.687244892120361e-05
isr_62.npy,is,father,0.21392172574996948,joint,joint_11,11,0.0002505183219909668
isr_62.npy,is,father,0.21392172574996948,joint,joint_12,12,-0.0006658583879470825
isr_62.npy,is,father,0.21392172574996948,joint,joint_13,13,0.0006358325481414795
isr_62.npy,is,father,0.21392172574996948,joint,joint_14,14,-0.00015684962272644043
isr_62.npy,is,father,0.21392172574996948,joint,joint_15,15,-0.00034287571907043457
isr_62.npy,is,father,0.21392172574996948,joint,joint_16,16,-9.390711784362793e-05
isr_62.npy,is,father,0.21392172574996948,joint,joint_17,17,0.0011896342039108276
isr_62.npy,is,father,0.21392172574996948,joint,joint_18,18,0.0011467188596725464
isr_62.npy,is,father,0.21392172574996948,joint,joint_19,19,0.0010023415088653564
isr_62.npy,is,father,0.21392172574996948,joint,joint_20,20,0.0005690008401870728
isr_62.npy,is,father,0.21392172574996948,joint,joint_21,21,-2.931058406829834e-05
isr_62.npy,is,father,0.21392172574996948,joint,joint_22,22,7.577240467071533e-05
isr_62.npy,is,father,0.21392172574996948,joint,joint_23,23,7.270276546478271e-05
isr_62.npy,is,father,0.21392172574996948,joint,joint_24,24,7.256865501403809e-06
isr_62.npy,is,father,0.21392172574996948,joint,joint_25,25,-7.896125316619873e-05
isr_62.npy,is,father,0.21392172574996948,joint,joint_26,26,8.448958396911621e-06
isr_62.npy,is,father,0.21392172574996948,joint,joint_27,27,3.375113010406494e-05
isr_62.npy,is,father,0.21392172574996948,joint,joint_28,28,3.038346767425537e-05
isr_62.npy,is,father,0.21392172574996948,joint,joint_29,29,-3.8310885429382324e-05
isr_62.npy,is,father,0.21392172574996948,joint,joint_30,30,-1.798570156097412e-05
isr_62.npy,is,father,0.21392172574996948,joint,joint_31,31,9.968876838684082e-05
isr_62.npy,is,father,0.21392172574996948,joint,joint_32,32,-8.331239223480225e-05
isr_62.npy,is,father,0.21392172574996948,joint,joint_33,33,-8.288025856018066e-05
isr_62.npy,is,father,0.21392172574996948,joint,joint_34,34,6.607174873352051e-05
isr_62.npy,is,father,0.21392172574996948,joint,joint_35,35,3.781914710998535e-05
isr_62.npy,is,father,0.21392172574996948,joint,joint_36,36,-4.722177982330322e-05
isr_62.npy,is,father,0.21392172574996948,joint,joint_37,37,-1.0982155799865723e-05
isr_62.npy,is,father,0.21392172574996948,joint,joint_38,38,-1.0594725608825684e-05
isr_62.npy,is,father,0.21392172574996948,joint,joint_39,39,2.771615982055664e-06
isr_62.npy,is,father,0.21392172574996948,joint,joint_40,40,-2.8774142265319824e-05
isr_62.npy,is,father,0.21392172574996948,joint,joint_41,41,-4.76837158203125e-06
isr_62.npy,is,father,0.21392172574996948,coordinate_axis,x,0,-0.0009402483701705933
isr_62.npy,is,father,0.21392172574996948,coordinate_axis,y,1,0.004211053252220154
isr_62.npy,is,father,0.21392172574996948,coordinate_axis,z,2,0.0021787285804748535
isr_66.npy,is,father,0.22102491557598114,joint,joint_00,0,0.0001644045114517212
isr_66.npy,is,father,0.22102491557598114,joint,joint_01,1,3.7103891372680664e-06
isr_66.npy,is,father,0.22102491557598114,joint,joint_02,2,0.0010199248790740967
isr_66.npy,is,father,0.22102491557598114,joint,joint_03,3,-0.0002238750457763672
isr_66.npy,is,father,0.22102491557598114,joint,joint_04,4,-0.0002906918525695801
isr_66.npy,is,father,0.22102491557598114,joint,joint_05,5,-0.00015079975128173828
isr_66.npy,is,father,0.22102491557598114,joint,joint_06,6,9.132921695709229e-05
isr_66.npy,is,father,0.22102491557598114,joint,joint_07,7,0.0007078796625137329
isr_66.npy,is,father,0.22102491557598114,joint,joint_08,8,-0.00023324787616729736
isr_66.npy,is,father,0.22102491557598114,joint,joint_09,9,0.0004530400037765503
isr_66.npy,is,father,0.22102491557598114,joint,joint_10,10,0.0006840229034423828
isr_66.npy,is,father,0.22102491557598114,joint,joint_11,11,-0.00020313262939453125
isr_66.npy,is,father,0.22102491557598114,joint,joint_12,12,0.0006190091371536255
isr_66.npy,is,father,0.22102491557598114,joint,joint_13,13,0.000829845666885376
isr_66.npy,is,father,0.22102491557598114,joint,joint_14,14,0.000348895788192749
isr_66.npy,is,father,0.22102491557598114,joint,joint_15,15,0.0025453567504882812
isr_66.npy,is,father,0.22102491557598114,joint,joint_16,16,0.000613674521446228
isr_66.npy,is,father,0.22102491557598114,joint,joint_17,17,0.0011873245239257812
isr_66.npy,is,father,0.22102491557598114,joint,joint_18,18,0.0017824769020080566
isr_66.npy,is,father,0.22102491557598114,joint,joint_19,19,0.0014274269342422485
isr_66.npy,is,father,0.22102491557598114,joint,joint_20,20,0.0013879388570785522
isr_66.npy,is,father,0.22102491557598114,joint,joint_21,21,-3.419816493988037e-05
isr_66.npy,is,father,0.22102491557598114,joint,joint_22,22,7.450580596923828e-05
isr_66.npy,is,father,0.22102491557598114,joint,joint_23,23,7.413327693939209e-05
isr_66.npy,is,father,0.22102491557598114,joint,joint_24,24,5.0514936447143555e-06
isr_66.npy,is,father,0.22102491557598114,joint,joint_25,25,-8.414685726165771e-05
isr_66.npy,is,father,0.22102491557598114,joint,joint_26,26,8.031725883483887e-06
isr_66.npy,is,father,0.22102491557598114,joint,joint_27,27,3.470480442047119e-05
isr_66.npy,is,father,0.22102491557598114,joint,joint_28,28,3.337860107421875e-05
isr_66.npy,is,father,0.22102491557598114,joint,joint_29,29,-4.3839216232299805e-05
isr_66.npy,is,father,0.22102491557598114,joint,joint_30,30,-1.920759677886963e-05
isr_66.npy,is,father,0.22102491557598114,joint,joint_31,31,0.00010503828525543213
isr_66.npy,is,father,0.22102491557598114,joint,joint_32,32,-8.530914783477783e-05
isr_66.npy,is,father,0.22102491557598114,joint,joint_33,33,-8.803606033325195e-05
isr_66.npy,is,father,0.22102491557598114,joint,joint_34,34,6.273388862609863e-05
isr_66.npy,is,father,0.22102491557598114,joint,joint_35,35,3.52710485458374e-05
isr_66.npy,is,father,0.22102491557598114,joint,joint_36,36,-4.57763671875e-05
isr_66.npy,is,father,0.22102491557598114,joint,joint_37,37,-5.990266799926758e-06
isr_66.npy,is,father,0.22102491557598114,joint,joint_38,38,-9.924173355102539e-06
isr_66.npy,is,father,0.22102491557598114,joint,joint_39,39,2.980232238769531e-07
isr_66.npy,is,father,0.22102491557598114,joint,joint_40,40,-2.9519200325012207e-05
isr_66.npy,is,father,0.22102491557598114,joint,joint_41,41,-4.112720489501953e-06
isr_66.npy,is,father,0.22102491557598114,coordinate_axis,x,0,0.0005846321582794189
isr_66.npy,is,father,0.22102491557598114,coordinate_axis,y,1,0.010900437831878662
isr_66.npy,is,father,0.22102491557598114,coordinate_axis,z,2,0.0011253505945205688
isr_73.npy,is,father,0.2160269170999527,joint,joint_00,0,1.5556812286376953e-05
isr_73.npy,is,father,0.2160269170999527,joint,joint_01,1,4.838407039642334e-05
isr_73.npy,is,father,0.2160269170999527,joint,joint_02,2,0.003108888864517212
isr_73.npy,is,father,0.2160269170999527,joint,joint_03,3,-0.0006976425647735596
isr_73.npy,is,father,0.2160269170999527,joint,joint_04,4,-0.0007389038801193237
isr_73.npy,is,father,0.2160269170999527,joint,joint_05,5,-0.0007795840501785278
isr_73.npy,is,father,0.2160269170999527,joint,joint_06,6,3.972649574279785e-05
isr_73.npy,is,father,0.2160269170999527,joint,joint_07,7,-8.402764797210693e-05
isr_73.npy,is,father,0.2160269170999527,joint,joint_08,8,0.0007672160863876343
isr_73.npy,is,father,0.2160269170999527,joint,joint_09,9,-6.20037317276001e-05
isr_73.npy,is,father,0.2160269170999527,joint,joint_10,10,0.00011414289474487305
isr_73.npy,is,father,0.2160269170999527,joint,joint_11,11,0.000826910138130188
isr_73.npy,is,father,0.2160269170999527,joint,joint_12,12,-0.0010902732610702515
isr_73.npy,is,father,0.2160269170999527,joint,joint_13,13,0.0011129230260849
isr_73.npy,is,father,0.2160269170999527,joint,joint_14,14,-0.0006271451711654663
isr_73.npy,is,father,0.2160269170999527,joint,joint_15,15,-0.0002771914005279541
isr_73.npy,is,father,0.2160269170999527,joint,joint_16,16,-4.887580871582031e-06
isr_73.npy,is,father,0.2160269170999527,joint,joint_17,17,0.0025567561388015747
isr_73.npy,is,father,0.2160269170999527,joint,joint_18,18,0.001590445637702942
isr_73.npy,is,father,0.2160269170999527,joint,joint_19,19,0.0010082423686981201
isr_73.npy,is,father,0.2160269170999527,joint,joint_20,20,-8.881092071533203e-06
isr_73.npy,is,father,0.2160269170999527,joint,joint_21,21,-2.752244472503662e-05
isr_73.npy,is,father,0.2160269170999527,joint,joint_22,22,8.01384449005127e-05
isr_73.npy,is,father,0.2160269170999527,joint,joint_23,23,7.522106170654297e-05
isr_73.npy,is,father,0.2160269170999527,joint,joint_24,24,5.617737770080566e-06
isr_73.npy,is,father,0.2160269170999527,joint,joint_25,25,-7.684528827667236e-05
isr_73.npy,is,father,0.2160269170999527,joint,joint_26,26,9.387731552124023e-06
isr_73.npy,is,father,0.2160269170999527,joint,joint_27,27,3.534555435180664e-05
isr_73.npy,is,father,0.2160269170999527,joint,joint_28,28,3.199279308319092e-05
isr_73.npy,is,father,0.2160269170999527,joint,joint_29,29,-4.045665264129639e-05
isr_73.npy,is,father,0.2160269170999527,joint,joint_30,30,-1.4841556549072266e-05
isr_73.npy,is,father,0.2160269170999527,joint,joint_31,31,0.00010032951831817627
isr_73.npy,is,father,0.2160269170999527,joint,joint_32,32,-8.411705493927002e-05
isr_73.npy,is,father,0.2160269170999527,joint,joint_33,33,-8.155405521392822e-05
isr_73.npy,is,father,0.2160269170999527,joint,joint_34,34,7.136166095733643e-05
isr_73.npy,is,father,0.2160269170999527,joint,joint_35,35,3.5569071769714355e-05
isr_73.npy,is,father,0.2160269170999527,joint,joint_36,36,-4.826486110687256e-05
isr_73.npy,is,father,0.2160269170999527,joint,joint_37,37,-1.3574957847595215e-05
isr_73.npy,is,father,0.2160269170999527,joint,joint_38,38,-7.405877113342285e-06
isr_73.npy,is,father,0.2160269170999527,joint,joint_39,39,5.364418029785156e-06
isr_73.npy,is,father,0.2160269170999527,joint,joint_40,40,-2.6658177375793457e-05
isr_73.npy,is,father,0.2160269170999527,joint,joint_41,41,-4.217028617858887e-06
isr_73.npy,is,father,0.2160269170999527,coordinate_axis,x,0,-0.004529610276222229
isr_73.npy,is,father,0.2160269170999527,coordinate_axis,y,1,0.0092095285654068
isr_73.npy,is,father,0.2160269170999527,coordinate_axis,z,2,0.0025845766067504883
isr_97.npy,is,father,0.22359777987003326,joint,joint_00,0,0.00018952786922454834
isr_97.npy,is,father,0.22359777987003326,joint,joint_01,1,1.9595026969909668e-05
isr_97.npy,is,father,0.22359777987003326,joint,joint_02,2,0.0008896291255950928
isr_97.npy,is,father,0.22359777987003326,joint,joint_03,3,-0.00024521350860595703
isr_97.npy,is,father,0.22359777987003326,joint,joint_04,4,-0.0002615004777908325
isr_97.npy,is,father,0.22359777987003326,joint,joint_05,5,-0.0006574541330337524
isr_97.npy,is,father,0.22359777987003326,joint,joint_06,6,0.0002139955759048462
isr_97.npy,is,father,0.22359777987003326,joint,joint_07,7,0.0005582720041275024
isr_97.npy,is,father,0.22359777987003326,joint,joint_08,8,-9.086728096008301e-05
isr_97.npy,is,father,0.22359777987003326,joint,joint_09,9,0.000650554895401001
isr_97.npy,is,father,0.22359777987003326,joint,joint_10,10,0.0007175207138061523
isr_97.npy,is,father,0.22359777987003326,joint,joint_11,11,-2.22623348236084e-05
isr_97.npy,is,father,0.22359777987003326,joint,joint_12,12,0.0002837330102920532
isr_97.npy,is,father,0.22359777987003326,joint,joint_13,13,0.0010185539722442627
isr_97.npy,is,father,0.22359777987003326,joint,joint_14,14,0.0005132853984832764
isr_97.npy,is,father,0.22359777987003326,joint,joint_15,15,0.0021571218967437744
isr_97.npy,is,father,0.22359777987003326,joint,joint_16,16,0.0003021806478500366
isr_97.npy,is,father,0.22359777987003326,joint,joint_17,17,0.0013873428106307983
isr_97.npy,is,father,0.22359777987003326,joint,joint_18,18,0.0027472227811813354
isr_97.npy,is,father,0.22359777987003326,joint,joint_19,19,0.002244219183921814
isr_97.npy,is,father,0.22359777987003326,joint,joint_20,20,0.0028395652770996094
isr_97.npy,is,father,0.22359777987003326,joint,joint_21,21,-3.5136938095092773e-05
isr_97.npy,is,father,0.22359777987003326,joint,joint_22,22,7.513165473937988e-05
isr_97.npy,is,father,0.22359777987003326,joint,joint_23,23,7.477402687072754e-05
isr_97.npy,is,father,0.22359777987003326,joint,joint_24,24,5.811452865600586e-06
isr_97.npy,is,father,0.22359777987003326,joint,joint_25,25,-8.547306060791016e-05
isr_97.npy,is,father,0.22359777987003326,joint,joint_26,26,8.150935173034668e-06
isr_97.npy,is,father,0.22359777987003326,joint,joint_27,27,3.579258918762207e-05
isr_97.npy,is,father,0.22359777987003326,joint,joint_28,28,3.395974636077881e-05
isr_97.npy,is,father,0.22359777987003326,joint,joint_29,29,-4.32431697845459e-05
isr_97.npy,is,father,0.22359777987003326,joint,joint_30,30,-1.8358230590820312e-05
isr_97.npy,is,father,0.22359777987003326,joint,joint_31,31,0.00010609626770019531
isr_97.npy,is,father,0.22359777987003326,joint,joint_32,32,-8.718669414520264e-05
isr_97.npy,is,father,0.22359777987003326,joint,joint_33,33,-8.997321128845215e-05
isr_97.npy,is,father,0.22359777987003326,joint,joint_34,34,6.365776062011719e-05
isr_97.npy,is,father,0.22359777987003326,joint,joint_35,35,3.4689903259277344e-05
isr_97.npy,is,father,0.22359777987003326,joint,joint_36,36,-4.686415195465088e-05
isr_97.npy,is,father,0.22359777987003326,joint,joint_37,37,-6.556510925292969e-06
isr_97.npy,is,father,0.22359777987003326,joint,joint_38,38,-1.0758638381958008e-05
isr_97.npy,is,father,0.22359777987003326,joint,joint_39,39,-1.8328428268432617e-06
isr_97.npy,is,father,0.22359777987003326,joint,joint_40,40,-2.987682819366455e-05
isr_97.npy,is,father,0.22359777987003326,joint,joint_41,41,-4.291534423828125e-06
isr_97.npy,is,father,0.22359777987003326,coordinate_axis,x,0,0.0012124180793762207
isr_97.npy,is,father,0.22359777987003326,coordinate_axis,y,1,0.013625681400299072
isr_97.npy,is,father,0.22359777987003326,coordinate_axis,z,2,0.00035500526428222656
myr_104.npy,my,father,0.3620348572731018,joint,joint_00,0,0.0008888542652130127
myr_104.npy,my,father,0.3620348572731018,joint,joint_01,1,0.003094315528869629
myr_104.npy,my,father,0.3620348572731018,joint,joint_02,2,0.0007177293300628662
myr_104.npy,my,father,0.3620348572731018,joint,joint_03,3,0.002452641725540161
myr_104.npy,my,father,0.3620348572731018,joint,joint_04,4,0.0025705695152282715
myr_104.npy,my,father,0.3620348572731018,joint,joint_05,5,0.0025649964809417725
myr_104.npy,my,father,0.3620348572731018,joint,joint_06,6,-8.380413055419922e-05
myr_104.npy,my,father,0.3620348572731018,joint,joint_07,7,-1.3053417205810547e-05
myr_104.npy,my,father,0.3620348572731018,joint,joint_08,8,0.0018278062343597412
myr_104.npy,my,father,0.3620348572731018,joint,joint_09,9,0.0022873282432556152
myr_104.npy,my,father,0.3620348572731018,joint,joint_10,10,-0.0004634559154510498
myr_104.npy,my,father,0.3620348572731018,joint,joint_11,11,0.0023568272590637207
myr_104.npy,my,father,0.3620348572731018,joint,joint_12,12,0.004712224006652832
myr_104.npy,my,father,0.3620348572731018,joint,joint_13,13,0.0015297532081604004
myr_104.npy,my,father,0.3620348572731018,joint,joint_14,14,0.0022723376750946045
myr_104.npy,my,father,0.3620348572731018,joint,joint_15,15,0.004824578762054443
myr_104.npy,my,father,0.3620348572731018,joint,joint_16,16,0.004531830549240112
myr_104.npy,my,father,0.3620348572731018,joint,joint_17,17,0.0013089776039123535
myr_104.npy,my,father,0.3620348572731018,joint,joint_18,18,0.004729539155960083
myr_104.npy,my,father,0.3620348572731018,joint,joint_19,19,0.0013751387596130371
myr_104.npy,my,father,0.3620348572731018,joint,joint_20,20,0.004344642162322998
myr_104.npy,my,father,0.3620348572731018,joint,joint_21,21,0.00011530518531799316
myr_104.npy,my,father,0.3620348572731018,joint,joint_22,22,0.000653684139251709
myr_104.npy,my,father,0.3620348572731018,joint,joint_23,23,0.00016254186630249023
myr_104.npy,my,father,0.3620348572731018,joint,joint_24,24,-0.0001475811004638672
myr_104.npy,my,father,0.3620348572731018,joint,joint_25,25,0.0002683401107788086
myr_104.npy,my,father,0.3620348572731018,joint,joint_26,26,0.00020813941955566406
myr_104.npy,my,father,0.3620348572731018,joint,joint_27,27,4.45246696472168e-05
myr_104.npy,my,father,0.3620348572731018,joint,joint_28,28,0.00014579296112060547
myr_104.npy,my,father,0.3620348572731018,joint,joint_29,29,-0.0002919137477874756
myr_104.npy,my,father,0.3620348572731018,joint,joint_30,30,0.00044286251068115234
myr_104.npy,my,father,0.3620348572731018,joint,joint_31,31,7.805228233337402e-05
myr_104.npy,my,father,0.3620348572731018,joint,joint_32,32,-0.00012817978858947754
myr_104.npy,my,father,0.3620348572731018,joint,joint_33,33,0.00012692809104919434
myr_104.npy,my,father,0.3620348572731018,joint,joint_34,34,0.0004146099090576172
myr_104.npy,my,father,0.3620348572731018,joint,joint_35,35,-0.00013327598571777344
myr_104.npy,my,father,0.3620348572731018,joint,joint_36,36,0.00012442469596862793
myr_104.npy,my,father,0.3620348572731018,joint,joint_37,37,-0.0002994835376739502
myr_104.npy,my,father,0.3620348572731018,joint,joint_38,38,0.000474393367767334
myr_104.npy,my,father,0.3620348572731018,joint,joint_39,39,-0.00014543533325195312
myr_104.npy,my,father,0.3620348572731018,joint,joint_40,40,0.0004035830497741699
myr_104.npy,my,father,0.3620348572731018,joint,joint_41,41,0.00020119547843933105
myr_104.npy,my,father,0.3620348572731018,coordinate_axis,x,0,0.041251540184020996
myr_104.npy,my,father,0.3620348572731018,coordinate_axis,y,1,0.008177042007446289
myr_104.npy,my,father,0.3620348572731018,coordinate_axis,z,2,0.0008499622344970703
myr_106.npy,my,father,0.3638724088668823,joint,joint_00,0,0.0008503496646881104
myr_106.npy,my,father,0.3638724088668823,joint,joint_01,1,0.00319594144821167
myr_106.npy,my,father,0.3638724088668823,joint,joint_02,2,0.0007877647876739502
myr_106.npy,my,father,0.3638724088668823,joint,joint_03,3,0.0024434030055999756
myr_106.npy,my,father,0.3638724088668823,joint,joint_04,4,0.0027569234371185303
myr_106.npy,my,father,0.3638724088668823,joint,joint_05,5,0.002746492624282837
myr_106.npy,my,father,0.3638724088668823,joint,joint_06,6,-0.00012609362602233887
myr_106.npy,my,father,0.3638724088668823,joint,joint_07,7,-0.00029078125953674316
myr_106.npy,my,father,0.3638724088668823,joint,joint_08,8,0.0019416511058807373
myr_106.npy,my,father,0.3638724088668823,joint,joint_09,9,0.002482801675796509
myr_106.npy,my,father,0.3638724088668823,joint,joint_10,10,-0.0004393458366394043
myr_106.npy,my,father,0.3638724088668823,joint,joint_11,11,0.0027209818363189697
myr_106.npy,my,father,0.3638724088668823,joint,joint_12,12,0.004937261343002319
myr_106.npy,my,father,0.3638724088668823,joint,joint_13,13,0.0014638304710388184
myr_106.npy,my,father,0.3638724088668823,joint,joint_14,14,0.0023664534091949463
myr_106.npy,my,father,0.3638724088668823,joint,joint_15,15,0.005035459995269775
myr_106.npy,my,father,0.3638724088668823,joint,joint_16,16,0.004722326993942261
myr_106.npy,my,father,0.3638724088668823,joint,joint_17,17,0.0014588534832000732
myr_106.npy,my,father,0.3638724088668823,joint,joint_18,18,0.004905223846435547
myr_106.npy,my,father,0.3638724088668823,joint,joint_19,19,0.0014855563640594482
myr_106.npy,my,father,0.3638724088668823,joint,joint_20,20,0.0046097636222839355
myr_106.npy,my,father,0.3638724088668823,joint,joint_21,21,6.687641143798828e-05
myr_106.npy,my,father,0.3638724088668823,joint,joint_22,22,0.0006777644157409668
myr_106.npy,my,father,0.3638724088668823,joint,joint_23,23,0.000318676233291626
myr_106.npy,my,father,0.3638724088668823,joint,joint_24,24,4.729628562927246e-05
myr_106.npy,my,father,0.3638724088668823,joint,joint_25,25,0.00034886598587036133
myr_106.npy,my,father,0.3638724088668823,joint,joint_26,26,0.00013709068298339844
myr_106.npy,my,father,0.3638724088668823,joint,joint_27,27,0.00012049078941345215
myr_106.npy,my,father,0.3638724088668823,joint,joint_28,28,2.6434659957885742e-05
myr_106.npy,my,father,0.3638724088668823,joint,joint_29,29,-0.00012066960334777832
myr_106.npy,my,father,0.3638724088668823,joint,joint_30,30,0.0005276799201965332
myr_106.npy,my,father,0.3638724088668823,joint,joint_31,31,-9.018182754516602e-05
myr_106.npy,my,father,0.3638724088668823,joint,joint_32,32,-0.0002682507038116455
myr_106.npy,my,father,0.3638724088668823,joint,joint_33,33,4.64320182800293e-05
myr_106.npy,my,father,0.3638724088668823,joint,joint_34,34,0.0004737675189971924
myr_106.npy,my,father,0.3638724088668823,joint,joint_35,35,-0.00013378262519836426
myr_106.npy,my,father,0.3638724088668823,joint,joint_36,36,-8.019804954528809e-05
myr_106.npy,my,father,0.3638724088668823,joint,joint_37,37,-0.00031441450119018555
myr_106.npy,my,father,0.3638724088668823,joint,joint_38,38,0.0005363225936889648
myr_106.npy,my,father,0.3638724088668823,joint,joint_39,39,5.453824996948242e-05
myr_106.npy,my,father,0.3638724088668823,joint,joint_40,40,7.039308547973633e-05
myr_106.npy,my,father,0.3638724088668823,joint,joint_41,41,4.4226646423339844e-05
myr_106.npy,my,father,0.3638724088668823,coordinate_axis,x,0,0.042600035667419434
myr_106.npy,my,father,0.3638724088668823,coordinate_axis,y,1,0.008611083030700684
myr_106.npy,my,father,0.3638724088668823,coordinate_axis,z,2,0.0008803308010101318
myr_11.npy,my,my,0.3592446446418762,joint,joint_00,0,0.0008243918418884277
myr_11.npy,my,my,0.3592446446418762,joint,joint_01,1,0.003137737512588501
myr_11.npy,my,my,0.3592446446418762,joint,joint_02,2,0.0030252039432525635
myr_11.npy,my,my,0.3592446446418762,joint,joint_03,3,0.0028837919235229492
myr_11.npy,my,my,0.3592446446418762,joint,joint_04,4,0.00378301739692688
myr_11.npy,my,my,0.3592446446418762,joint,joint_05,5,0.0028136074542999268
myr_11.npy,my,my,0.3592446446418762,joint,joint_06,6,0.0006155073642730713
myr_11.npy,my,my,0.3592446446418762,joint,joint_07,7,0.0027742385864257812
myr_11.npy,my,my,0.3592446446418762,joint,joint_08,8,0.0020051896572113037
myr_11.npy,my,my,0.3592446446418762,joint,joint_09,9,0.001363515853881836
myr_11.npy,my,my,0.3592446446418762,joint,joint_10,10,-0.000870823860168457
myr_11.npy,my,my,0.3592446446418762,joint,joint_11,11,0.0021198689937591553
myr_11.npy,my,my,0.3592446446418762,joint,joint_12,12,0.00487130880355835
myr_11.npy,my,my,0.3592446446418762,joint,joint_13,13,0.0016110539436340332
myr_11.npy,my,my,0.3592446446418762,joint,joint_14,14,0.0013338327407836914
myr_11.npy,my,my,0.3592446446418762,joint,joint_15,15,0.003279268741607666
myr_11.npy,my,my,0.3592446446418762,joint,joint_16,16,0.002791464328765869
myr_11.npy,my,my,0.3592446446418762,joint,joint_17,17,0.0007171332836151123
myr_11.npy,my,my,0.3592446446418762,joint,joint_18,18,0.004028290510177612
myr_11.npy,my,my,0.3592446446418762,joint,joint_19,19,0.0007179379463195801
myr_11.npy,my,my,0.3592446446418762,joint,joint_20,20,0.004927217960357666
myr_11.npy,my,my,0.3592446446418762,joint,joint_21,21,-2.2202730178833008e-05
myr_11.npy,my,my,0.3592446446418762,joint,joint_22,22,-0.00014477968215942383
myr_11.npy,my,my,0.3592446446418762,joint,joint_23,23,-8.079409599304199e-05
myr_11.npy,my,my,0.3592446446418762,joint,joint_24,24,9.775161743164062e-06
myr_11.npy,my,my,0.3592446446418762,joint,joint_25,25,-4.318356513977051e-05
myr_11.npy,my,my,0.3592446446418762,joint,joint_26,26,-2.3692846298217773e-05
myr_11.npy,my,my,0.3592446446418762,joint,joint_27,27,-5.960464477539063e-08
myr_11.npy,my,my,0.3592446446418762,joint,joint_28,28,-3.0875205993652344e-05
myr_11.npy,my,my,0.3592446446418762,joint,joint_29,29,4.610419273376465e-05
myr_11.npy,my,my,0.3592446446418762,joint,joint_30,30,-0.00011935830116271973
myr_11.npy,my,my,0.3592446446418762,joint,joint_31,31,-2.86102294921875e-05
myr_11.npy,my,my,0.3592446446418762,joint,joint_32,32,5.1140785217285156e-05
myr_11.npy,my,my,0.3592446446418762,joint,joint_33,33,-2.3871660232543945e-05
myr_11.npy,my,my,0.3592446446418762,joint,joint_34,34,-0.00012257695198059082
myr_11.npy,my,my,0.3592446446418762,joint,joint_35,35,2.7507543563842773e-05
myr_11.npy,my,my,0.3592446446418762,joint,joint_36,36,8.970499038696289e-06
myr_11.npy,my,my,0.3592446446418762,joint,joint_37,37,5.969405174255371e-05
myr_11.npy,my,my,0.3592446446418762,joint,joint_38,38,-0.0001087486743927002
myr_11.npy,my,my,0.3592446446418762,joint,joint_39,39,6.973743438720703e-06
myr_11.npy,my,my,0.3592446446418762,joint,joint_40,40,-4.941225051879883e-05
myr_11.npy,my,my,0.3592446446418762,joint,joint_41,41,-1.6629695892333984e-05
myr_11.npy,my,my,0.3592446446418762,coordinate_axis,x,0,0.0350593626499176
myr_11.npy,my,my,0.3592446446418762,coordinate_axis,y,1,0.012058287858963013
myr_11.npy,my,my,0.3592446446418762,coordinate_axis,z,2,0.0007262229919433594
myr_115.npy,my,father,0.3557453155517578,joint,joint_00,0,0.0009557902812957764
myr_115.npy,my,father,0.3557453155517578,joint,joint_01,1,0.003586292266845703
myr_115.npy,my,father,0.3557453155517578,joint,joint_02,2,0.0030556321144104004
myr_115.npy,my,father,0.3557453155517578,joint,joint_03,3,0.002095550298690796
myr_115.npy,my,father,0.3557453155517578,joint,joint_04,4,0.0035468637943267822
myr_115.npy,my,father,0.3557453155517578,joint,joint_05,5,0.0019648075103759766
myr_115.npy,my,father,0.3557453155517578,joint,joint_06,6,0.0004482865333557129
myr_115.npy,my,father,0.3557453155517578,joint,joint_07,7,0.001229315996170044
myr_115.npy,my,father,0.3557453155517578,joint,joint_08,8,0.0005980730056762695
myr_115.npy,my,father,0.3557453155517578,joint,joint_09,9,0.0009899437427520752
myr_115.npy,my,father,0.3557453155517578,joint,joint_10,10,-0.0007924437522888184
myr_115.npy,my,father,0.3557453155517578,joint,joint_11,11,0.0014231503009796143
myr_115.npy,my,father,0.3557453155517578,joint,joint_12,12,0.0035407543182373047
myr_115.npy,my,father,0.3557453155517578,joint,joint_13,13,0.001050114631652832
myr_115.npy,my,father,0.3557453155517578,joint,joint_14,14,0.0007478892803192139
myr_115.npy,my,father,0.3557453155517578,joint,joint_15,15,0.0022458434104919434
myr_115.npy,my,father,0.3557453155517578,joint,joint_16,16,0.0018528401851654053
myr_115.npy,my,father,0.3557453155517578,joint,joint_17,17,0.000172346830368042
myr_115.npy,my,father,0.3557453155517578,joint,joint_18,18,0.002880662679672241
myr_115.npy,my,father,0.3557453155517578,joint,joint_19,19,0.00029847025871276855
myr_115.npy,my,father,0.3557453155517578,joint,joint_20,20,0.002918243408203125
myr_115.npy,my,father,0.3557453155517578,joint,joint_21,21,0.00012686848640441895
myr_115.npy,my,father,0.3557453155517578,joint,joint_22,22,0.0029993951320648193
myr_115.npy,my,father,0.3557453155517578,joint,joint_23,23,0.0013875365257263184
myr_115.npy,my,father,0.3557453155517578,joint,joint_24,24,0.00011914968490600586
myr_115.npy,my,father,0.3557453155517578,joint,joint_25,25,0.0009663105010986328
myr_115.npy,my,father,0.3557453155517578,joint,joint_26,26,0.00040647387504577637
myr_115.npy,my,father,0.3557453155517578,joint,joint_27,27,0.0001106560230255127
myr_115.npy,my,father,0.3557453155517578,joint,joint_28,28,0.0005272328853607178
myr_115.npy,my,father,0.3557453155517578,joint,joint_29,29,-0.0007061362266540527
myr_115.npy,my,father,0.3557453155517578,joint,joint_30,30,0.002326458692550659
myr_115.npy,my,father,0.3557453155517578,joint,joint_31,31,0.00011831521987915039
myr_115.npy,my,father,0.3557453155517578,joint,joint_32,32,-0.001200854778289795
myr_115.npy,my,father,0.3557453155517578,joint,joint_33,33,6.61313533782959e-05
myr_115.npy,my,father,0.3557453155517578,joint,joint_34,34,0.0019897520542144775
myr_115.npy,my,father,0.3557453155517578,joint,joint_35,35,-0.0007728934288024902
myr_115.npy,my,father,0.3557453155517578,joint,joint_36,36,-0.0006611049175262451
myr_115.npy,my,father,0.3557453155517578,joint,joint_37,37,-0.0015337169170379639
myr_115.npy,my,father,0.3557453155517578,joint,joint_38,38,0.0020132362842559814
myr_115.npy,my,father,0.3557453155517578,joint,joint_39,39,0.0001583695411682129
myr_115.npy,my,father,0.3557453155517578,joint,joint_40,40,0.0007240474224090576
myr_115.npy,my,father,0.3557453155517578,joint,joint_41,41,0.00019341707229614258
myr_115.npy,my,father,0.3557453155517578,coordinate_axis,x,0,0.02701660990715027
myr_115.npy,my,father,0.3557453155517578,coordinate_axis,y,1,0.018450945615768433
myr_115.npy,my,father,0.3557453155517578,coordinate_axis,z,2,-0.001249551773071289
myr_118.npy,my,father,0.3599218428134918,joint,joint_00,0,0.0008021891117095947
myr_118.npy,my,father,0.3599218428134918,joint,joint_01,1,0.0030492842197418213
myr_118.npy,my,father,0.3599218428134918,joint,joint_02,2,0.00014662742614746094
myr_118.npy,my,father,0.3599218428134918,joint,joint_03,3,0.0022615790367126465
myr_118.npy,my,father,0.3599218428134918,joint,joint_04,4,0.00269925594329834
myr_118.npy,my,father,0.3599218428134918,joint,joint_05,5,0.002635866403579712
myr_118.npy,my,father,0.3599218428134918,joint,joint_06,6,-0.00036132335662841797
myr_118.npy,my,father,0.3599218428134918,joint,joint_07,7,-0.0003846883773803711
myr_118.npy,my,father,0.3599218428134918,joint,joint_08,8,0.0016685128211975098
myr_118.npy,my,father,0.3599218428134918,joint,joint_09,9,0.0028451085090637207
myr_118.npy,my,father,0.3599218428134918,joint,joint_10,10,-0.0007903575897216797
myr_118.npy,my,father,0.3599218428134918,joint,joint_11,11,0.002580195665359497
myr_118.npy,my,father,0.3599218428134918,joint,joint_12,12,0.00506630539894104
myr_118.npy,my,father,0.3599218428134918,joint,joint_13,13,0.0015134811401367188
myr_118.npy,my,father,0.3599218428134918,joint,joint_14,14,0.0025788843631744385
myr_118.npy,my,father,0.3599218428134918,joint,joint_15,15,0.004772454500198364
myr_118.npy,my,father,0.3599218428134918,joint,joint_16,16,0.0046198368072509766
myr_118.npy,my,father,0.3599218428134918,joint,joint_17,17,0.00165557861328125
myr_118.npy,my,father,0.3599218428134918,joint,joint_18,18,0.0051288902759552
myr_118.npy,my,father,0.3599218428134918,joint,joint_19,19,0.0014572739601135254
myr_118.npy,my,father,0.3599218428134918,joint,joint_20,20,0.004917740821838379
myr_118.npy,my,father,0.3599218428134918,joint,joint_21,21,-2.5957822799682617e-05
myr_118.npy,my,father,0.3599218428134918,joint,joint_22,22,-0.00014096498489379883
myr_118.npy,my,father,0.3599218428134918,joint,joint_23,23,-7.745623588562012e-05
myr_118.npy,my,father,0.3599218428134918,joint,joint_24,24,1.0967254638671875e-05
myr_118.npy,my,father,0.3599218428134918,joint,joint_25,25,-4.76837158203125e-05
myr_118.npy,my,father,0.3599218428134918,joint,joint_26,26,-2.6226043701171875e-05
myr_118.npy,my,father,0.3599218428134918,joint,joint_27,27,-3.2782554626464844e-07
myr_118.npy,my,father,0.3599218428134918,joint,joint_28,28,-3.0159950256347656e-05
myr_118.npy,my,father,0.3599218428134918,joint,joint_29,29,4.786252975463867e-05
myr_118.npy,my,father,0.3599218428134918,joint,joint_30,30,-0.00011563301086425781
myr_118.npy,my,father,0.3599218428134918,joint,joint_31,31,-2.205371856689453e-05
myr_118.npy,my,father,0.3599218428134918,joint,joint_32,32,4.920363426208496e-05
myr_118.npy,my,father,0.3599218428134918,joint,joint_33,33,-2.631545066833496e-05
myr_118.npy,my,father,0.3599218428134918,joint,joint_34,34,-0.00012007355690002441
myr_118.npy,my,father,0.3599218428134918,joint,joint_35,35,3.0547380447387695e-05
myr_118.npy,my,father,0.3599218428134918,joint,joint_36,36,1.0311603546142578e-05
myr_118.npy,my,father,0.3599218428134918,joint,joint_37,37,5.805492401123047e-05
myr_118.npy,my,father,0.3599218428134918,joint,joint_38,38,-0.00010627508163452148
myr_118.npy,my,father,0.3599218428134918,joint,joint_39,39,8.612871170043945e-06
myr_118.npy,my,father,0.3599218428134918,joint,joint_40,40,-5.1647424697875977e-05
myr_118.npy,my,father,0.3599218428134918,joint,joint_41,41,-1.3381242752075195e-05
myr_118.npy,my,father,0.3599218428134918,coordinate_axis,x,0,0.044603168964385986
myr_118.npy,my,father,0.3599218428134918,coordinate_axis,y,1,0.004739582538604736
myr_118.npy,my,father,0.3599218428134918,coordinate_axis,z,2,-0.0014200806617736816
myr_121.npy,my,my,0.3597855567932129,joint,joint_00,0,0.0008882880210876465
myr_121.npy,my,my,0.3597855567932129,joint,joint_01,1,0.003511279821395874
myr_121.npy,my,my,0.3597855567932129,joint,joint_02,2,0.003484755754470825
myr_121.npy,my,my,0.3597855567932129,joint,joint_03,3,0.0027156174182891846
myr_121.npy,my,my,0.3597855567932129,joint,joint_04,4,0.003578782081604004
myr_121.npy,my,my,0.3597855567932129,joint,joint_05,5,0.0024374425411224365
myr_121.npy,my,my,0.3597855567932129,joint,joint_06,6,0.00044104456901550293
myr_121.npy,my,my,0.3597855567932129,joint,joint_07,7,0.001579970121383667
myr_121.npy,my,my,0.3597855567932129,joint,joint_08,8,0.0015104711055755615
myr_121.npy,my,my,0.3597855567932129,joint,joint_09,9,0.0008283555507659912
myr_121.npy,my,my,0.3597855567932129,joint,joint_10,10,-0.0007126927375793457
myr_121.npy,my,my,0.3597855567932129,joint,joint_11,11,0.001623988151550293
myr_121.npy,my,my,0.3597855567932129,joint,joint_12,12,0.0038455426692962646
myr_121.npy,my,my,0.3597855567932129,joint,joint_13,13,0.0012560486793518066
myr_121.npy,my,my,0.3597855567932129,joint,joint_14,14,0.0010100305080413818
myr_121.npy,my,my,0.3597855567932129,joint,joint_15,15,0.002507418394088745
myr_121.npy,my,my,0.3597855567932129,joint,joint_16,16,0.0025795400142669678
myr_121.npy,my,my,0.3597855567932129,joint,joint_17,17,0.0001310408115386963
myr_121.npy,my,my,0.3597855567932129,joint,joint_18,18,0.0031638741493225098
myr_121.npy,my,my,0.3597855567932129,joint,joint_19,19,0.000427931547164917
myr_121.npy,my,my,0.3597855567932129,joint,joint_20,20,0.003677666187286377
myr_121.npy,my,my,0.3597855567932129,joint,joint_21,21,0.00046390295028686523
myr_121.npy,my,my,0.3597855567932129,joint,joint_22,22,0.0022018849849700928
myr_121.npy,my,my,0.3597855567932129,joint,joint_23,23,0.001087486743927002
myr_121.npy,my,my,0.3597855567932129,joint,joint_24,24,-0.00010800361633300781
myr_121.npy,my,my,0.3597855567932129,joint,joint_25,25,0.0005710721015930176
myr_121.npy,my,my,0.3597855567932129,joint,joint_26,26,0.00042131543159484863
myr_121.npy,my,my,0.3597855567932129,joint,joint_27,27,-9.879469871520996e-05
myr_121.npy,my,my,0.3597855567932129,joint,joint_28,28,0.00018346309661865234
myr_121.npy,my,my,0.3597855567932129,joint,joint_29,29,-0.0007623136043548584
myr_121.npy,my,my,0.3597855567932129,joint,joint_30,30,0.0016839802265167236
myr_121.npy,my,my,0.3597855567932129,joint,joint_31,31,0.0005750656127929688
myr_121.npy,my,my,0.3597855567932129,joint,joint_32,32,-0.0008687674999237061
myr_121.npy,my,my,0.3597855567932129,joint,joint_33,33,0.00041410326957702637
myr_121.npy,my,my,0.3597855567932129,joint,joint_34,34,0.001719653606414795
myr_121.npy,my,my,0.3597855567932129,joint,joint_35,35,-0.0003463923931121826
myr_121.npy,my,my,0.3597855567932129,joint,joint_36,36,-0.00020325183868408203
myr_121.npy,my,my,0.3597855567932129,joint,joint_37,37,-0.0009246170520782471
myr_121.npy,my,my,0.3597855567932129,joint,joint_38,38,0.0013529956340789795
myr_121.npy,my,my,0.3597855567932129,joint,joint_39,39,-0.00033971667289733887
myr_121.npy,my,my,0.3597855567932129,joint,joint_40,40,0.0008523464202880859
myr_121.npy,my,my,0.3597855567932129,joint,joint_41,41,0.00017493963241577148
myr_121.npy,my,my,0.3597855567932129,coordinate_axis,x,0,0.030963510274887085
myr_121.npy,my,my,0.3597855567932129,coordinate_axis,y,1,0.017049700021743774
myr_121.npy,my,my,0.3597855567932129,coordinate_axis,z,2,0.0002492964267730713
myr_128.npy,my,father,0.3593621850013733,joint,joint_00,0,0.0008478462696075439
myr_128.npy,my,father,0.3593621850013733,joint,joint_01,1,0.003331422805786133
myr_128.npy,my,father,0.3593621850013733,joint,joint_02,2,0.0014698803424835205
myr_128.npy,my,father,0.3593621850013733,joint,joint_03,3,0.0022441446781158447
myr_128.npy,my,father,0.3593621850013733,joint,joint_04,4,0.0024948716163635254
myr_128.npy,my,father,0.3593621850013733,joint,joint_05,5,0.002180248498916626
myr_128.npy,my,father,0.3593621850013733,joint,joint_06,6,-9.575486183166504e-05
myr_128.npy,my,father,0.3593621850013733,joint,joint_07,7,0.0001494288444519043
myr_128.npy,my,father,0.3593621850013733,joint,joint_08,8,0.0012163817882537842
myr_128.npy,my,father,0.3593621850013733,joint,joint_09,9,0.001958101987838745
myr_128.npy,my,father,0.3593621850013733,joint,joint_10,10,-0.000545203685760498
myr_128.npy,my,father,0.3593621850013733,joint,joint_11,11,0.002026170492172241
myr_128.npy,my,father,0.3593621850013733,joint,joint_12,12,0.004275411367416382
myr_128.npy,my,father,0.3593621850013733,joint,joint_13,13,0.0012871623039245605
myr_128.npy,my,father,0.3593621850013733,joint,joint_14,14,0.0018585026264190674
myr_128.npy,my,father,0.3593621850013733,joint,joint_15,15,0.0039573609828948975
myr_128.npy,my,father,0.3593621850013733,joint,joint_16,16,0.0035693347454071045
myr_128.npy,my,father,0.3593621850013733,joint,joint_17,17,0.0010557174682617188
myr_128.npy,my,father,0.3593621850013733,joint,joint_18,18,0.004207640886306763
myr_128.npy,my,father,0.3593621850013733,joint,joint_19,19,0.0010189414024353027
myr_128.npy,my,father,0.3593621850013733,joint,joint_20,20,0.003967761993408203
myr_128.npy,my,father,0.3593621850013733,joint,joint_21,21,1.9311904907226562e-05
myr_128.npy,my,father,0.3593621850013733,joint,joint_22,22,0.0014986097812652588
myr_128.npy,my,father,0.3593621850013733,joint,joint_23,23,0.0007260739803314209
myr_128.npy,my,father,0.3593621850013733,joint,joint_24,24,5.6743621826171875e-05
myr_128.npy,my,father,0.3593621850013733,joint,joint_25,25,0.0006638765335083008
myr_128.npy,my,father,0.3593621850013733,joint,joint_26,26,0.00022920966148376465
myr_128.npy,my,father,0.3593621850013733,joint,joint_27,27,1.4603137969970703e-05
myr_128.npy,my,father,0.3593621850013733,joint,joint_28,28,0.0001952052116394043
myr_128.npy,my,father,0.3593621850013733,joint,joint_29,29,-0.000326693058013916
myr_128.npy,my,father,0.3593621850013733,joint,joint_30,30,0.001067519187927246
myr_128.npy,my,father,0.3593621850013733,joint,joint_31,31,0.0002866983413696289
myr_128.npy,my,father,0.3593621850013733,joint,joint_32,32,-0.0005401372909545898
myr_128.npy,my,father,0.3593621850013733,joint,joint_33,33,0.00021281838417053223
myr_128.npy,my,father,0.3593621850013733,joint,joint_34,34,0.001011967658996582
myr_128.npy,my,father,0.3593621850013733,joint,joint_35,35,-0.00041922926902770996
myr_128.npy,my,father,0.3593621850013733,joint,joint_36,36,-0.00020620226860046387
myr_128.npy,my,father,0.3593621850013733,joint,joint_37,37,-0.0006420910358428955
myr_128.npy,my,father,0.3593621850013733,joint,joint_38,38,0.000836789608001709
myr_128.npy,my,father,0.3593621850013733,joint,joint_39,39,6.249547004699707e-05
myr_128.npy,my,father,0.3593621850013733,joint,joint_40,40,0.0005529522895812988
myr_128.npy,my,father,0.3593621850013733,joint,joint_41,41,9.53972339630127e-05
myr_128.npy,my,father,0.3593621850013733,coordinate_axis,x,0,0.03645962476730347
myr_128.npy,my,father,0.3593621850013733,coordinate_axis,y,1,0.011615902185440063
myr_128.npy,my,father,0.3593621850013733,coordinate_axis,z,2,-0.0003210902214050293
myr_134.npy,my,father,0.32768046855926514,joint,joint_00,0,-0.0007210671901702881
myr_134.npy,my,father,0.32768046855926514,joint,joint_01,1,-0.0011123120784759521
myr_134.npy,my,father,0.32768046855926514,joint,joint_02,2,0.0012063682079315186
myr_134.npy,my,father,0.32768046855926514,joint,joint_03,3,-6.762146949768066e-05
myr_134.npy,my,father,0.32768046855926514,joint,joint_04,4,-2.714991569519043e-05
myr_134.npy,my,father,0.32768046855926514,joint,joint_05,5,-0.0006678104400634766
myr_134.npy,my,father,0.32768046855926514,joint,joint_06,6,-0.0003192126750946045
myr_134.npy,my,father,0.32768046855926514,joint,joint_07,7,-0.0009068548679351807
myr_134.npy,my,father,0.32768046855926514,joint,joint_08,8,0.0011868178844451904
myr_134.npy,my,father,0.32768046855926514,joint,joint_09,9,0.00021195411682128906
myr_134.npy,my,father,0.32768046855926514,joint,joint_10,10,0.0011372566223144531
myr_134.npy,my,father,0.32768046855926514,joint,joint_11,11,0.0009005367755889893
myr_134.npy,my,father,0.32768046855926514,joint,joint_12,12,0.0016242563724517822
myr_134.npy,my,father,0.32768046855926514,joint,joint_13,13,-0.0003299713134765625
myr_134.npy,my,father,0.32768046855926514,joint,joint_14,14,0.0012057721614837646
myr_134.npy,my,father,0.32768046855926514,joint,joint_15,15,0.0036061108112335205
myr_134.npy,my,father,0.32768046855926514,joint,joint_16,16,0.0029117465019226074
myr_134.npy,my,father,0.32768046855926514,joint,joint_17,17,0.0019401609897613525
myr_134.npy,my,father,0.32768046855926514,joint,joint_18,18,0.0017298758029937744
myr_134.npy,my,father,0.32768046855926514,joint,joint_19,19,0.002558082342147827
myr_134.npy,my,father,0.32768046855926514,joint,joint_20,20,-0.0002040266990661621
myr_134.npy,my,father,0.32768046855926514,joint,joint_21,21,-2.562999725341797e-05
myr_134.npy,my,father,0.32768046855926514,joint,joint_22,22,-0.00013810396194458008
myr_134.npy,my,father,0.32768046855926514,joint,joint_23,23,-7.277727127075195e-05
myr_134.npy,my,father,0.32768046855926514,joint,joint_24,24,1.3321638107299805e-05
myr_134.npy,my,father,0.32768046855926514,joint,joint_25,25,-5.194544792175293e-05
myr_134.npy,my,father,0.32768046855926514,joint,joint_26,26,-2.905726432800293e-05
myr_134.npy,my,father,0.32768046855926514,joint,joint_27,27,3.427267074584961e-06
myr_134.npy,my,father,0.32768046855926514,joint,joint_28,28,-2.9802322387695312e-05
myr_134.npy,my,father,0.32768046855926514,joint,joint_29,29,4.4018030166625977e-05
myr_134.npy,my,father,0.32768046855926514,joint,joint_30,30,-0.00011917948722839355
myr_134.npy,my,father,0.32768046855926514,joint,joint_31,31,-1.9282102584838867e-05
myr_134.npy,my,father,0.32768046855926514,joint,joint_32,32,3.743171691894531e-05
myr_134.npy,my,father,0.32768046855926514,joint,joint_33,33,-2.7835369110107422e-05
myr_134.npy,my,father,0.32768046855926514,joint,joint_34,34,-0.00011354684829711914
myr_134.npy,my,father,0.32768046855926514,joint,joint_35,35,3.403425216674805e-05
myr_134.npy,my,father,0.32768046855926514,joint,joint_36,36,-1.1026859283447266e-06
myr_134.npy,my,father,0.32768046855926514,joint,joint_37,37,5.7220458984375e-05
myr_134.npy,my,father,0.32768046855926514,joint,joint_38,38,-0.00010839104652404785
myr_134.npy,my,father,0.32768046855926514,joint,joint_39,39,1.609325408935547e-05
myr_134.npy,my,father,0.32768046855926514,joint,joint_40,40,-5.125999450683594e-05
myr_134.npy,my,father,0.32768046855926514,joint,joint_41,41,-1.5139579772949219e-05
myr_134.npy,my,father,0.32768046855926514,coordinate_axis,x,0,0.005339205265045166
myr_134.npy,my,father,0.32768046855926514,coordinate_axis,y,1,0.0062303245067596436
myr_134.npy,my,father,0.32768046855926514,coordinate_axis,z,2,0.0041723549365997314
myr_146.npy,my,father,0.36078768968582153,joint,joint_00,0,0.0005177557468414307
myr_146.npy,my,father,0.36078768968582153,joint,joint_01,1,0.0023662447929382324
myr_146.npy,my,father,0.36078768968582153,joint,joint_02,2,0.0024306774139404297
myr_146.npy,my,father,0.36078768968582153,joint,joint_03,3,0.002953052520751953
myr_146.npy,my,father,0.36078768968582153,joint,joint_04,4,0.004046589136123657
myr_146.npy,my,father,0.36078768968582153,joint,joint_05,5,0.0022668540477752686
myr_146.npy,my,father,0.36078768968582153,joint,joint_06,6,0.0001589357852935791
myr_146.npy,my,father,0.36078768968582153,joint,joint_07,7,0.0004948973655700684
myr_146.npy,my,father,0.36078768968582153,joint,joint_08,8,0.002325296401977539
myr_146.npy,my,father,0.36078768968582153,joint,joint_09,9,0.0015669465065002441
myr_146.npy,my,father,0.36078768968582153,joint,joint_10,10,0.00013849139213562012
myr_146.npy,my,father,0.36078768968582153,joint,joint_11,11,0.0024882853031158447
myr_146.npy,my,father,0.36078768968582153,joint,joint_12,12,0.004553258419036865
myr_146.npy,my,father,0.36078768968582153,joint,joint_13,13,0.0009840726852416992
myr_146.npy,my,father,0.36078768968582153,joint,joint_14,14,0.0021820366382598877
myr_146.npy,my,father,0.36078768968582153,joint,joint_15,15,0.005097031593322754
myr_146.npy,my,father,0.36078768968582153,joint,joint_16,16,0.004592955112457275
myr_146.npy,my,father,0.36078768968582153,joint,joint_17,17,0.0016871392726898193
myr_146.npy,my,father,0.36078768968582153,joint,joint_18,18,0.004024028778076172
myr_146.npy,my,father,0.36078768968582153,joint,joint_19,19,0.0018658638000488281
myr_146.npy,my,father,0.36078768968582153,joint,joint_20,20,0.003071695566177368
myr_146.npy,my,father,0.36078768968582153,joint,joint_21,21,-2.5957822799682617e-05
myr_146.npy,my,father,0.36078768968582153,joint,joint_22,22,-0.00014081597328186035
myr_146.npy,my,father,0.36078768968582153,joint,joint_23,23,-7.745623588562012e-05
myr_146.npy,my,father,0.36078768968582153,joint,joint_24,24,1.055002212524414e-05
myr_146.npy,my,father,0.36078768968582153,joint,joint_25,25,-4.7206878662109375e-05
myr_146.npy,my,father,0.36078768968582153,joint,joint_26,26,-2.6285648345947266e-05
myr_146.npy,my,father,0.36078768968582153,joint,joint_27,27,3.2782554626464844e-07
myr_146.npy,my,father,0.36078768968582153,joint,joint_28,28,-3.361701965332031e-05
myr_146.npy,my,father,0.36078768968582153,joint,joint_29,29,4.9054622650146484e-05
myr_146.npy,my,father,0.36078768968582153,joint,joint_30,30,-0.00011947751045227051
myr_146.npy,my,father,0.36078768968582153,joint,joint_31,31,-2.3692846298217773e-05
myr_146.npy,my,father,0.36078768968582153,joint,joint_32,32,4.947185516357422e-05
myr_146.npy,my,father,0.36078768968582153,joint,joint_33,33,-2.4944543838500977e-05
myr_146.npy,my,father,0.36078768968582153,joint,joint_34,34,-0.00012001395225524902
myr_146.npy,my,father,0.36078768968582153,joint,joint_35,35,3.364682197570801e-05
myr_146.npy,my,father,0.36078768968582153,joint,joint_36,36,8.13603401184082e-06
myr_146.npy,my,father,0.36078768968582153,joint,joint_37,37,5.65648078918457e-05
myr_146.npy,my,father,0.36078768968582153,joint,joint_38,38,-0.00010865926742553711
myr_146.npy,my,father,0.36078768968582153,joint,joint_39,39,9.506940841674805e-06
myr_146.npy,my,father,0.36078768968582153,joint,joint_40,40,-4.991888999938965e-05
myr_146.npy,my,father,0.36078768968582153,joint,joint_41,41,-1.4185905456542969e-05
myr_146.npy,my,father,0.36078768968582153,coordinate_axis,x,0,0.03312814235687256
myr_146.npy,my,father,0.36078768968582153,coordinate_axis,y,1,0.013102889060974121
myr_146.npy,my,father,0.36078768968582153,coordinate_axis,z,2,0.002996772527694702
myr_155.npy,my,father,0.3446407914161682,joint,joint_00,0,8.702278137207031e-06
myr_155.npy,my,father,0.3446407914161682,joint,joint_01,1,0.0009191632270812988
myr_155.npy,my,father,0.3446407914161682,joint,joint_02,2,0.0035476386547088623
myr_155.npy,my,father,0.3446407914161682,joint,joint_03,3,0.001902550458908081
myr_155.npy,my,father,0.3446407914161682,joint,joint_04,4,0.0026868581771850586
myr_155.npy,my,father,0.3446407914161682,joint,joint_05,5,0.0009971559047698975
myr_155.npy,my,father,0.3446407914161682,joint,joint_06,6,0.0006107687950134277
myr_155.npy,my,father,0.3446407914161682,joint,joint_07,7,0.0018450915813446045
myr_155.npy,my,father,0.3446407914161682,joint,joint_08,8,0.0020357072353363037
myr_155.npy,my,father,0.3446407914161682,joint,joint_09,9,0.00012508034706115723
myr_155.npy,my,father,0.3446407914161682,joint,joint_10,10,0.0003574788570404053
myr_155.npy,my,father,0.3446407914161682,joint,joint_11,11,0.0015288889408111572
myr_155.npy,my,father,0.3446407914161682,joint,joint_12,12,0.0031495392322540283
myr_155.npy,my,father,0.3446407914161682,joint,joint_13,13,0.0003654062747955322
myr_155.npy,my,father,0.3446407914161682,joint,joint_14,14,0.0008463561534881592
myr_155.npy,my,father,0.3446407914161682,joint,joint_15,15,0.0032451748847961426
myr_155.npy,my,father,0.3446407914161682,joint,joint_16,16,0.002549588680267334
myr_155.npy,my,father,0.3446407914161682,joint,joint_17,17,0.0013646483421325684
myr_155.npy,my,father,0.3446407914161682,joint,joint_18,18,0.002411454916000366
myr_155.npy,my,father,0.3446407914161682,joint,joint_19,19,0.0016916394233703613
myr_155.npy,my,father,0.3446407914161682,joint,joint_20,20,0.0017329156398773193
myr_155.npy,my,father,0.3446407914161682,joint,joint_21,21,-2.333521842956543e-05
myr_155.npy,my,father,0.3446407914161682,joint,joint_22,22,-0.00014314055442810059
myr_155.npy,my,father,0.3446407914161682,joint,joint_23,23,-7.683038711547852e-05
myr_155.npy,my,father,0.3446407914161682,joint,joint_24,24,9.924173355102539e-06
myr_155.npy,my,father,0.3446407914161682,joint,joint_25,25,-4.7326087951660156e-05
myr_155.npy,my,father,0.3446407914161682,joint,joint_26,26,-2.4318695068359375e-05
myr_155.npy,my,father,0.3446407914161682,joint,joint_27,27,3.635883331298828e-06
myr_155.npy,my,father,0.3446407914161682,joint,joint_28,28,-2.9414892196655273e-05
myr_155.npy,my,father,0.3446407914161682,joint,joint_29,29,4.363059997558594e-05
myr_155.npy,my,father,0.3446407914161682,joint,joint_30,30,-0.00012126564979553223
myr_155.npy,my,father,0.3446407914161682,joint,joint_31,31,-2.5659799575805664e-05
myr_155.npy,my,father,0.3446407914161682,joint,joint_32,32,4.234910011291504e-05
myr_155.npy,my,father,0.3446407914161682,joint,joint_33,33,-2.7120113372802734e-05
myr_155.npy,my,father,0.3446407914161682,joint,joint_34,34,-0.00011640787124633789
myr_155.npy,my,father,0.3446407914161682,joint,joint_35,35,2.8073787689208984e-05
myr_155.npy,my,father,0.3446407914161682,joint,joint_36,36,1.7583370208740234e-06
myr_155.npy,my,father,0.3446407914161682,joint,joint_37,37,5.27799129486084e-05
myr_155.npy,my,father,0.3446407914161682,joint,joint_38,38,-0.00011464953422546387
myr_155.npy,my,father,0.3446407914161682,joint,joint_39,39,8.851289749145508e-06
myr_155.npy,my,father,0.3446407914161682,joint,joint_40,40,-4.887580871582031e-05
myr_155.npy,my,father,0.3446407914161682,joint,joint_41,41,-1.4543533325195312e-05
myr_155.npy,my,father,0.3446407914161682,coordinate_axis,x,0,0.015103012323379517
myr_155.npy,my,father,0.3446407914161682,coordinate_axis,y,1,0.01334768533706665
myr_155.npy,my,father,0.3446407914161682,coordinate_axis,z,2,0.004571825265884399
myr_157.npy,my,father,0.3549521863460541,joint,joint_00,0,0.00019165873527526855
myr_157.npy,my,father,0.3549521863460541,joint,joint_01,1,0.0015401840209960938
myr_157.npy,my,father,0.3549521863460541,joint,joint_02,2,0.0039781928062438965
myr_157.npy,my,father,0.3549521863460541,joint,joint_03,3,0.0027395784854888916
myr_157.npy,my,father,0.3549521863460541,joint,joint_04,4,0.004140973091125488
myr_157.npy,my,father,0.3549521863460541,joint,joint_05,5,0.0017473101615905762
myr_157.npy,my,father,0.3549521863460541,joint,joint_06,6,0.0008000433444976807
myr_157.npy,my,father,0.3549521863460541,joint,joint_07,7,0.0025102198123931885
myr_157.npy,my,father,0.3549521863460541,joint,joint_08,8,0.0024243593215942383
myr_157.npy,my,father,0.3549521863460541,joint,joint_09,9,0.00045758485794067383
myr_157.npy,my,father,0.3549521863460541,joint,joint_10,10,0.00018537044525146484
myr_157.npy,my,father,0.3549521863460541,joint,joint_11,11,0.0019219815731048584
myr_157.npy,my,father,0.3549521863460541,joint,joint_12,12,0.00416681170463562
myr_157.npy,my,father,0.3549521863460541,joint,joint_13,13,0.0007734000682830811
myr_157.npy,my,father,0.3549521863460541,joint,joint_14,14,0.001163780689239502
myr_157.npy,my,father,0.3549521863460541,joint,joint_15,15,0.0038970112800598145
myr_157.npy,my,father,0.3549521863460541,joint,joint_16,16,0.003155320882797241
myr_157.npy,my,father,0.3549521863460541,joint,joint_17,17,0.0012793540954589844
myr_157.npy,my,father,0.3549521863460541,joint,joint_18,18,0.0030932724475860596
myr_157.npy,my,father,0.3549521863460541,joint,joint_19,19,0.0016921162605285645
myr_157.npy,my,father,0.3549521863460541,joint,joint_20,20,0.0025347471237182617
myr_157.npy,my,father,0.3549521863460541,joint,joint_21,21,-2.390146255493164e-05
myr_157.npy,my,father,0.3549521863460541,joint,joint_22,22,-0.00014349818229675293
myr_157.npy,my,father,0.3549521863460541,joint,joint_23,23,-7.748603820800781e-05
myr_157.npy,my,father,0.3549521863460541,joint,joint_24,24,1.1295080184936523e-05
myr_157.npy,my,father,0.3549521863460541,joint,joint_25,25,-4.667043685913086e-05
myr_157.npy,my,father,0.3549521863460541,joint,joint_26,26,-2.5331974029541016e-05
myr_157.npy,my,father,0.3549521863460541,joint,joint_27,27,4.6193599700927734e-06
myr_157.npy,my,father,0.3549521863460541,joint,joint_28,28,-2.92360782623291e-05
myr_157.npy,my,father,0.3549521863460541,joint,joint_29,29,4.6759843826293945e-05
myr_157.npy,my,father,0.3549521863460541,joint,joint_30,30,-0.0001208186149597168
myr_157.npy,my,father,0.3549521863460541,joint,joint_31,31,-2.6434659957885742e-05
myr_157.npy,my,father,0.3549521863460541,joint,joint_32,32,4.544854164123535e-05
myr_157.npy,my,father,0.3549521863460541,joint,joint_33,33,-2.5570392608642578e-05
myr_157.npy,my,father,0.3549521863460541,joint,joint_34,34,-0.00011739134788513184
myr_157.npy,my,father,0.3549521863460541,joint,joint_35,35,2.9325485229492188e-05
myr_157.npy,my,father,0.3549521863460541,joint,joint_36,36,3.129243850708008e-06
myr_157.npy,my,father,0.3549521863460541,joint,joint_37,37,5.397200584411621e-05
myr_157.npy,my,father,0.3549521863460541,joint,joint_38,38,-0.00011408329010009766
myr_157.npy,my,father,0.3549521863460541,joint,joint_39,39,7.867813110351562e-06
myr_157.npy,my,father,0.3549521863460541,joint,joint_40,40,-4.9442052841186523e-05
myr_157.npy,my,father,0.3549521863460541,joint,joint_41,41,-1.7315149307250977e-05
myr_157.npy,my,father,0.3549521863460541,coordinate_axis,x,0,0.022305011749267578
myr_157.npy,my,father,0.3549521863460541,coordinate_axis,y,1,0.016508907079696655
myr_157.npy,my,father,0.3549521863460541,coordinate_axis,z,2,0.00465160608291626
myr_163.npy,my,father,0.35461628437042236,joint,joint_00,0,0.0001659691333770752
myr_163.npy,my,father,0.35461628437042236,joint,joint_01,1,0.0014325082302093506
myr_163.npy,my,father,0.35461628437042236,joint,joint_02,2,0.003741919994354248
myr_163.npy,my,father,0.35461628437042236,joint,joint_03,3,0.002616196870803833
myr_163.npy,my,father,0.35461628437042236,joint,joint_04,4,0.003907740116119385
myr_163.npy,my,father,0.35461628437042236,joint,joint_05,5,0.001685798168182373
myr_163.npy,my,father,0.35461628437042236,joint,joint_06,6,0.0006955265998840332
myr_163.npy,my,father,0.35461628437042236,joint,joint_07,7,0.0021611154079437256
myr_163.npy,my,father,0.35461628437042236,joint,joint_08,8,0.0024109482765197754
myr_163.npy,my,father,0.35461628437042236,joint,joint_09,9,0.0005512535572052002
myr_163.npy,my,father,0.35461628437042236,joint,joint_10,10,0.00026226043701171875
myr_163.npy,my,father,0.35461628437042236,joint,joint_11,11,0.001948028802871704
myr_163.npy,my,father,0.35461628437042236,joint,joint_12,12,0.0041214823722839355
myr_163.npy,my,father,0.35461628437042236,joint,joint_13,13,0.0007384121417999268
myr_163.npy,my,father,0.35461628437042236,joint,joint_14,14,0.001353234052658081
myr_163.npy,my,father,0.35461628437042236,joint,joint_15,15,0.0041351318359375
myr_163.npy,my,father,0.35461628437042236,joint,joint_16,16,0.00348508358001709
myr_163.npy,my,father,0.35461628437042236,joint,joint_17,17,0.0013293921947479248
myr_163.npy,my,father,0.35461628437042236,joint,joint_18,18,0.0031003057956695557
myr_163.npy,my,father,0.35461628437042236,joint,joint_19,19,0.0017369985580444336
myr_163.npy,my,father,0.35461628437042236,joint,joint_20,20,0.0024271607398986816
myr_163.npy,my,father,0.35461628437042236,joint,joint_21,21,-2.3186206817626953e-05
myr_163.npy,my,father,0.35461628437042236,joint,joint_22,22,-0.00014269351959228516
myr_163.npy,my,father,0.35461628437042236,joint,joint_23,23,-7.662177085876465e-05
myr_163.npy,my,father,0.35461628437042236,joint,joint_24,24,9.47713851928711e-06
myr_163.npy,my,father,0.35461628437042236,joint,joint_25,25,-4.839897155761719e-05
myr_163.npy,my,father,0.35461628437042236,joint,joint_26,26,-2.5987625122070312e-05
myr_163.npy,my,father,0.35461628437042236,joint,joint_27,27,4.112720489501953e-06
myr_163.npy,my,father,0.35461628437042236,joint,joint_28,28,-2.944469451904297e-05
myr_163.npy,my,father,0.35461628437042236,joint,joint_29,29,4.506111145019531e-05
myr_163.npy,my,father,0.35461628437042236,joint,joint_30,30,-0.00012150406837463379
myr_163.npy,my,father,0.35461628437042236,joint,joint_31,31,-2.5212764739990234e-05
myr_163.npy,my,father,0.35461628437042236,joint,joint_32,32,4.494190216064453e-05
myr_163.npy,my,father,0.35461628437042236,joint,joint_33,33,-2.485513687133789e-05
myr_163.npy,my,father,0.35461628437042236,joint,joint_34,34,-0.00011801719665527344
myr_163.npy,my,father,0.35461628437042236,joint,joint_35,35,2.9921531677246094e-05
myr_163.npy,my,father,0.35461628437042236,joint,joint_36,36,2.3245811462402344e-06
myr_163.npy,my,father,0.35461628437042236,joint,joint_37,37,5.319714546203613e-05
myr_163.npy,my,father,0.35461628437042236,joint,joint_38,38,-0.00011357665061950684
myr_163.npy,my,father,0.35461628437042236,joint,joint_39,39,8.374452590942383e-06
myr_163.npy,my,father,0.35461628437042236,joint,joint_40,40,-5.0067901611328125e-05
myr_163.npy,my,father,0.35461628437042236,joint,joint_41,41,-1.6301870346069336e-05
myr_163.npy,my,father,0.35461628437042236,coordinate_axis,x,0,0.02252197265625
myr_163.npy,my,father,0.35461628437042236,coordinate_axis,y,1,0.016065925359725952
myr_163.npy,my,father,0.35461628437042236,coordinate_axis,z,2,0.0045354366302490234
myr_165.npy,my,father,0.33377838134765625,joint,joint_00,0,-0.0006336569786071777
myr_165.npy,my,father,0.33377838134765625,joint,joint_01,1,-0.0014466643333435059
myr_165.npy,my,father,0.33377838134765625,joint,joint_02,2,0.00021979212760925293
myr_165.npy,my,father,0.33377838134765625,joint,joint_03,3,-0.00015270709991455078
myr_165.npy,my,father,0.33377838134765625,joint,joint_04,4,0.00017938017845153809
myr_165.npy,my,father,0.33377838134765625,joint,joint_05,5,-0.00018143653869628906
myr_165.npy,my,father,0.33377838134765625,joint,joint_06,6,-0.00032660365104675293
myr_165.npy,my,father,0.33377838134765625,joint,joint_07,7,-0.0010999739170074463
myr_165.npy,my,father,0.33377838134765625,joint,joint_08,8,0.0016095936298370361
myr_165.npy,my,father,0.33377838134765625,joint,joint_09,9,0.0006144046783447266
myr_165.npy,my,father,0.33377838134765625,joint,joint_10,10,0.0011543333530426025
myr_165.npy,my,father,0.33377838134765625,joint,joint_11,11,0.0015680789947509766
myr_165.npy,my,father,0.33377838134765625,joint,joint_12,12,0.0025611519813537598
myr_165.npy,my,father,0.33377838134765625,joint,joint_13,13,-0.00014013051986694336
myr_165.npy,my,father,0.33377838134765625,joint,joint_14,14,0.0017357170581817627
myr_165.npy,my,father,0.33377838134765625,joint,joint_15,15,0.004529982805252075
myr_165.npy,my,father,0.33377838134765625,joint,joint_16,16,0.0038330554962158203
myr_165.npy,my,father,0.33377838134765625,joint,joint_17,17,0.002316296100616455
myr_165.npy,my,father,0.33377838134765625,joint,joint_18,18,0.002529144287109375
myr_165.npy,my,father,0.33377838134765625,joint,joint_19,19,0.0025685131549835205
myr_165.npy,my,father,0.33377838134765625,joint,joint_20,20,0.00039705634117126465
myr_165.npy,my,father,0.33377838134765625,joint,joint_21,21,-2.5063753128051758e-05
myr_165.npy,my,father,0.33377838134765625,joint,joint_22,22,-0.00013706088066101074
myr_165.npy,my,father,0.33377838134765625,joint,joint_23,23,-7.346272468566895e-05
myr_165.npy,my,father,0.33377838134765625,joint,joint_24,24,1.2129545211791992e-05
myr_165.npy,my,father,0.33377838134765625,joint,joint_25,25,-5.316734313964844e-05
myr_165.npy,my,father,0.33377838134765625,joint,joint_26,26,-2.771615982055664e-05
myr_165.npy,my,father,0.33377838134765625,joint,joint_27,27,4.410743713378906e-06
myr_165.npy,my,father,0.33377838134765625,joint,joint_28,28,-3.001093864440918e-05
myr_165.npy,my,father,0.33377838134765625,joint,joint_29,29,4.407763481140137e-05
myr_165.npy,my,father,0.33377838134765625,joint,joint_30,30,-0.00011792778968811035
myr_165.npy,my,father,0.33377838134765625,joint,joint_31,31,-1.7642974853515625e-05
myr_165.npy,my,father,0.33377838134765625,joint,joint_32,32,4.088878631591797e-05
myr_165.npy,my,father,0.33377838134765625,joint,joint_33,33,-2.6464462280273438e-05
myr_165.npy,my,father,0.33377838134765625,joint,joint_34,34,-0.00011369585990905762
myr_165.npy,my,father,0.33377838134765625,joint,joint_35,35,3.445148468017578e-05
myr_165.npy,my,father,0.33377838134765625,joint,joint_36,36,5.364418029785156e-07
myr_165.npy,my,father,0.33377838134765625,joint,joint_37,37,5.576014518737793e-05
myr_165.npy,my,father,0.33377838134765625,joint,joint_38,38,-0.00011026859283447266
myr_165.npy,my,father,0.33377838134765625,joint,joint_39,39,1.4960765838623047e-05
myr_165.npy,my,father,0.33377838134765625,joint,joint_40,40,-4.997849464416504e-05
myr_165.npy,my,father,0.33377838134765625,joint,joint_41,41,-1.3887882232666016e-05
myr_165.npy,my,father,0.33377838134765625,coordinate_axis,x,0,0.012396097183227539
myr_165.npy,my,father,0.33377838134765625,coordinate_axis,y,1,0.004989147186279297
myr_165.npy,my,father,0.33377838134765625,coordinate_axis,z,2,0.004532516002655029
myr_167.npy,my,father,0.3409687876701355,joint,joint_00,0,-0.0003809928894042969
myr_167.npy,my,father,0.3409687876701355,joint,joint_01,1,-0.0008349716663360596
myr_167.npy,my,father,0.3409687876701355,joint,joint_02,2,-0.0001927018165588379
myr_167.npy,my,father,0.3409687876701355,joint,joint_03,3,0.0003497004508972168
myr_167.npy,my,father,0.3409687876701355,joint,joint_04,4,0.0004216432571411133
myr_167.npy,my,father,0.3409687876701355,joint,joint_05,5,0.0003414452075958252
myr_167.npy,my,father,0.3409687876701355,joint,joint_06,6,-0.00024068355560302734
myr_167.npy,my,father,0.3409687876701355,joint,joint_07,7,-0.0007021427154541016
myr_167.npy,my,father,0.3409687876701355,joint,joint_08,8,0.0018993914127349854
myr_167.npy,my,father,0.3409687876701355,joint,joint_09,9,0.0012003779411315918
myr_167.npy,my,father,0.3409687876701355,joint,joint_10,10,0.00096854567527771
myr_167.npy,my,father,0.3409687876701355,joint,joint_11,11,0.0019416511058807373
myr_167.npy,my,father,0.3409687876701355,joint,joint_12,12,0.003307908773422241
myr_167.npy,my,father,0.3409687876701355,joint,joint_13,13,0.0002391338348388672
myr_167.npy,my,father,0.3409687876701355,joint,joint_14,14,0.002007812261581421
myr_167.npy,my,father,0.3409687876701355,joint,joint_15,15,0.004881411790847778
myr_167.npy,my,father,0.3409687876701355,joint,joint_16,16,0.004075288772583008
myr_167.npy,my,father,0.3409687876701355,joint,joint_17,17,0.002567470073699951
myr_167.npy,my,father,0.3409687876701355,joint,joint_18,18,0.0034315884113311768
myr_167.npy,my,father,0.3409687876701355,joint,joint_19,19,0.0023384392261505127
myr_167.npy,my,father,0.3409687876701355,joint,joint_20,20,0.0017299950122833252
myr_167.npy,my,father,0.3409687876701355,joint,joint_21,21,-2.4527311325073242e-05
myr_167.npy,my,father,0.3409687876701355,joint,joint_22,22,-0.00013893842697143555
myr_167.npy,my,father,0.3409687876701355,joint,joint_23,23,-7.43567943572998e-05
myr_167.npy,my,father,0.3409687876701355,joint,joint_24,24,1.1175870895385742e-05
myr_167.npy,my,father,0.3409687876701355,joint,joint_25,25,-5.239248275756836e-05
myr_167.npy,my,father,0.3409687876701355,joint,joint_26,26,-2.8192996978759766e-05
myr_167.npy,my,father,0.3409687876701355,joint,joint_27,27,4.6193599700927734e-06
myr_167.npy,my,father,0.3409687876701355,joint,joint_28,28,-3.075599670410156e-05
myr_167.npy,my,father,0.3409687876701355,joint,joint_29,29,4.413723945617676e-05
myr_167.npy,my,father,0.3409687876701355,joint,joint_30,30,-0.00011909008026123047
myr_167.npy,my,father,0.3409687876701355,joint,joint_31,31,-1.8149614334106445e-05
myr_167.npy,my,father,0.3409687876701355,joint,joint_32,32,4.3779611587524414e-05
myr_167.npy,my,father,0.3409687876701355,joint,joint_33,33,-2.524256706237793e-05
myr_167.npy,my,father,0.3409687876701355,joint,joint_34,34,-0.00011512637138366699
myr_167.npy,my,father,0.3409687876701355,joint,joint_35,35,3.3229589462280273e-05
myr_167.npy,my,father,0.3409687876701355,joint,joint_36,36,1.7881393432617188e-06
myr_167.npy,my,father,0.3409687876701355,joint,joint_37,37,5.59389591217041e-05
myr_167.npy,my,father,0.3409687876701355,joint,joint_38,38,-0.00011080503463745117
myr_167.npy,my,father,0.3409687876701355,joint,joint_39,39,1.4424324035644531e-05
myr_167.npy,my,father,0.3409687876701355,joint,joint_40,40,-5.117058753967285e-05
myr_167.npy,my,father,0.3409687876701355,joint,joint_41,41,-1.3172626495361328e-05
myr_167.npy,my,father,0.3409687876701355,coordinate_axis,x,0,0.02072170376777649
myr_167.npy,my,father,0.3409687876701355,coordinate_axis,y,1,0.003829270601272583
myr_167.npy,my,father,0.3409687876701355,coordinate_axis,z,2,0.00448647141456604
myr_173.npy,my,father,0.3395010530948639,joint,joint_00,0,-0.00031828880310058594
myr_173.npy,my,father,0.3395010530948639,joint,joint_01,1,-0.0005955100059509277
myr_173.npy,my,father,0.3395010530948639,joint,joint_02,2,0.0002650022506713867
myr_173.npy,my,father,0.3395010530948639,joint,joint_03,3,0.00036332011222839355
myr_173.npy,my,father,0.3395010530948639,joint,joint_04,4,0.0005612373352050781
myr_173.npy,my,father,0.3395010530948639,joint,joint_05,5,0.0003495216369628906
myr_173.npy,my,father,0.3395010530948639,joint,joint_06,6,-0.00014325976371765137
myr_173.npy,my,father,0.3395010530948639,joint,joint_07,7,-0.0003294050693511963
myr_173.npy,my,father,0.3395010530948639,joint,joint_08,8,0.0017412304878234863
myr_173.npy,my,father,0.3395010530948639,joint,joint_09,9,0.0009441971778869629
myr_173.npy,my,father,0.3395010530948639,joint,joint_10,10,0.0008128881454467773
myr_173.npy,my,father,0.3395010530948639,joint,joint_11,11,0.0017273426055908203
myr_173.npy,my,father,0.3395010530948639,joint,joint_12,12,0.003055572509765625
myr_173.npy,my,father,0.3395010530948639,joint,joint_13,13,0.00018417835235595703
myr_173.npy,my,father,0.3395010530948639,joint,joint_14,14,0.001748591661453247
myr_173.npy,my,father,0.3395010530948639,joint,joint_15,15,0.004491358995437622
myr_173.npy,my,father,0.3395010530948639,joint,joint_16,16,0.003731459379196167
myr_173.npy,my,father,0.3395010530948639,joint,joint_17,17,0.0023016929626464844
myr_173.npy,my,father,0.3395010530948639,joint,joint_18,18,0.0031374096870422363
myr_173.npy,my,father,0.3395010530948639,joint,joint_19,19,0.002283722162246704
myr_173.npy,my,father,0.3395010530948639,joint,joint_20,20,0.001455545425415039
myr_173.npy,my,father,0.3395010530948639,joint,joint_21,21,-2.4527311325073242e-05
myr_173.npy,my,father,0.3395010530948639,joint,joint_22,22,-0.00014001131057739258
myr_173.npy,my,father,0.3395010530948639,joint,joint_23,23,-7.420778274536133e-05
myr_173.npy,my,father,0.3395010530948639,joint,joint_24,24,1.233816146850586e-05
myr_173.npy,my,father,0.3395010530948639,joint,joint_25,25,-5.123019218444824e-05
myr_173.npy,my,father,0.3395010530948639,joint,joint_26,26,-2.911686897277832e-05
myr_173.npy,my,father,0.3395010530948639,joint,joint_27,27,4.082918167114258e-06
myr_173.npy,my,father,0.3395010530948639,joint,joint_28,28,-3.078579902648926e-05
myr_173.npy,my,father,0.3395010530948639,joint,joint_29,29,4.464387893676758e-05
myr_173.npy,my,father,0.3395010530948639,joint,joint_30,30,-0.00012105703353881836
myr_173.npy,my,father,0.3395010530948639,joint,joint_31,31,-1.919269561767578e-05
myr_173.npy,my,father,0.3395010530948639,joint,joint_32,32,4.07099723815918e-05
myr_173.npy,my,father,0.3395010530948639,joint,joint_33,33,-2.6792287826538086e-05
myr_173.npy,my,father,0.3395010530948639,joint,joint_34,34,-0.00011587142944335938
myr_173.npy,my,father,0.3395010530948639,joint,joint_35,35,3.349781036376953e-05
myr_173.npy,my,father,0.3395010530948639,joint,joint_36,36,1.4007091522216797e-06
myr_173.npy,my,father,0.3395010530948639,joint,joint_37,37,5.5909156799316406e-05
myr_173.npy,my,father,0.3395010530948639,joint,joint_38,38,-0.00011005997657775879
myr_173.npy,my,father,0.3395010530948639,joint,joint_39,39,1.4603137969970703e-05
myr_173.npy,my,father,0.3395010530948639,joint,joint_40,40,-5.093216896057129e-05
myr_173.npy,my,father,0.3395010530948639,joint,joint_41,41,-1.3828277587890625e-05
myr_173.npy,my,father,0.3395010530948639,coordinate_axis,x,0,0.01829361915588379
myr_173.npy,my,father,0.3395010530948639,coordinate_axis,y,1,0.005057334899902344
myr_173.npy,my,father,0.3395010530948639,coordinate_axis,z,2,0.004250556230545044
myr_175.npy,my,father,0.3390681743621826,joint,joint_00,0,-0.00031363964080810547
myr_175.npy,my,father,0.3390681743621826,joint,joint_01,1,-0.0005989372730255127
myr_175.npy,my,father,0.3390681743621826,joint,joint_02,2,0.00021520256996154785
myr_175.npy,my,father,0.3390681743621826,joint,joint_03,3,0.00033274292945861816
myr_175.npy,my,father,0.3390681743621826,joint,joint_04,4,0.0005861222743988037
myr_175.npy,my,father,0.3390681743621826,joint,joint_05,5,0.0003674626350402832
myr_175.npy,my,father,0.3390681743621826,joint,joint_06,6,-0.0001602470874786377
myr_175.npy,my,father,0.3390681743621826,joint,joint_07,7,-0.0003419220447540283
myr_175.npy,my,father,0.3390681743621826,joint,joint_08,8,0.0016958117485046387
myr_175.npy,my,father,0.3390681743621826,joint,joint_09,9,0.0009545981884002686
myr_175.npy,my,father,0.3390681743621826,joint,joint_10,10,0.0007581114768981934
myr_175.npy,my,father,0.3390681743621826,joint,joint_11,11,0.0017030835151672363
myr_175.npy,my,father,0.3390681743621826,joint,joint_12,12,0.003033757209777832
myr_175.npy,my,father,0.3390681743621826,joint,joint_13,13,0.00019150972366333008
myr_175.npy,my,father,0.3390681743621826,joint,joint_14,14,0.00172385573387146
myr_175.npy,my,father,0.3390681743621826,joint,joint_15,15,0.004408329725265503
myr_175.npy,my,father,0.3390681743621826,joint,joint_16,16,0.003686279058456421
myr_175.npy,my,father,0.3390681743621826,joint,joint_17,17,0.0022529661655426025
myr_175.npy,my,father,0.3390681743621826,joint,joint_18,18,0.0031156539916992188
myr_175.npy,my,father,0.3390681743621826,joint,joint_19,19,0.002278268337249756
myr_175.npy,my,father,0.3390681743621826,joint,joint_20,20,0.001430809497833252
myr_175.npy,my,father,0.3390681743621826,joint,joint_21,21,-2.536177635192871e-05
myr_175.npy,my,father,0.3390681743621826,joint,joint_22,22,-0.0001399517059326172
myr_175.npy,my,father,0.3390681743621826,joint,joint_23,23,-7.468461990356445e-05
myr_175.npy,my,father,0.3390681743621826,joint,joint_24,24,1.233816146850586e-05
myr_175.npy,my,father,0.3390681743621826,joint,joint_25,25,-5.111098289489746e-05
myr_175.npy,my,father,0.3390681743621826,joint,joint_26,26,-2.9295682907104492e-05
myr_175.npy,my,father,0.3390681743621826,joint,joint_27,27,3.814697265625e-06
myr_175.npy,my,father,0.3390681743621826,joint,joint_28,28,-3.075599670410156e-05
myr_175.npy,my,father,0.3390681743621826,joint,joint_29,29,4.4673681259155273e-05
myr_175.npy,my,father,0.3390681743621826,joint,joint_30,30,-0.00012099742889404297
myr_175.npy,my,father,0.3390681743621826,joint,joint_31,31,-1.963973045349121e-05
myr_175.npy,my,father,0.3390681743621826,joint,joint_32,32,4.079937934875488e-05
myr_175.npy,my,father,0.3390681743621826,joint,joint_33,33,-2.7060508728027344e-05
myr_175.npy,my,father,0.3390681743621826,joint,joint_34,34,-0.00011587142944335938
myr_175.npy,my,father,0.3390681743621826,joint,joint_35,35,3.314018249511719e-05
myr_175.npy,my,father,0.3390681743621826,joint,joint_36,36,1.4901161193847656e-06
myr_175.npy,my,father,0.3390681743621826,joint,joint_37,37,5.5730342864990234e-05
myr_175.npy,my,father,0.3390681743621826,joint,joint_38,38,-0.00010991096496582031
myr_175.npy,my,father,0.3390681743621826,joint,joint_39,39,1.4424324035644531e-05
myr_175.npy,my,father,0.3390681743621826,joint,joint_40,40,-5.078315734863281e-05
myr_175.npy,my,father,0.3390681743621826,joint,joint_41,41,-1.4215707778930664e-05
myr_175.npy,my,father,0.3390681743621826,coordinate_axis,x,0,0.018149346113204956
myr_175.npy,my,father,0.3390681743621826,coordinate_axis,y,1,0.004992693662643433
myr_175.npy,my,father,0.3390681743621826,coordinate_axis,z,2,0.004018962383270264
myr_197.npy,my,my,0.37620046734809875,joint,joint_00,0,0.0003891289234161377
myr_197.npy,my,my,0.37620046734809875,joint,joint_01,1,0.002151310443878174
myr_197.npy,my,my,0.37620046734809875,joint,joint_02,2,-0.0009009838104248047
myr_197.npy,my,my,0.37620046734809875,joint,joint_03,3,0.0027303993701934814
myr_197.npy,my,my,0.37620046734809875,joint,joint_04,4,0.003075927495956421
myr_197.npy,my,my,0.37620046734809875,joint,joint_05,5,0.00290757417678833
myr_197.npy,my,my,0.37620046734809875,joint,joint_06,6,-0.00021442770957946777
myr_197.npy,my,my,0.37620046734809875,joint,joint_07,7,-0.00040471553802490234
myr_197.npy,my,my,0.37620046734809875,joint,joint_08,8,0.0030643343925476074
myr_197.npy,my,my,0.37620046734809875,joint,joint_09,9,0.0038760900497436523
myr_197.npy,my,my,0.37620046734809875,joint,joint_10,10,0.00016501545906066895
myr_197.npy,my,my,0.37620046734809875,joint,joint_11,11,0.003785640001296997
myr_197.npy,my,my,0.37620046734809875,joint,joint_12,12,0.006535947322845459
myr_197.npy,my,my,0.37620046734809875,joint,joint_13,13,0.0017123520374298096
myr_197.npy,my,my,0.37620046734809875,joint,joint_14,14,0.003862619400024414
myr_197.npy,my,my,0.37620046734809875,joint,joint_15,15,0.0077585577964782715
myr_197.npy,my,my,0.37620046734809875,joint,joint_16,16,0.0068360865116119385
myr_197.npy,my,my,0.37620046734809875,joint,joint_17,17,0.0032056868076324463
myr_197.npy,my,my,0.37620046734809875,joint,joint_18,18,0.006840497255325317
myr_197.npy,my,my,0.37620046734809875,joint,joint_19,19,0.002347230911254883
myr_197.npy,my,my,0.37620046734809875,joint,joint_20,20,0.005219370126724243
myr_197.npy,my,my,0.37620046734809875,joint,joint_21,21,-2.3752450942993164e-05
myr_197.npy,my,my,0.37620046734809875,joint,joint_22,22,-0.0001367032527923584
myr_197.npy,my,my,0.37620046734809875,joint,joint_23,23,-7.456541061401367e-05
myr_197.npy,my,my,0.37620046734809875,joint,joint_24,24,1.189112663269043e-05
myr_197.npy,my,my,0.37620046734809875,joint,joint_25,25,-4.991888999938965e-05
myr_197.npy,my,my,0.37620046734809875,joint,joint_26,26,-2.4646520614624023e-05
myr_197.npy,my,my,0.37620046734809875,joint,joint_27,27,5.662441253662109e-07
myr_197.npy,my,my,0.37620046734809875,joint,joint_28,28,-3.406405448913574e-05
myr_197.npy,my,my,0.37620046734809875,joint,joint_29,29,5.02467155456543e-05
myr_197.npy,my,my,0.37620046734809875,joint,joint_30,30,-0.00011840462684631348
myr_197.npy,my,my,0.37620046734809875,joint,joint_31,31,-2.0563602447509766e-05
myr_197.npy,my,my,0.37620046734809875,joint,joint_32,32,4.604458808898926e-05
myr_197.npy,my,my,0.37620046734809875,joint,joint_33,33,-2.9534101486206055e-05
myr_197.npy,my,my,0.37620046734809875,joint,joint_34,34,-0.00011846423149108887
myr_197.npy,my,my,0.37620046734809875,joint,joint_35,35,3.549456596374512e-05
myr_197.npy,my,my,0.37620046734809875,joint,joint_36,36,9.59634780883789e-06
myr_197.npy,my,my,0.37620046734809875,joint,joint_37,37,5.7578086853027344e-05
myr_197.npy,my,my,0.37620046734809875,joint,joint_38,38,-0.00010645389556884766
myr_197.npy,my,my,0.37620046734809875,joint,joint_39,39,1.093745231628418e-05
myr_197.npy,my,my,0.37620046734809875,joint,joint_40,40,-5.2034854888916016e-05
myr_197.npy,my,my,0.37620046734809875,joint,joint_41,41,-7.867813110351562e-06
myr_197.npy,my,my,0.37620046734809875,coordinate_axis,x,0,0.05525296926498413
myr_197.npy,my,my,0.37620046734809875,coordinate_axis,y,1,0.005979329347610474
myr_197.npy,my,my,0.37620046734809875,coordinate_axis,z,2,0.002896547317504883
myr_199.npy,my,my,0.3744966387748718,joint,joint_00,0,0.0003567039966583252
myr_199.npy,my,my,0.3744966387748718,joint,joint_01,1,0.002058953046798706
myr_199.npy,my,my,0.3744966387748718,joint,joint_02,2,-0.0013097822666168213
myr_199.npy,my,my,0.3744966387748718,joint,joint_03,3,0.002536267042160034
myr_199.npy,my,my,0.3744966387748718,joint,joint_04,4,0.0028215646743774414
myr_199.npy,my,my,0.3744966387748718,joint,joint_05,5,0.002830713987350464
myr_199.npy,my,my,0.3744966387748718,joint,joint_06,6,-0.00036832690238952637
myr_199.npy,my,my,0.3744966387748718,joint,joint_07,7,-0.0009381473064422607
myr_199.npy,my,my,0.3744966387748718,joint,joint_08,8,0.002946525812149048
myr_199.npy,my,my,0.3744966387748718,joint,joint_09,9,0.003888845443725586
myr_199.npy,my,my,0.3744966387748718,joint,joint_10,10,0.00022730231285095215
myr_199.npy,my,my,0.3744966387748718,joint,joint_11,11,0.0037643611431121826
myr_199.npy,my,my,0.3744966387748718,joint,joint_12,12,0.006274521350860596
myr_199.npy,my,my,0.3744966387748718,joint,joint_13,13,0.0016174614429473877
myr_199.npy,my,my,0.3744966387748718,joint,joint_14,14,0.003967016935348511
myr_199.npy,my,my,0.3744966387748718,joint,joint_15,15,0.007855832576751709
myr_199.npy,my,my,0.3744966387748718,joint,joint_16,16,0.00700831413269043
myr_199.npy,my,my,0.3744966387748718,joint,joint_17,17,0.0032351315021514893
myr_199.npy,my,my,0.3744966387748718,joint,joint_18,18,0.006740748882293701
myr_199.npy,my,my,0.3744966387748718,joint,joint_19,19,0.002436220645904541
myr_199.npy,my,my,0.3744966387748718,joint,joint_20,20,0.004937231540679932
myr_199.npy,my,my,0.3744966387748718,joint,joint_21,21,-2.3812055587768555e-05
myr_199.npy,my,my,0.3744966387748718,joint,joint_22,22,-0.00013720989227294922
myr_199.npy,my,my,0.3744966387748718,joint,joint_23,23,-7.492303848266602e-05
myr_199.npy,my,my,0.3744966387748718,joint,joint_24,24,1.0818243026733398e-05
myr_199.npy,my,my,0.3744966387748718,joint,joint_25,25,-5.08427619934082e-05
myr_199.npy,my,my,0.3744966387748718,joint,joint_26,26,-2.6285648345947266e-05
myr_199.npy,my,my,0.3744966387748718,joint,joint_27,27,9.238719940185547e-07
myr_199.npy,my,my,0.3744966387748718,joint,joint_28,28,-3.394484519958496e-05
myr_199.npy,my,my,0.3744966387748718,joint,joint_29,29,4.9740076065063477e-05
myr_199.npy,my,my,0.3744966387748718,joint,joint_30,30,-0.000118255615234375
myr_199.npy,my,my,0.3744966387748718,joint,joint_31,31,-1.9997358322143555e-05
myr_199.npy,my,my,0.3744966387748718,joint,joint_32,32,4.526972770690918e-05
myr_199.npy,my,my,0.3744966387748718,joint,joint_33,33,-3.0517578125e-05
myr_199.npy,my,my,0.3744966387748718,joint,joint_34,34,-0.0001182258129119873
myr_199.npy,my,my,0.3744966387748718,joint,joint_35,35,3.400444984436035e-05
myr_199.npy,my,my,0.3744966387748718,joint,joint_36,36,7.152557373046875e-06
myr_199.npy,my,my,0.3744966387748718,joint,joint_37,37,5.65648078918457e-05
myr_199.npy,my,my,0.3744966387748718,joint,joint_38,38,-0.00010639429092407227
myr_199.npy,my,my,0.3744966387748718,joint,joint_39,39,1.1354684829711914e-05
myr_199.npy,my,my,0.3744966387748718,joint,joint_40,40,-5.1587820053100586e-05
myr_199.npy,my,my,0.3744966387748718,joint,joint_41,41,-8.106231689453125e-06
myr_199.npy,my,my,0.3744966387748718,coordinate_axis,x,0,0.05466574430465698
myr_199.npy,my,my,0.3744966387748718,coordinate_axis,y,1,0.004942506551742554
myr_199.npy,my,my,0.3744966387748718,coordinate_axis,z,2,0.002699911594390869
myr_2.npy,my,my,0.3693656027317047,joint,joint_00,0,0.0011305809020996094
myr_2.npy,my,my,0.3693656027317047,joint,joint_01,1,0.004414975643157959
myr_2.npy,my,my,0.3693656027317047,joint,joint_02,2,0.003359168767929077
myr_2.npy,my,my,0.3693656027317047,joint,joint_03,3,0.0038779079914093018
myr_2.npy,my,my,0.3693656027317047,joint,joint_04,4,0.004556983709335327
myr_2.npy,my,my,0.3693656027317047,joint,joint_05,5,0.003573775291442871
myr_2.npy,my,my,0.3693656027317047,joint,joint_06,6,0.0005442798137664795
myr_2.npy,my,my,0.3693656027317047,joint,joint_07,7,0.0024382472038269043
myr_2.npy,my,my,0.3693656027317047,joint,joint_08,8,0.0023215115070343018
myr_2.npy,my,my,0.3693656027317047,joint,joint_09,9,0.00210455060005188
myr_2.npy,my,my,0.3693656027317047,joint,joint_10,10,-0.0010141432285308838
myr_2.npy,my,my,0.3693656027317047,joint,joint_11,11,0.002542942762374878
myr_2.npy,my,my,0.3693656027317047,joint,joint_12,12,0.005718886852264404
myr_2.npy,my,my,0.3693656027317047,joint,joint_13,13,0.001985609531402588
myr_2.npy,my,my,0.3693656027317047,joint,joint_14,14,0.001856982707977295
myr_2.npy,my,my,0.3693656027317047,joint,joint_15,15,0.003950059413909912
myr_2.npy,my,my,0.3693656027317047,joint,joint_16,16,0.0034022927284240723
myr_2.npy,my,my,0.3693656027317047,joint,joint_17,17,0.000857621431350708
myr_2.npy,my,my,0.3693656027317047,joint,joint_18,18,0.004842281341552734
myr_2.npy,my,my,0.3693656027317047,joint,joint_19,19,0.0006971657276153564
myr_2.npy,my,my,0.3693656027317047,joint,joint_20,20,0.005986213684082031
myr_2.npy,my,my,0.3693656027317047,joint,joint_21,21,-2.3245811462402344e-05
myr_2.npy,my,my,0.3693656027317047,joint,joint_22,22,-0.00014379620552062988
myr_2.npy,my,my,0.3693656027317047,joint,joint_23,23,-7.897615432739258e-05
myr_2.npy,my,my,0.3693656027317047,joint,joint_24,24,1.1295080184936523e-05
myr_2.npy,my,my,0.3693656027317047,joint,joint_25,25,-4.336237907409668e-05
myr_2.npy,my,my,0.3693656027317047,joint,joint_26,26,-2.4497509002685547e-05
myr_2.npy,my,my,0.3693656027317047,joint,joint_27,27,-3.0100345611572266e-06
myr_2.npy,my,my,0.3693656027317047,joint,joint_28,28,-3.337860107421875e-05
myr_2.npy,my,my,0.3693656027317047,joint,joint_29,29,4.836916923522949e-05
myr_2.npy,my,my,0.3693656027317047,joint,joint_30,30,-0.00011959671974182129
myr_2.npy,my,my,0.3693656027317047,joint,joint_31,31,-2.7477741241455078e-05
myr_2.npy,my,my,0.3693656027317047,joint,joint_32,32,5.14984130859375e-05
myr_2.npy,my,my,0.3693656027317047,joint,joint_33,33,-2.154707908630371e-05
myr_2.npy,my,my,0.3693656027317047,joint,joint_34,34,-0.00012555718421936035
myr_2.npy,my,my,0.3693656027317047,joint,joint_35,35,3.0249357223510742e-05
myr_2.npy,my,my,0.3693656027317047,joint,joint_36,36,1.2636184692382812e-05
myr_2.npy,my,my,0.3693656027317047,joint,joint_37,37,6.04093074798584e-05
myr_2.npy,my,my,0.3693656027317047,joint,joint_38,38,-0.00010663270950317383
myr_2.npy,my,my,0.3693656027317047,joint,joint_39,39,7.599592208862305e-06
myr_2.npy,my,my,0.3693656027317047,joint,joint_40,40,-4.9233436584472656e-05
myr_2.npy,my,my,0.3693656027317047,joint,joint_41,41,-1.424551010131836e-05
myr_2.npy,my,my,0.3693656027317047,coordinate_axis,x,0,0.04454082250595093
myr_2.npy,my,my,0.3693656027317047,coordinate_axis,y,1,0.013250738382339478
myr_2.npy,my,my,0.3693656027317047,coordinate_axis,z,2,0.0003406107425689697
myr_201.npy,my,my,0.3782733380794525,joint,joint_00,0,0.00030943751335144043
myr_201.npy,my,my,0.3782733380794525,joint,joint_01,1,0.0019186139106750488
myr_201.npy,my,my,0.3782733380794525,joint,joint_02,2,-0.0018346607685089111
myr_201.npy,my,my,0.3782733380794525,joint,joint_03,3,0.002541065216064453
myr_201.npy,my,my,0.3782733380794525,joint,joint_04,4,0.002737581729888916
myr_201.npy,my,my,0.3782733380794525,joint,joint_05,5,0.0029181838035583496
myr_201.npy,my,my,0.3782733380794525,joint,joint_06,6,-0.0004183948040008545
myr_201.npy,my,my,0.3782733380794525,joint,joint_07,7,-0.000944286584854126
myr_201.npy,my,my,0.3782733380794525,joint,joint_08,8,0.003234356641769409
myr_201.npy,my,my,0.3782733380794525,joint,joint_09,9,0.004430800676345825
myr_201.npy,my,my,0.3782733380794525,joint,joint_10,10,0.00029540061950683594
myr_201.npy,my,my,0.3782733380794525,joint,joint_11,11,0.004043251276016235
myr_201.npy,my,my,0.3782733380794525,joint,joint_12,12,0.006955623626708984
myr_201.npy,my,my,0.3782733380794525,joint,joint_13,13,0.0018138289451599121
myr_201.npy,my,my,0.3782733380794525,joint,joint_14,14,0.004291117191314697
myr_201.npy,my,my,0.3782733380794525,joint,joint_15,15,0.00840190052986145
myr_201.npy,my,my,0.3782733380794525,joint,joint_16,16,0.007383167743682861
myr_201.npy,my,my,0.3782733380794525,joint,joint_17,17,0.0036238133907318115
myr_201.npy,my,my,0.3782733380794525,joint,joint_18,18,0.007462173700332642
myr_201.npy,my,my,0.3782733380794525,joint,joint_19,19,0.002499908208847046
myr_201.npy,my,my,0.3782733380794525,joint,joint_20,20,0.005565375089645386
myr_201.npy,my,my,0.3782733380794525,joint,joint_21,21,-2.3066997528076172e-05
myr_201.npy,my,my,0.3782733380794525,joint,joint_22,22,-0.00013637542724609375
myr_201.npy,my,my,0.3782733380794525,joint,joint_23,23,-7.507205009460449e-05
myr_201.npy,my,my,0.3782733380794525,joint,joint_24,24,1.2546777725219727e-05
myr_201.npy,my,my,0.3782733380794525,joint,joint_25,25,-5.173683166503906e-05
myr_201.npy,my,my,0.3782733380794525,joint,joint_26,26,-2.631545066833496e-05
myr_201.npy,my,my,0.3782733380794525,joint,joint_27,27,8.046627044677734e-07
myr_201.npy,my,my,0.3782733380794525,joint,joint_28,28,-3.3736228942871094e-05
myr_201.npy,my,my,0.3782733380794525,joint,joint_29,29,4.9173831939697266e-05
myr_201.npy,my,my,0.3782733380794525,joint,joint_30,30,-0.00011801719665527344
myr_201.npy,my,my,0.3782733380794525,joint,joint_31,31,-2.086162567138672e-05
myr_201.npy,my,my,0.3782733380794525,joint,joint_32,32,4.70578670501709e-05
myr_201.npy,my,my,0.3782733380794525,joint,joint_33,33,-3.063678741455078e-05
myr_201.npy,my,my,0.3782733380794525,joint,joint_34,34,-0.0001176595687866211
myr_201.npy,my,my,0.3782733380794525,joint,joint_35,35,3.2842159271240234e-05
myr_201.npy,my,my,0.3782733380794525,joint,joint_36,36,8.612871170043945e-06
myr_201.npy,my,my,0.3782733380794525,joint,joint_37,37,5.6117773056030273e-05
myr_201.npy,my,my,0.3782733380794525,joint,joint_38,38,-0.00010633468627929688
myr_201.npy,my,my,0.3782733380794525,joint,joint_39,39,9.834766387939453e-06
myr_201.npy,my,my,0.3782733380794525,joint,joint_40,40,-5.194544792175293e-05
myr_201.npy,my,my,0.3782733380794525,joint,joint_41,41,-8.761882781982422e-06
myr_201.npy,my,my,0.3782733380794525,coordinate_axis,x,0,0.059354931116104126
myr_201.npy,my,my,0.3782733380794525,coordinate_axis,y,1,0.0038173794746398926
myr_201.npy,my,my,0.3782733380794525,coordinate_axis,z,2,0.002811729907989502
myr_202.npy,my,my,0.375041127204895,joint,joint_00,0,0.00038060545921325684
myr_202.npy,my,my,0.375041127204895,joint,joint_01,1,0.0020963549613952637
myr_202.npy,my,my,0.375041127204895,joint,joint_02,2,-0.0011733174324035645
myr_202.npy,my,my,0.375041127204895,joint,joint_03,3,0.002638012170791626
myr_202.npy,my,my,0.375041127204895,joint,joint_04,4,0.00292089581489563
myr_202.npy,my,my,0.375041127204895,joint,joint_05,5,0.0028389692306518555
myr_202.npy,my,my,0.375041127204895,joint,joint_06,6,-0.00036337971687316895
myr_202.npy,my,my,0.375041127204895,joint,joint_07,7,-0.0009638667106628418
myr_202.npy,my,my,0.375041127204895,joint,joint_08,8,0.0030429065227508545
myr_202.npy,my,my,0.375041127204895,joint,joint_09,9,0.0038847029209136963
myr_202.npy,my,my,0.375041127204895,joint,joint_10,10,0.00024333596229553223
myr_202.npy,my,my,0.375041127204895,joint,joint_11,11,0.003844231367111206
myr_202.npy,my,my,0.375041127204895,joint,joint_12,12,0.00635954737663269
myr_202.npy,my,my,0.375041127204895,joint,joint_13,13,0.0016478896141052246
myr_202.npy,my,my,0.375041127204895,joint,joint_14,14,0.003915458917617798
myr_202.npy,my,my,0.375041127204895,joint,joint_15,15,0.007852792739868164
myr_202.npy,my,my,0.375041127204895,joint,joint_16,16,0.00698012113571167
myr_202.npy,my,my,0.375041127204895,joint,joint_17,17,0.0032707154750823975
myr_202.npy,my,my,0.375041127204895,joint,joint_18,18,0.006730020046234131
myr_202.npy,my,my,0.375041127204895,joint,joint_19,19,0.002397209405899048
myr_202.npy,my,my,0.375041127204895,joint,joint_20,20,0.005009740591049194
myr_202.npy,my,my,0.375041127204895,joint,joint_21,21,-2.3424625396728516e-05
myr_202.npy,my,my,0.375041127204895,joint,joint_22,22,-0.0001378953456878662
myr_202.npy,my,my,0.375041127204895,joint,joint_23,23,-7.528066635131836e-05
myr_202.npy,my,my,0.375041127204895,joint,joint_24,24,1.099705696105957e-05
myr_202.npy,my,my,0.375041127204895,joint,joint_25,25,-5.078315734863281e-05
myr_202.npy,my,my,0.375041127204895,joint,joint_26,26,-2.6226043701171875e-05
myr_202.npy,my,my,0.375041127204895,joint,joint_27,27,6.556510925292969e-07
myr_202.npy,my,my,0.375041127204895,joint,joint_28,28,-3.394484519958496e-05
myr_202.npy,my,my,0.375041127204895,joint,joint_29,29,4.914402961730957e-05
myr_202.npy,my,my,0.375041127204895,joint,joint_30,30,-0.00011903047561645508
myr_202.npy,my,my,0.375041127204895,joint,joint_31,31,-1.940131187438965e-05
myr_202.npy,my,my,0.375041127204895,joint,joint_32,32,4.538893699645996e-05
myr_202.npy,my,my,0.375041127204895,joint,joint_33,33,-3.0934810638427734e-05
myr_202.npy,my,my,0.375041127204895,joint,joint_34,34,-0.00011861324310302734
myr_202.npy,my,my,0.375041127204895,joint,joint_35,35,3.546476364135742e-05
myr_202.npy,my,my,0.375041127204895,joint,joint_36,36,7.62939453125e-06
myr_202.npy,my,my,0.375041127204895,joint,joint_37,37,5.65946102142334e-05
myr_202.npy,my,my,0.375041127204895,joint,joint_38,38,-0.00010600686073303223
myr_202.npy,my,my,0.375041127204895,joint,joint_39,39,1.1801719665527344e-05
myr_202.npy,my,my,0.375041127204895,joint,joint_40,40,-5.1647424697875977e-05
myr_202.npy,my,my,0.375041127204895,joint,joint_41,41,-7.3909759521484375e-06
myr_202.npy,my,my,0.375041127204895,coordinate_axis,x,0,0.05471062660217285
myr_202.npy,my,my,0.375041127204895,coordinate_axis,y,1,0.005117058753967285
myr_202.npy,my,my,0.375041127204895,coordinate_axis,z,2,0.0030950605869293213
myr_25.npy,my,my,0.35950949788093567,joint,joint_00,0,0.0008885860443115234
myr_25.npy,my,my,0.35950949788093567,joint,joint_01,1,0.003323107957839966
myr_25.npy,my,my,0.35950949788093567,joint,joint_02,2,0.0023873746395111084
myr_25.npy,my,my,0.35950949788093567,joint,joint_03,3,0.0030145645141601562
myr_25.npy,my,my,0.35950949788093567,joint,joint_04,4,0.003531157970428467
myr_25.npy,my,my,0.35950949788093567,joint,joint_05,5,0.0027770698070526123
myr_25.npy,my,my,0.35950949788093567,joint,joint_06,6,0.00041168928146362305
myr_25.npy,my,my,0.35950949788093567,joint,joint_07,7,0.0017613768577575684
myr_25.npy,my,my,0.35950949788093567,joint,joint_08,8,0.0020959079265594482
myr_25.npy,my,my,0.35950949788093567,joint,joint_09,9,0.0014680922031402588
myr_25.npy,my,my,0.35950949788093567,joint,joint_10,10,-0.0006634294986724854
myr_25.npy,my,my,0.35950949788093567,joint,joint_11,11,0.0023395121097564697
myr_25.npy,my,my,0.35950949788093567,joint,joint_12,12,0.004925787448883057
myr_25.npy,my,my,0.35950949788093567,joint,joint_13,13,0.001583695411682129
myr_25.npy,my,my,0.35950949788093567,joint,joint_14,14,0.0014941990375518799
myr_25.npy,my,my,0.35950949788093567,joint,joint_15,15,0.0037272274494171143
myr_25.npy,my,my,0.35950949788093567,joint,joint_16,16,0.003364264965057373
myr_25.npy,my,my,0.35950949788093567,joint,joint_17,17,0.0009149312973022461
myr_25.npy,my,my,0.35950949788093567,joint,joint_18,18,0.004175812005996704
myr_25.npy,my,my,0.35950949788093567,joint,joint_19,19,0.00098341703414917
myr_25.npy,my,my,0.35950949788093567,joint,joint_20,20,0.004916459321975708
myr_25.npy,my,my,0.35950949788093567,joint,joint_21,21,-2.4259090423583984e-05
myr_25.npy,my,my,0.35950949788093567,joint,joint_22,22,-0.00014504790306091309
myr_25.npy,my,my,0.35950949788093567,joint,joint_23,23,-7.921457290649414e-05
myr_25.npy,my,my,0.35950949788093567,joint,joint_24,24,8.910894393920898e-06
myr_25.npy,my,my,0.35950949788093567,joint,joint_25,25,-4.598498344421387e-05
myr_25.npy,my,my,0.35950949788093567,joint,joint_26,26,-2.3692846298217773e-05
myr_25.npy,my,my,0.35950949788093567,joint,joint_27,27,4.76837158203125e-07
myr_25.npy,my,my,0.35950949788093567,joint,joint_28,28,-2.92360782623291e-05
myr_25.npy,my,my,0.35950949788093567,joint,joint_29,29,4.494190216064453e-05
myr_25.npy,my,my,0.35950949788093567,joint,joint_30,30,-0.00011911988258361816
myr_25.npy,my,my,0.35950949788093567,joint,joint_31,31,-2.60770320892334e-05
myr_25.npy,my,my,0.35950949788093567,joint,joint_32,32,4.857778549194336e-05
myr_25.npy,my,my,0.35950949788093567,joint,joint_33,33,-2.7805566787719727e-05
myr_25.npy,my,my,0.35950949788093567,joint,joint_34,34,-0.00012120604515075684
myr_25.npy,my,my,0.35950949788093567,joint,joint_35,35,2.7745962142944336e-05
myr_25.npy,my,my,0.35950949788093567,joint,joint_36,36,7.331371307373047e-06
myr_25.npy,my,my,0.35950949788093567,joint,joint_37,37,5.868077278137207e-05
myr_25.npy,my,my,0.35950949788093567,joint,joint_38,38,-0.00010862946510314941
myr_25.npy,my,my,0.35950949788093567,joint,joint_39,39,7.063150405883789e-06
myr_25.npy,my,my,0.35950949788093567,joint,joint_40,40,-4.9561262130737305e-05
myr_25.npy,my,my,0.35950949788093567,joint,joint_41,41,-1.4424324035644531e-05
myr_25.npy,my,my,0.35950949788093567,coordinate_axis,x,0,0.03738623857498169
myr_25.npy,my,my,0.35950949788093567,coordinate_axis,y,1,0.009591609239578247
myr_25.npy,my,my,0.35950949788093567,coordinate_axis,z,2,0.0011548101902008057
myr_31.npy,my,my,0.35838985443115234,joint,joint_00,0,0.0008729696273803711
myr_31.npy,my,my,0.35838985443115234,joint,joint_01,1,0.0033428966999053955
myr_31.npy,my,my,0.35838985443115234,joint,joint_02,2,0.0024944543838500977
myr_31.npy,my,my,0.35838985443115234,joint,joint_03,3,0.0029913485050201416
myr_31.npy,my,my,0.35838985443115234,joint,joint_04,4,0.0034389495849609375
myr_31.npy,my,my,0.35838985443115234,joint,joint_05,5,0.0027558207511901855
myr_31.npy,my,my,0.35838985443115234,joint,joint_06,6,0.00044420361518859863
myr_31.npy,my,my,0.35838985443115234,joint,joint_07,7,0.001954317092895508
myr_31.npy,my,my,0.35838985443115234,joint,joint_08,8,0.0019960999488830566
myr_31.npy,my,my,0.35838985443115234,joint,joint_09,9,0.0014599263668060303
myr_31.npy,my,my,0.35838985443115234,joint,joint_10,10,-0.0007343292236328125
myr_31.npy,my,my,0.35838985443115234,joint,joint_11,11,0.002215057611465454
myr_31.npy,my,my,0.35838985443115234,joint,joint_12,12,0.004857927560806274
myr_31.npy,my,my,0.35838985443115234,joint,joint_13,13,0.001599341630935669
myr_31.npy,my,my,0.35838985443115234,joint,joint_14,14,0.001385331153869629
myr_31.npy,my,my,0.35838985443115234,joint,joint_15,15,0.003476768732070923
myr_31.npy,my,my,0.35838985443115234,joint,joint_16,16,0.0031011104583740234
myr_31.npy,my,my,0.35838985443115234,joint,joint_17,17,0.0007594823837280273
myr_31.npy,my,my,0.35838985443115234,joint,joint_18,18,0.004037678241729736
myr_31.npy,my,my,0.35838985443115234,joint,joint_19,19,0.0007803440093994141
myr_31.npy,my,my,0.35838985443115234,joint,joint_20,20,0.004951447248458862
myr_31.npy,my,my,0.35838985443115234,joint,joint_21,21,-2.3543834686279297e-05
myr_31.npy,my,my,0.35838985443115234,joint,joint_22,22,-0.00014510750770568848
myr_31.npy,my,my,0.35838985443115234,joint,joint_23,23,-7.939338684082031e-05
myr_31.npy,my,my,0.35838985443115234,joint,joint_24,24,9.000301361083984e-06
myr_31.npy,my,my,0.35838985443115234,joint,joint_25,25,-4.547834396362305e-05
myr_31.npy,my,my,0.35838985443115234,joint,joint_26,26,-2.345442771911621e-05
myr_31.npy,my,my,0.35838985443115234,joint,joint_27,27,1.7881393432617188e-07
myr_31.npy,my,my,0.35838985443115234,joint,joint_28,28,-2.9295682907104492e-05
myr_31.npy,my,my,0.35838985443115234,joint,joint_29,29,4.494190216064453e-05
myr_31.npy,my,my,0.35838985443115234,joint,joint_30,30,-0.00011876225471496582
myr_31.npy,my,my,0.35838985443115234,joint,joint_31,31,-2.6464462280273438e-05
myr_31.npy,my,my,0.35838985443115234,joint,joint_32,32,4.9591064453125e-05
myr_31.npy,my,my,0.35838985443115234,joint,joint_33,33,-2.7298927307128906e-05
myr_31.npy,my,my,0.35838985443115234,joint,joint_34,34,-0.00012150406837463379
myr_31.npy,my,my,0.35838985443115234,joint,joint_35,35,2.759695053100586e-05
myr_31.npy,my,my,0.35838985443115234,joint,joint_36,36,8.195638656616211e-06
myr_31.npy,my,my,0.35838985443115234,joint,joint_37,37,5.885958671569824e-05
myr_31.npy,my,my,0.35838985443115234,joint,joint_38,38,-0.00010803341865539551
myr_31.npy,my,my,0.35838985443115234,joint,joint_39,39,6.943941116333008e-06
myr_31.npy,my,my,0.35838985443115234,joint,joint_40,40,-4.941225051879883e-05
myr_31.npy,my,my,0.35838985443115234,joint,joint_41,41,-1.4692544937133789e-05
myr_31.npy,my,my,0.35838985443115234,coordinate_axis,x,0,0.03686165809631348
myr_31.npy,my,my,0.35838985443115234,coordinate_axis,y,1,0.009480327367782593
myr_31.npy,my,my,0.35838985443115234,coordinate_axis,z,2,0.0006378293037414551
myr_34.npy,my,my,0.3581666946411133,joint,joint_00,0,0.0008116662502288818
myr_34.npy,my,my,0.3581666946411133,joint,joint_01,1,0.0031315386295318604
myr_34.npy,my,my,0.3581666946411133,joint,joint_02,2,0.00261002779006958
myr_34.npy,my,my,0.3581666946411133,joint,joint_03,3,0.0029332637786865234
myr_34.npy,my,my,0.3581666946411133,joint,joint_04,4,0.0035211145877838135
myr_34.npy,my,my,0.3581666946411133,joint,joint_05,5,0.002676725387573242
myr_34.npy,my,my,0.3581666946411133,joint,joint_06,6,0.0005424320697784424
myr_34.npy,my,my,0.3581666946411133,joint,joint_07,7,0.002112150192260742
myr_34.npy,my,my,0.3581666946411133,joint,joint_08,8,0.002101689577102661
myr_34.npy,my,my,0.3581666946411133,joint,joint_09,9,0.001309424638748169
myr_34.npy,my,my,0.3581666946411133,joint,joint_10,10,-0.0007495582103729248
myr_34.npy,my,my,0.3581666946411133,joint,joint_11,11,0.0021562576293945312
myr_34.npy,my,my,0.3581666946411133,joint,joint_12,12,0.004834115505218506
myr_34.npy,my,my,0.3581666946411133,joint,joint_13,13,0.0015529990196228027
myr_34.npy,my,my,0.3581666946411133,joint,joint_14,14,0.0013122856616973877
myr_34.npy,my,my,0.3581666946411133,joint,joint_15,15,0.0035853981971740723
myr_34.npy,my,my,0.3581666946411133,joint,joint_16,16,0.0031023919582366943
myr_34.npy,my,my,0.3581666946411133,joint,joint_17,17,0.0007443726062774658
myr_34.npy,my,my,0.3581666946411133,joint,joint_18,18,0.0040336549282073975
myr_34.npy,my,my,0.3581666946411133,joint,joint_19,19,0.0008698105812072754
myr_34.npy,my,my,0.3581666946411133,joint,joint_20,20,0.004795730113983154
myr_34.npy,my,my,0.3581666946411133,joint,joint_21,21,-2.384185791015625e-05
myr_34.npy,my,my,0.3581666946411133,joint,joint_22,22,-0.00014522671699523926
myr_34.npy,my,my,0.3581666946411133,joint,joint_23,23,-8.058547973632812e-05
myr_34.npy,my,my,0.3581666946411133,joint,joint_24,24,8.612871170043945e-06
myr_34.npy,my,my,0.3581666946411133,joint,joint_25,25,-4.500150680541992e-05
myr_34.npy,my,my,0.3581666946411133,joint,joint_26,26,-2.4586915969848633e-05
myr_34.npy,my,my,0.3581666946411133,joint,joint_27,27,2.384185791015625e-07
myr_34.npy,my,my,0.3581666946411133,joint,joint_28,28,-2.950429916381836e-05
myr_34.npy,my,my,0.3581666946411133,joint,joint_29,29,4.661083221435547e-05
myr_34.npy,my,my,0.3581666946411133,joint,joint_30,30,-0.0001195073127746582
myr_34.npy,my,my,0.3581666946411133,joint,joint_31,31,-2.6911497116088867e-05
myr_34.npy,my,my,0.3581666946411133,joint,joint_32,32,4.920363426208496e-05
myr_34.npy,my,my,0.3581666946411133,joint,joint_33,33,-2.6553869247436523e-05
myr_34.npy,my,my,0.3581666946411133,joint,joint_34,34,-0.0001208186149597168
myr_34.npy,my,my,0.3581666946411133,joint,joint_35,35,2.7388334274291992e-05
myr_34.npy,my,my,0.3581666946411133,joint,joint_36,36,6.9141387939453125e-06
myr_34.npy,my,my,0.3581666946411133,joint,joint_37,37,5.882978439331055e-05
myr_34.npy,my,my,0.3581666946411133,joint,joint_38,38,-0.00010916590690612793
myr_34.npy,my,my,0.3581666946411133,joint,joint_39,39,7.092952728271484e-06
myr_34.npy,my,my,0.3581666946411133,joint,joint_40,40,-4.979968070983887e-05
myr_34.npy,my,my,0.3581666946411133,joint,joint_41,41,-1.5914440155029297e-05
myr_34.npy,my,my,0.3581666946411133,coordinate_axis,x,0,0.03565177321434021
myr_34.npy,my,my,0.3581666946411133,coordinate_axis,y,1,0.010044366121292114
myr_34.npy,my,my,0.3581666946411133,coordinate_axis,z,2,0.0010574758052825928
myr_35.npy,my,my,0.3572353422641754,joint,joint_00,0,0.0008268952369689941
myr_35.npy,my,my,0.3572353422641754,joint,joint_01,1,0.0032050609588623047
myr_35.npy,my,my,0.3572353422641754,joint,joint_02,2,0.0027180910110473633
myr_35.npy,my,my,0.3572353422641754,joint,joint_03,3,0.0029818713665008545
myr_35.npy,my,my,0.3572353422641754,joint,joint_04,4,0.0036069154739379883
myr_35.npy,my,my,0.3572353422641754,joint,joint_05,5,0.002645641565322876
myr_35.npy,my,my,0.3572353422641754,joint,joint_06,6,0.0005579590797424316
myr_35.npy,my,my,0.3572353422641754,joint,joint_07,7,0.0021840035915374756
myr_35.npy,my,my,0.3572353422641754,joint,joint_08,8,0.0019761621952056885
myr_35.npy,my,my,0.3572353422641754,joint,joint_09,9,0.0012921690940856934
myr_35.npy,my,my,0.3572353422641754,joint,joint_10,10,-0.0007709860801696777
myr_35.npy,my,my,0.3572353422641754,joint,joint_11,11,0.0020180046558380127
myr_35.npy,my,my,0.3572353422641754,joint,joint_12,12,0.00466039776802063
myr_35.npy,my,my,0.3572353422641754,joint,joint_13,13,0.0015383660793304443
myr_35.npy,my,my,0.3572353422641754,joint,joint_14,14,0.0012553036212921143
myr_35.npy,my,my,0.3572353422641754,joint,joint_15,15,0.003356635570526123
myr_35.npy,my,my,0.3572353422641754,joint,joint_16,16,0.0028659701347351074
myr_35.npy,my,my,0.3572353422641754,joint,joint_17,17,0.0006870925426483154
myr_35.npy,my,my,0.3572353422641754,joint,joint_18,18,0.00394284725189209
myr_35.npy,my,my,0.3572353422641754,joint,joint_19,19,0.000726848840713501
myr_35.npy,my,my,0.3572353422641754,joint,joint_20,20,0.004756152629852295
myr_35.npy,my,my,0.3572353422641754,joint,joint_21,21,-2.4050474166870117e-05
myr_35.npy,my,my,0.3572353422641754,joint,joint_22,22,-0.00014549493789672852
myr_35.npy,my,my,0.3572353422641754,joint,joint_23,23,-8.055567741394043e-05
myr_35.npy,my,my,0.3572353422641754,joint,joint_24,24,9.238719940185547e-06
myr_35.npy,my,my,0.3572353422641754,joint,joint_25,25,-4.565715789794922e-05
myr_35.npy,my,my,0.3572353422641754,joint,joint_26,26,-2.4110078811645508e-05
myr_35.npy,my,my,0.3572353422641754,joint,joint_27,27,3.2782554626464844e-07
myr_35.npy,my,my,0.3572353422641754,joint,joint_28,28,-2.9593706130981445e-05
myr_35.npy,my,my,0.3572353422641754,joint,joint_29,29,4.556775093078613e-05
myr_35.npy,my,my,0.3572353422641754,joint,joint_30,30,-0.00011938810348510742
myr_35.npy,my,my,0.3572353422641754,joint,joint_31,31,-2.6673078536987305e-05
myr_35.npy,my,my,0.3572353422641754,joint,joint_32,32,4.9740076065063477e-05
myr_35.npy,my,my,0.3572353422641754,joint,joint_33,33,-2.7418136596679688e-05
myr_35.npy,my,my,0.3572353422641754,joint,joint_34,34,-0.0001214742660522461
myr_35.npy,my,my,0.3572353422641754,joint,joint_35,35,2.771615982055664e-05
myr_35.npy,my,my,0.3572353422641754,joint,joint_36,36,7.838010787963867e-06
myr_35.npy,my,my,0.3572353422641754,joint,joint_37,37,5.9485435485839844e-05
myr_35.npy,my,my,0.3572353422641754,joint,joint_38,38,-0.00010904669761657715
myr_35.npy,my,my,0.3572353422641754,joint,joint_39,39,7.033348083496094e-06
myr_35.npy,my,my,0.3572353422641754,joint,joint_40,40,-4.9740076065063477e-05
myr_35.npy,my,my,0.3572353422641754,joint,joint_41,41,-1.5854835510253906e-05
myr_35.npy,my,my,0.3572353422641754,coordinate_axis,x,0,0.03472667932510376
myr_35.npy,my,my,0.3572353422641754,coordinate_axis,y,1,0.010415762662887573
myr_35.npy,my,my,0.3572353422641754,coordinate_axis,z,2,0.0006797909736633301
myr_40.npy,my,my,0.36026230454444885,joint,joint_00,0,0.0009110569953918457
myr_40.npy,my,my,0.36026230454444885,joint,joint_01,1,0.0033479928970336914
myr_40.npy,my,my,0.36026230454444885,joint,joint_02,2,0.0025932490825653076
myr_40.npy,my,my,0.36026230454444885,joint,joint_03,3,0.0031048357486724854
myr_40.npy,my,my,0.36026230454444885,joint,joint_04,4,0.003638535737991333
myr_40.npy,my,my,0.36026230454444885,joint,joint_05,5,0.002829939126968384
myr_40.npy,my,my,0.36026230454444885,joint,joint_06,6,0.0004986822605133057
myr_40.npy,my,my,0.36026230454444885,joint,joint_07,7,0.0020228028297424316
myr_40.npy,my,my,0.36026230454444885,joint,joint_08,8,0.0022392570972442627
myr_40.npy,my,my,0.36026230454444885,joint,joint_09,9,0.0014607608318328857
myr_40.npy,my,my,0.36026230454444885,joint,joint_10,10,-0.0006715357303619385
myr_40.npy,my,my,0.36026230454444885,joint,joint_11,11,0.0023038089275360107
myr_40.npy,my,my,0.36026230454444885,joint,joint_12,12,0.0050428807735443115
myr_40.npy,my,my,0.36026230454444885,joint,joint_13,13,0.0015995502471923828
myr_40.npy,my,my,0.36026230454444885,joint,joint_14,14,0.0014549493789672852
myr_40.npy,my,my,0.36026230454444885,joint,joint_15,15,0.0037821531295776367
myr_40.npy,my,my,0.36026230454444885,joint,joint_16,16,0.003292173147201538
myr_40.npy,my,my,0.36026230454444885,joint,joint_17,17,0.0008516907691955566
myr_40.npy,my,my,0.36026230454444885,joint,joint_18,18,0.004144757986068726
myr_40.npy,my,my,0.36026230454444885,joint,joint_19,19,0.0009176433086395264
myr_40.npy,my,my,0.36026230454444885,joint,joint_20,20,0.004809349775314331
myr_40.npy,my,my,0.36026230454444885,joint,joint_21,21,-2.3812055587768555e-05
myr_40.npy,my,my,0.36026230454444885,joint,joint_22,22,-0.0001449882984161377
myr_40.npy,my,my,0.36026230454444885,joint,joint_23,23,-7.927417755126953e-05
myr_40.npy,my,my,0.36026230454444885,joint,joint_24,24,8.672475814819336e-06
myr_40.npy,my,my,0.36026230454444885,joint,joint_25,25,-4.509091377258301e-05
myr_40.npy,my,my,0.36026230454444885,joint,joint_26,26,-2.4259090423583984e-05
myr_40.npy,my,my,0.36026230454444885,joint,joint_27,27,1.7881393432617188e-07
myr_40.npy,my,my,0.36026230454444885,joint,joint_28,28,-2.9146671295166016e-05
myr_40.npy,my,my,0.36026230454444885,joint,joint_29,29,4.6819448471069336e-05
myr_40.npy,my,my,0.36026230454444885,joint,joint_30,30,-0.00011923909187316895
myr_40.npy,my,my,0.36026230454444885,joint,joint_31,31,-2.6166439056396484e-05
myr_40.npy,my,my,0.36026230454444885,joint,joint_32,32,4.9114227294921875e-05
myr_40.npy,my,my,0.36026230454444885,joint,joint_33,33,-2.6911497116088867e-05
myr_40.npy,my,my,0.36026230454444885,joint,joint_34,34,-0.00012046098709106445
myr_40.npy,my,my,0.36026230454444885,joint,joint_35,35,2.7567148208618164e-05
myr_40.npy,my,my,0.36026230454444885,joint,joint_36,36,7.331371307373047e-06
myr_40.npy,my,my,0.36026230454444885,joint,joint_37,37,5.8978796005249023e-05
myr_40.npy,my,my,0.36026230454444885,joint,joint_38,38,-0.0001086890697479248
myr_40.npy,my,my,0.36026230454444885,joint,joint_39,39,7.331371307373047e-06
myr_40.npy,my,my,0.36026230454444885,joint,joint_40,40,-4.9501657485961914e-05
myr_40.npy,my,my,0.36026230454444885,joint,joint_41,41,-1.4275312423706055e-05
myr_40.npy,my,my,0.36026230454444885,coordinate_axis,x,0,0.03694692254066467
myr_40.npy,my,my,0.36026230454444885,coordinate_axis,y,1,0.01061287522315979
myr_40.npy,my,my,0.36026230454444885,coordinate_axis,z,2,0.001367717981338501
myr_51.npy,my,my,0.35804012417793274,joint,joint_00,0,0.0010862350463867188
myr_51.npy,my,my,0.35804012417793274,joint,joint_01,1,0.0032685697078704834
myr_51.npy,my,my,0.35804012417793274,joint,joint_02,2,0.0034449100494384766
myr_51.npy,my,my,0.35804012417793274,joint,joint_03,3,0.0026922225952148438
myr_51.npy,my,my,0.35804012417793274,joint,joint_04,4,0.004041224718093872
myr_51.npy,my,my,0.35804012417793274,joint,joint_05,5,0.002285212278366089
myr_51.npy,my,my,0.35804012417793274,joint,joint_06,6,0.0005053877830505371
myr_51.npy,my,my,0.35804012417793274,joint,joint_07,7,0.0018227696418762207
myr_51.npy,my,my,0.35804012417793274,joint,joint_08,8,0.0016065239906311035
myr_51.npy,my,my,0.35804012417793274,joint,joint_09,9,0.0009176135063171387
myr_51.npy,my,my,0.35804012417793274,joint,joint_10,10,-0.0009956955909729004
myr_51.npy,my,my,0.35804012417793274,joint,joint_11,11,0.0015656650066375732
myr_51.npy,my,my,0.35804012417793274,joint,joint_12,12,0.004300504922866821
myr_51.npy,my,my,0.35804012417793274,joint,joint_13,13,0.0013271570205688477
myr_51.npy,my,my,0.35804012417793274,joint,joint_14,14,0.0008968710899353027
myr_51.npy,my,my,0.35804012417793274,joint,joint_15,15,0.002595275640487671
myr_51.npy,my,my,0.35804012417793274,joint,joint_16,16,0.002382934093475342
myr_51.npy,my,my,0.35804012417793274,joint,joint_17,17,0.0001239776611328125
myr_51.npy,my,my,0.35804012417793274,joint,joint_18,18,0.003239542245864868
myr_51.npy,my,my,0.35804012417793274,joint,joint_19,19,0.0004520714282989502
myr_51.npy,my,my,0.35804012417793274,joint,joint_20,20,0.003830552101135254
myr_51.npy,my,my,0.35804012417793274,joint,joint_21,21,0.0002931654453277588
myr_51.npy,my,my,0.35804012417793274,joint,joint_22,22,0.0015353560447692871
myr_51.npy,my,my,0.35804012417793274,joint,joint_23,23,0.0005206465721130371
myr_51.npy,my,my,0.35804012417793274,joint,joint_24,24,-8.848309516906738e-05
myr_51.npy,my,my,0.35804012417793274,joint,joint_25,25,0.00037470459938049316
myr_51.npy,my,my,0.35804012417793274,joint,joint_26,26,0.00022351741790771484
myr_51.npy,my,my,0.35804012417793274,joint,joint_27,27,0.00016924738883972168
myr_51.npy,my,my,0.35804012417793274,joint,joint_28,28,0.00028130412101745605
myr_51.npy,my,my,0.35804012417793274,joint,joint_29,29,-0.0004502832889556885
myr_51.npy,my,my,0.35804012417793274,joint,joint_30,30,0.0011084675788879395
myr_51.npy,my,my,0.35804012417793274,joint,joint_31,31,0.0002893209457397461
myr_51.npy,my,my,0.35804012417793274,joint,joint_32,32,-0.0005018115043640137
myr_51.npy,my,my,0.35804012417793274,joint,joint_33,33,0.00018450617790222168
myr_51.npy,my,my,0.35804012417793274,joint,joint_34,34,0.0009761452674865723
myr_51.npy,my,my,0.35804012417793274,joint,joint_35,35,-0.00036138296127319336
myr_51.npy,my,my,0.35804012417793274,joint,joint_36,36,-0.00018411874771118164
myr_51.npy,my,my,0.35804012417793274,joint,joint_37,37,-0.0007886290550231934
myr_51.npy,my,my,0.35804012417793274,joint,joint_38,38,0.0009176135063171387
myr_51.npy,my,my,0.35804012417793274,joint,joint_39,39,7.426738739013672e-05
myr_51.npy,my,my,0.35804012417793274,joint,joint_40,40,0.0004825592041015625
myr_51.npy,my,my,0.35804012417793274,joint,joint_41,41,0.00024813413619995117
myr_51.npy,my,my,0.35804012417793274,coordinate_axis,x,0,0.030712783336639404
myr_51.npy,my,my,0.35804012417793274,coordinate_axis,y,1,0.01592084765434265
myr_51.npy,my,my,0.35804012417793274,coordinate_axis,z,2,1.5020370483398438e-05
myr_54.npy,my,my,0.3576319217681885,joint,joint_00,0,0.0009323954582214355
myr_54.npy,my,my,0.3576319217681885,joint,joint_01,1,0.0031813085079193115
myr_54.npy,my,my,0.3576319217681885,joint,joint_02,2,0.0037480592727661133
myr_54.npy,my,my,0.3576319217681885,joint,joint_03,3,0.0026800930500030518
myr_54.npy,my,my,0.3576319217681885,joint,joint_04,4,0.004189819097518921
myr_54.npy,my,my,0.3576319217681885,joint,joint_05,5,0.002527683973312378
myr_54.npy,my,my,0.3576319217681885,joint,joint_06,6,0.0007253587245941162
myr_54.npy,my,my,0.3576319217681885,joint,joint_07,7,0.0023026764392852783
myr_54.npy,my,my,0.3576319217681885,joint,joint_08,8,0.0013337135314941406
myr_54.npy,my,my,0.3576319217681885,joint,joint_09,9,0.0010300278663635254
myr_54.npy,my,my,0.3576319217681885,joint,joint_10,10,-0.0010734498500823975
myr_54.npy,my,my,0.3576319217681885,joint,joint_11,11,0.001689225435256958
myr_54.npy,my,my,0.3576319217681885,joint,joint_12,12,0.00437656044960022
myr_54.npy,my,my,0.3576319217681885,joint,joint_13,13,0.0013357698917388916
myr_54.npy,my,my,0.3576319217681885,joint,joint_14,14,0.0006201565265655518
myr_54.npy,my,my,0.3576319217681885,joint,joint_15,15,0.0022145509719848633
myr_54.npy,my,my,0.3576319217681885,joint,joint_16,16,0.001900792121887207
myr_54.npy,my,my,0.3576319217681885,joint,joint_17,17,-6.815791130065918e-05
myr_54.npy,my,my,0.3576319217681885,joint,joint_18,18,0.0031154751777648926
myr_54.npy,my,my,0.3576319217681885,joint,joint_19,19,0.0003291964530944824
myr_54.npy,my,my,0.3576319217681885,joint,joint_20,20,0.004046976566314697
myr_54.npy,my,my,0.3576319217681885,joint,joint_21,21,0.0001855790615081787
myr_54.npy,my,my,0.3576319217681885,joint,joint_22,22,0.0014584064483642578
myr_54.npy,my,my,0.3576319217681885,joint,joint_23,23,0.0005249083042144775
myr_54.npy,my,my,0.3576319217681885,joint,joint_24,24,0.00021860003471374512
myr_54.npy,my,my,0.3576319217681885,joint,joint_25,25,0.00042364001274108887
myr_54.npy,my,my,0.3576319217681885,joint,joint_26,26,0.00021019577980041504
myr_54.npy,my,my,0.3576319217681885,joint,joint_27,27,2.3752450942993164e-05
myr_54.npy,my,my,0.3576319217681885,joint,joint_28,28,0.0001709461212158203
myr_54.npy,my,my,0.3576319217681885,joint,joint_29,29,-0.00038179755210876465
myr_54.npy,my,my,0.3576319217681885,joint,joint_30,30,0.0009779632091522217
myr_54.npy,my,my,0.3576319217681885,joint,joint_31,31,0.00014016032218933105
myr_54.npy,my,my,0.3576319217681885,joint,joint_32,32,-0.0006512105464935303
myr_54.npy,my,my,0.3576319217681885,joint,joint_33,33,2.327561378479004e-05
myr_54.npy,my,my,0.3576319217681885,joint,joint_34,34,0.0012230277061462402
myr_54.npy,my,my,0.3576319217681885,joint,joint_35,35,-0.00020948052406311035
myr_54.npy,my,my,0.3576319217681885,joint,joint_36,36,-0.0002282857894897461
myr_54.npy,my,my,0.3576319217681885,joint,joint_37,37,-0.0006777048110961914
myr_54.npy,my,my,0.3576319217681885,joint,joint_38,38,0.0011145174503326416
myr_54.npy,my,my,0.3576319217681885,joint,joint_39,39,-4.4018030166625977e-05
myr_54.npy,my,my,0.3576319217681885,joint,joint_40,40,0.00033286213874816895
myr_54.npy,my,my,0.3576319217681885,joint,joint_41,41,0.00017791986465454102
myr_54.npy,my,my,0.3576319217681885,coordinate_axis,x,0,0.030169427394866943
myr_54.npy,my,my,0.3576319217681885,coordinate_axis,y,1,0.01628538966178894
myr_54.npy,my,my,0.3576319217681885,coordinate_axis,z,2,-0.00020739436149597168
myr_69.npy,my,my,0.36226704716682434,joint,joint_00,0,0.0008200705051422119
myr_69.npy,my,my,0.36226704716682434,joint,joint_01,1,0.0033249258995056152
myr_69.npy,my,my,0.36226704716682434,joint,joint_02,2,0.002088695764541626
myr_69.npy,my,my,0.36226704716682434,joint,joint_03,3,0.002939164638519287
myr_69.npy,my,my,0.36226704716682434,joint,joint_04,4,0.00378301739692688
myr_69.npy,my,my,0.36226704716682434,joint,joint_05,5,0.0029498636722564697
myr_69.npy,my,my,0.36226704716682434,joint,joint_06,6,9.053945541381836e-05
myr_69.npy,my,my,0.36226704716682434,joint,joint_07,7,0.0010326206684112549
myr_69.npy,my,my,0.36226704716682434,joint,joint_08,8,0.0019479691982269287
myr_69.npy,my,my,0.36226704716682434,joint,joint_09,9,0.0020834505558013916
myr_69.npy,my,my,0.36226704716682434,joint,joint_10,10,-0.000944972038269043
myr_69.npy,my,my,0.36226704716682434,joint,joint_11,11,0.0025332272052764893
myr_69.npy,my,my,0.36226704716682434,joint,joint_12,12,0.00530359148979187
myr_69.npy,my,my,0.36226704716682434,joint,joint_13,13,0.001608431339263916
myr_69.npy,my,my,0.36226704716682434,joint,joint_14,14,0.0020068585872650146
myr_69.npy,my,my,0.36226704716682434,joint,joint_15,15,0.00418853759765625
myr_69.npy,my,my,0.36226704716682434,joint,joint_16,16,0.004121512174606323
myr_69.npy,my,my,0.36226704716682434,joint,joint_17,17,0.0009800195693969727
myr_69.npy,my,my,0.36226704716682434,joint,joint_18,18,0.004615694284439087
myr_69.npy,my,my,0.36226704716682434,joint,joint_19,19,0.0011417567729949951
myr_69.npy,my,my,0.36226704716682434,joint,joint_20,20,0.004918575286865234
myr_69.npy,my,my,0.36226704716682434,joint,joint_21,21,-2.5540590286254883e-05
myr_69.npy,my,my,0.36226704716682434,joint,joint_22,22,-0.00014224648475646973
myr_69.npy,my,my,0.36226704716682434,joint,joint_23,23,-7.843971252441406e-05
myr_69.npy,my,my,0.36226704716682434,joint,joint_24,24,1.0669231414794922e-05
myr_69.npy,my,my,0.36226704716682434,joint,joint_25,25,-4.646182060241699e-05
myr_69.npy,my,my,0.36226704716682434,joint,joint_26,26,-2.5480985641479492e-05
myr_69.npy,my,my,0.36226704716682434,joint,joint_27,27,-8.940696716308594e-07
myr_69.npy,my,my,0.36226704716682434,joint,joint_28,28,-3.0159950256347656e-05
myr_69.npy,my,my,0.36226704716682434,joint,joint_29,29,4.807114601135254e-05
myr_69.npy,my,my,0.36226704716682434,joint,joint_30,30,-0.00011751055717468262
myr_69.npy,my,my,0.36226704716682434,joint,joint_31,31,-2.434849739074707e-05
myr_69.npy,my,my,0.36226704716682434,joint,joint_32,32,4.9680471420288086e-05
myr_69.npy,my,my,0.36226704716682434,joint,joint_33,33,-2.518296241760254e-05
myr_69.npy,my,my,0.36226704716682434,joint,joint_34,34,-0.00012120604515075684
myr_69.npy,my,my,0.36226704716682434,joint,joint_35,35,2.9385089874267578e-05
myr_69.npy,my,my,0.36226704716682434,joint,joint_36,36,9.894371032714844e-06
myr_69.npy,my,my,0.36226704716682434,joint,joint_37,37,5.936622619628906e-05
myr_69.npy,my,my,0.36226704716682434,joint,joint_38,38,-0.00010636448860168457
myr_69.npy,my,my,0.36226704716682434,joint,joint_39,39,8.195638656616211e-06
myr_69.npy,my,my,0.36226704716682434,joint,joint_40,40,-4.914402961730957e-05
myr_69.npy,my,my,0.36226704716682434,joint,joint_41,41,-1.3768672943115234e-05
myr_69.npy,my,my,0.36226704716682434,coordinate_axis,x,0,0.04168906807899475
myr_69.npy,my,my,0.36226704716682434,coordinate_axis,y,1,0.009380429983139038
myr_69.npy,my,my,0.36226704716682434,coordinate_axis,z,2,-0.00036913156509399414
myr_70.npy,my,my,0.36226561665534973,joint,joint_00,0,0.0008325874805450439
myr_70.npy,my,my,0.36226561665534973,joint,joint_01,1,0.0033384859561920166
myr_70.npy,my,my,0.36226561665534973,joint,joint_02,2,0.0019505620002746582
myr_70.npy,my,my,0.36226561665534973,joint,joint_03,3,0.0027819275856018066
myr_70.npy,my,my,0.36226561665534973,joint,joint_04,4,0.0035134851932525635
myr_70.npy,my,my,0.36226561665534973,joint,joint_05,5,0.002935051918029785
myr_70.npy,my,my,0.36226561665534973,joint,joint_06,6,1.7911195755004883e-05
myr_70.npy,my,my,0.36226561665534973,joint,joint_07,7,0.0007792115211486816
myr_70.npy,my,my,0.36226561665534973,joint,joint_08,8,0.0018933415412902832
myr_70.npy,my,my,0.36226561665534973,joint,joint_09,9,0.0021868348121643066
myr_70.npy,my,my,0.36226561665534973,joint,joint_10,10,-0.0008975863456726074
myr_70.npy,my,my,0.36226561665534973,joint,joint_11,11,0.0025739669799804688
myr_70.npy,my,my,0.36226561665534973,joint,joint_12,12,0.005409568548202515
myr_70.npy,my,my,0.36226561665534973,joint,joint_13,13,0.0016165375709533691
myr_70.npy,my,my,0.36226561665534973,joint,joint_14,14,0.0020895302295684814
myr_70.npy,my,my,0.36226561665534973,joint,joint_15,15,0.004363566637039185
myr_70.npy,my,my,0.36226561665534973,joint,joint_16,16,0.0042563676834106445
myr_70.npy,my,my,0.36226561665534973,joint,joint_17,17,0.001072525978088379
myr_70.npy,my,my,0.36226561665534973,joint,joint_18,18,0.004687309265136719
myr_70.npy,my,my,0.36226561665534973,joint,joint_19,19,0.0011946558952331543
myr_70.npy,my,my,0.36226561665534973,joint,joint_20,20,0.0049284398555755615
myr_70.npy,my,my,0.36226561665534973,joint,joint_21,21,-2.5779008865356445e-05
myr_70.npy,my,my,0.36226561665534973,joint,joint_22,22,-0.00014206767082214355
myr_70.npy,my,my,0.36226561665534973,joint,joint_23,23,-7.814168930053711e-05
myr_70.npy,my,my,0.36226561665534973,joint,joint_24,24,1.0520219802856445e-05
myr_70.npy,my,my,0.36226561665534973,joint,joint_25,25,-4.684925079345703e-05
myr_70.npy,my,my,0.36226561665534973,joint,joint_26,26,-2.5391578674316406e-05
myr_70.npy,my,my,0.36226561665534973,joint,joint_27,27,-6.854534149169922e-07
myr_70.npy,my,my,0.36226561665534973,joint,joint_28,28,-3.0159950256347656e-05
myr_70.npy,my,my,0.36226561665534973,joint,joint_29,29,4.792213439941406e-05
myr_70.npy,my,my,0.36226561665534973,joint,joint_30,30,-0.00011754035949707031
myr_70.npy,my,my,0.36226561665534973,joint,joint_31,31,-2.4139881134033203e-05
myr_70.npy,my,my,0.36226561665534973,joint,joint_32,32,4.938244819641113e-05
myr_70.npy,my,my,0.36226561665534973,joint,joint_33,33,-2.5451183319091797e-05
myr_70.npy,my,my,0.36226561665534973,joint,joint_34,34,-0.00012105703353881836
myr_70.npy,my,my,0.36226561665534973,joint,joint_35,35,2.9355287551879883e-05
myr_70.npy,my,my,0.36226561665534973,joint,joint_36,36,9.685754776000977e-06
myr_70.npy,my,my,0.36226561665534973,joint,joint_37,37,5.924701690673828e-05
myr_70.npy,my,my,0.36226561665534973,joint,joint_38,38,-0.00010654330253601074
myr_70.npy,my,my,0.36226561665534973,joint,joint_39,39,8.13603401184082e-06
myr_70.npy,my,my,0.36226561665534973,joint,joint_40,40,-4.926323890686035e-05
myr_70.npy,my,my,0.36226561665534973,joint,joint_41,41,-1.3768672943115234e-05
myr_70.npy,my,my,0.36226561665534973,coordinate_axis,x,0,0.04222816228866577
myr_70.npy,my,my,0.36226561665534973,coordinate_axis,y,1,0.008951693773269653
myr_70.npy,my,my,0.36226561665534973,coordinate_axis,z,2,-0.0005141198635101318
myr_78.npy,my,father,0.3608707785606384,joint,joint_00,0,0.0007873177528381348
myr_78.npy,my,father,0.3608707785606384,joint,joint_01,1,0.0030930638313293457
myr_78.npy,my,father,0.3608707785606384,joint,joint_02,2,0.0020187795162200928
myr_78.npy,my,father,0.3608707785606384,joint,joint_03,3,0.0025707483291625977
myr_78.npy,my,father,0.3608707785606384,joint,joint_04,4,0.0032816827297210693
myr_78.npy,my,father,0.3608707785606384,joint,joint_05,5,0.0027503371238708496
myr_78.npy,my,father,0.3608707785606384,joint,joint_06,6,-1.65402889251709e-05
myr_78.npy,my,father,0.3608707785606384,joint,joint_07,7,0.0008895695209503174
myr_78.npy,my,father,0.3608707785606384,joint,joint_08,8,0.0018854141235351562
myr_78.npy,my,father,0.3608707785606384,joint,joint_09,9,0.0021138787269592285
myr_78.npy,my,father,0.3608707785606384,joint,joint_10,10,-0.0008775591850280762
myr_78.npy,my,father,0.3608707785606384,joint,joint_11,11,0.0024794340133666992
myr_78.npy,my,father,0.3608707785606384,joint,joint_12,12,0.00524824857711792
myr_78.npy,my,father,0.3608707785606384,joint,joint_13,13,0.0015183091163635254
myr_78.npy,my,father,0.3608707785606384,joint,joint_14,14,0.0021576285362243652
myr_78.npy,my,father,0.3608707785606384,joint,joint_15,15,0.00439143180847168
myr_78.npy,my,father,0.3608707785606384,joint,joint_16,16,0.0042400062084198
myr_78.npy,my,father,0.3608707785606384,joint,joint_17,17,0.0011128783226013184
myr_78.npy,my,father,0.3608707785606384,joint,joint_18,18,0.004551976919174194
myr_78.npy,my,father,0.3608707785606384,joint,joint_19,19,0.0012668967247009277
myr_78.npy,my,father,0.3608707785606384,joint,joint_20,20,0.004673361778259277
myr_78.npy,my,father,0.3608707785606384,joint,joint_21,21,-2.5331974029541016e-05
myr_78.npy,my,father,0.3608707785606384,joint,joint_22,22,-0.00014150142669677734
myr_78.npy,my,father,0.3608707785606384,joint,joint_23,23,-7.81714916229248e-05
myr_78.npy,my,father,0.3608707785606384,joint,joint_24,24,1.0162591934204102e-05
myr_78.npy,my,father,0.3608707785606384,joint,joint_25,25,-4.610419273376465e-05
myr_78.npy,my,father,0.3608707785606384,joint,joint_26,26,-2.562999725341797e-05
myr_78.npy,my,father,0.3608707785606384,joint,joint_27,27,-8.344650268554688e-07
myr_78.npy,my,father,0.3608707785606384,joint,joint_28,28,-3.0249357223510742e-05
myr_78.npy,my,father,0.3608707785606384,joint,joint_29,29,4.89354133605957e-05
myr_78.npy,my,father,0.3608707785606384,joint,joint_30,30,-0.00011780858039855957
myr_78.npy,my,father,0.3608707785606384,joint,joint_31,31,-2.428889274597168e-05
myr_78.npy,my,father,0.3608707785606384,joint,joint_32,32,4.881620407104492e-05
myr_78.npy,my,father,0.3608707785606384,joint,joint_33,33,-2.4497509002685547e-05
myr_78.npy,my,father,0.3608707785606384,joint,joint_34,34,-0.00012034177780151367
myr_78.npy,my,father,0.3608707785606384,joint,joint_35,35,2.9146671295166016e-05
myr_78.npy,my,father,0.3608707785606384,joint,joint_36,36,9.298324584960938e-06
myr_78.npy,my,father,0.3608707785606384,joint,joint_37,37,5.885958671569824e-05
myr_78.npy,my,father,0.3608707785606384,joint,joint_38,38,-0.00010654330253601074
myr_78.npy,my,father,0.3608707785606384,joint,joint_39,39,8.732080459594727e-06
myr_78.npy,my,father,0.3608707785606384,joint,joint_40,40,-4.941225051879883e-05
myr_78.npy,my,father,0.3608707785606384,joint,joint_41,41,-1.4007091522216797e-05
myr_78.npy,my,father,0.3608707785606384,coordinate_axis,x,0,0.0404416024684906
myr_78.npy,my,father,0.3608707785606384,coordinate_axis,y,1,0.009595423936843872
myr_78.npy,my,father,0.3608707785606384,coordinate_axis,z,2,-0.0007695853710174561
myr_99.npy,my,father,0.3520781099796295,joint,joint_00,0,0.000872492790222168
myr_99.npy,my,father,0.3520781099796295,joint,joint_01,1,0.0030615627765655518
myr_99.npy,my,father,0.3520781099796295,joint,joint_02,2,0.0036070048809051514
myr_99.npy,my,father,0.3520781099796295,joint,joint_03,3,0.001743316650390625
myr_99.npy,my,father,0.3520781099796295,joint,joint_04,4,0.0033209025859832764
myr_99.npy,my,father,0.3520781099796295,joint,joint_05,5,0.0016436874866485596
myr_99.npy,my,father,0.3520781099796295,joint,joint_06,6,0.0007660090923309326
myr_99.npy,my,father,0.3520781099796295,joint,joint_07,7,0.0016089081764221191
myr_99.npy,my,father,0.3520781099796295,joint,joint_08,8,0.00036534667015075684
myr_99.npy,my,father,0.3520781099796295,joint,joint_09,9,0.0002116560935974121
myr_99.npy,my,father,0.3520781099796295,joint,joint_10,10,-0.0008556544780731201
myr_99.npy,my,father,0.3520781099796295,joint,joint_11,11,0.0008466541767120361
myr_99.npy,my,father,0.3520781099796295,joint,joint_12,12,0.002715200185775757
myr_99.npy,my,father,0.3520781099796295,joint,joint_13,13,0.0008009374141693115
myr_99.npy,my,father,0.3520781099796295,joint,joint_14,14,0.0002639889717102051
myr_99.npy,my,father,0.3520781099796295,joint,joint_15,15,0.0014235973358154297
myr_99.npy,my,father,0.3520781099796295,joint,joint_16,16,0.0009785592555999756
myr_99.npy,my,father,0.3520781099796295,joint,joint_17,17,-0.00023624300956726074
myr_99.npy,my,father,0.3520781099796295,joint,joint_18,18,0.0022780299186706543
myr_99.npy,my,father,0.3520781099796295,joint,joint_19,19,0.00011295080184936523
myr_99.npy,my,father,0.3520781099796295,joint,joint_20,20,0.0021004974842071533
myr_99.npy,my,father,0.3520781099796295,joint,joint_21,21,0.0003286600112915039
myr_99.npy,my,father,0.3520781099796295,joint,joint_22,22,0.003575146198272705
myr_99.npy,my,father,0.3520781099796295,joint,joint_23,23,0.0016086697578430176
myr_99.npy,my,father,0.3520781099796295,joint,joint_24,24,-0.0002421736717224121
myr_99.npy,my,father,0.3520781099796295,joint,joint_25,25,0.0011916160583496094
myr_99.npy,my,father,0.3520781099796295,joint,joint_26,26,0.0005192756652832031
myr_99.npy,my,father,0.3520781099796295,joint,joint_27,27,-8.106231689453125e-05
myr_99.npy,my,father,0.3520781099796295,joint,joint_28,28,0.00041994452476501465
myr_99.npy,my,father,0.3520781099796295,joint,joint_29,29,-0.0011187493801116943
myr_99.npy,my,father,0.3520781099796295,joint,joint_30,30,0.002580106258392334
myr_99.npy,my,father,0.3520781099796295,joint,joint_31,31,0.0006582438945770264
myr_99.npy,my,father,0.3520781099796295,joint,joint_32,32,-0.0014009177684783936
myr_99.npy,my,father,0.3520781099796295,joint,joint_33,33,0.00040858983993530273
myr_99.npy,my,father,0.3520781099796295,joint,joint_34,34,0.0027641355991363525
myr_99.npy,my,father,0.3520781099796295,joint,joint_35,35,-0.0010824501514434814
myr_99.npy,my,father,0.3520781099796295,joint,joint_36,36,-0.0003256499767303467
myr_99.npy,my,father,0.3520781099796295,joint,joint_37,37,-0.0018038451671600342
myr_99.npy,my,father,0.3520781099796295,joint,joint_38,38,0.002432793378829956
myr_99.npy,my,father,0.3520781099796295,joint,joint_39,39,9.97781753540039e-05
myr_99.npy,my,father,0.3520781099796295,joint,joint_40,40,0.0014344453811645508
myr_99.npy,my,father,0.3520781099796295,joint,joint_41,41,0.0005914866924285889
myr_99.npy,my,father,0.3520781099796295,coordinate_axis,x,0,0.019982635974884033
myr_99.npy,my,father,0.3520781099796295,coordinate_axis,y,1,0.020777225494384766
myr_99.npy,my,father,0.3520781099796295,coordinate_axis,z,2,-0.00038000941276550293
